file_path,nosi,dit,cbo,rfc,loc,comparisonsQty,returnQty,wmc,lcom,totalMethods,loopQty,assignmentsQty,maxNestedBlocks,repo_name,repo_url,commit_sha,source_commit_used,commit_message,defect
src/main/java/org/apache/commons/lang3/LocaleUtils.java,29,1,37,71,172,168,52,45,22,22,0,38,4,commons-lang,https://github.com/apache/commons-lang.git,3df7f4440e7447bc55e95400ec511323e708c652,3df7f4440e7447bc55e95400ec511323e708c652,"[LANG-1823] LocaleUtils.toLocale cannot parse valid JDK Locale string containing '#'  (#1630)  * Add testLang1641()  * Rename some test methods  * [LANG-1823] LocaleUtils.toLocale cannot parse valid JDK Locale string containing '#' (e.g., from Locale.getAvailableLocales())  -[LANG-879] LocaleUtils test fails with new Locale ""ja_JP_JP_#u-ca-japanese"" of JDK7 - See https://docs.oracle.com/en/java/javase/25/docs/api/java.base/java/util/Locale.html#special_cases_constructor",0
src/main/java/org/apache/commons/lang3/math/NumberUtils.java,125,1,22,176,638,404,185,180,72,72,15,161,6,commons-lang,https://github.com/apache/commons-lang.git,fa59a31596ce37abe09c5f058c6f2e035f7c6677,fa59a31596ce37abe09c5f058c6f2e035f7c6677,[LANG-1821] NumberUtils.isCreatable fails for hexadecimal numbers with long type qualifier (#1629)  * Add testLang1641()  * Rename some test methods  * [LANG-1821] NumberUtils.isCreatable fails for hexadecimal numbers with long type qualifier,0
src/main/java/org/apache/commons/lang3/concurrent/BasicThreadFactory.java,11,1,9,24,112,83,30,22,14,18,0,21,3,commons-lang,https://github.com/apache/commons-lang.git,18d3020de7e62b04212cae5f81bd70a10ffa37f2,18d3020de7e62b04212cae5f81bd70a10ffa37f2,Javadoc  - Better docs for BasicThreadFactory's naming pattern - Use {@code},0
src/main/java/org/apache/commons/lang3/math/NumberUtils.java,125,1,22,174,631,402,184,178,72,72,15,160,6,commons-lang,https://github.com/apache/commons-lang.git,127050d2b54bd6224bc53573228e8774dc7be28b,127050d2b54bd6224bc53573228e8774dc7be28b,"NumberUtils.isCreatable(String) should match NumberUtils.createNumber(String), exactly (#1626)  * Add testLang1641()  * Rename some test methods  * NumberUtils.isCreatable(String) should match NumberUtils.createNumber(String), exactly  Add tests from PR #1623",0
src/main/java/org/apache/commons/lang3/ArchUtils.java,5,1,14,6,68,13,4,16,15,15,0,1,3,commons-lang,https://github.com/apache/commons-lang.git,bb675e1127adb7f7c8d8687667bc11779d8e75eb,23a730b8ed392ba424cc275df793dcae88f4cebe,"Add ""ppc64le"" to ArchUtils (#1625)  * Add testLang1641()  * Rename some test methods  * Add ""ppc64le"" to ArchUtils.  - See https://bugs.gentoo.org/972590   Bug 972590 - dev-java/commons-lang-3.20.0: java.lang.NullPointerException: Cannot invoke ""org.apache.commons.lang3.arch.Processor.toString()"" because ""<local1>"" is null - Like #1624 but with tests",1
src/main/java/org/apache/commons/lang3/concurrent/BackgroundInitializer.java,3,2,15,11,129,83,36,27,14,18,0,10,5,commons-lang,https://github.com/apache/commons-lang.git,23a730b8ed392ba424cc275df793dcae88f4cebe,7138b8c001b9c60176598a21c0d15db43f8d8a1f,No need to end exception messages with an exclamation!,1
src/main/java/org/apache/commons/lang3/concurrent/MultiBackgroundInitializer.java,3,2,11,32,121,116,23,21,11,11,1,11,5,commons-lang,https://github.com/apache/commons-lang.git,23a730b8ed392ba424cc275df793dcae88f4cebe,7138b8c001b9c60176598a21c0d15db43f8d8a1f,No need to end exception messages with an exclamation!,1
src/main/java/org/apache/commons/lang3/concurrent/TimedSemaphore.java,1,2,12,12,157,92,38,39,18,28,2,24,4,commons-lang,https://github.com/apache/commons-lang.git,23a730b8ed392ba424cc275df793dcae88f4cebe,7138b8c001b9c60176598a21c0d15db43f8d8a1f,No need to end exception messages with an exclamation!,1
src/main/java/org/apache/commons/lang3/CharSequenceUtils.java,7,1,0,63,211,157,52,68,13,13,9,43,5,commons-lang,https://github.com/apache/commons-lang.git,1da69ddc391bbafe8bb05aaf7e05ef2f46af804f,2c3fb23f331c9b5c68bff45ef0cbee19c1a0db30,Fix broken Javadoc HTML tags,1
src/main/java/org/apache/commons/lang3/LocaleUtils.java,29,1,36,70,169,160,50,44,22,22,0,36,4,commons-lang,https://github.com/apache/commons-lang.git,1da69ddc391bbafe8bb05aaf7e05ef2f46af804f,2c3fb23f331c9b5c68bff45ef0cbee19c1a0db30,Fix broken Javadoc HTML tags,1
src/main/java/org/apache/commons/lang3/builder/ToStringStyle.java,29,2,22,139,907,361,73,244,149,152,12,95,7,commons-lang,https://github.com/apache/commons-lang.git,1da69ddc391bbafe8bb05aaf7e05ef2f46af804f,2c3fb23f331c9b5c68bff45ef0cbee19c1a0db30,Fix broken Javadoc HTML tags,1
src/main/java/org/apache/commons/lang3/ObjectUtils.java,200,2,31,295,349,552,130,85,54,54,6,185,6,commons-lang,https://github.com/apache/commons-lang.git,1d25499cbce483544092bd69521ab62fcfdf775f,ae89768b9b58be04332ce4cba4d2c27ad2ad3783,[LANG-1820][javadoc] Fix ObjectUtils.anyNull(Object) for empty arrays,1
src/main/java/org/apache/commons/lang3/RandomStringUtils.java,20,1,17,51,294,275,89,84,52,52,3,43,5,commons-lang,https://github.com/apache/commons-lang.git,bd247e45f3edf3d9670398aae63588f2057107ca,bd247e45f3edf3d9670398aae63588f2057107ca,Use String.format(),0
src/main/java/org/apache/commons/lang3/ArrayUtils.java,642,2,71,843,3256,3609,906,937,401,401,134,1020,5,commons-lang,https://github.com/apache/commons-lang.git,c28cc55f0db71abcd82b6a8606dfa29d6ed73f92,7f07c8273b517c0a0bbdb1eda8156a87b51086b9,LANG-1819: Fix ArrayUtils.removeAll() Javadoc for null array input (#1614)  * updated the javadoc for Arrayutils.removeAll to match the implementation which returns null in case of null input  * fixed the grammar  * fixed the grammar,1
src/main/java/org/apache/commons/lang3/time/StopWatch.java,24,2,29,49,315,225,73,67,48,52,0,30,4,commons-lang,https://github.com/apache/commons-lang.git,677e57f56bfae93af520637d47a615013c930266,db1352609787ccdbb2e34be9e7d2e647eacc91cc,Fix NullPointerException in StopWatch.getStopTime(),1
src/main/java/org/apache/commons/lang3/time/StopWatch.java,22,2,29,47,313,225,73,67,48,52,0,28,4,commons-lang,https://github.com/apache/commons-lang.git,aa47951bd0223d674d2b85d06ccc6f7f1749a682,185edc4b8594e20d81baad65a199a211e2137616,fix: Make stopInstant be in sync with stopTimeNanos for split (#1610)  * fix: Make stopInstant in sync with stopTimeNanos  * Fix trailing whitespace  ---------  Co-authored-by: Gary Gregory <garydgregory@users.noreply.github.com>,1
src/main/java/org/apache/commons/lang3/time/DateUtils.java,40,1,29,176,543,556,229,115,69,69,5,81,8,commons-lang,https://github.com/apache/commons-lang.git,31844842416cf04d8fe3a0c4bf266778faec6842,31844842416cf04d8fe3a0c4bf266778faec6842,Reuse constants  Format tweaks,0
src/main/java/org/apache/commons/lang3/time/DateUtils.java,40,1,29,174,542,555,229,116,70,70,5,80,8,commons-lang,https://github.com/apache/commons-lang.git,a9a0dd8a72c51b14f0e5ea4bddfbf228685ff977,b56c6882fb2d1bb3eb21adea3ae95c3856ea4b5c,LANG-771 Fix DateUtils.ceiling increment on exact boundary (#1609)  * LANG-771 Fix DateUtils.ceiling increment on exact boundary  * Fix Checkstyle violations for LANG-771  * LANG-771 Add edge case tests for DateUtils.ceiling()  Add tests for: - Epoch (0) - Negative date (-1) - Long.MIN_VALUE and Long.MAX_VALUE handling - Minute boundary case,1
src/main/java/org/apache/commons/lang3/CharSet.java,24,1,13,54,91,130,17,18,8,8,1,24,4,commons-lang,https://github.com/apache/commons-lang.git,2eca27e38219fadb4b685024d6065680e1f71000,7ebab00f402277ef061410a7a51deb9c3e5aa93b,[Javadoc]: Add usage examples to `CharSet.contains` Javadoc (#1605)  * [Javadoc]: Add usage examples to `CharSet.contains` Javadoc  * [Javadoc]: Fix minor punctuation in `CharSet.contains` Javadoc  * [Javadoc]: Standardize parameter description in `CharSet.contains` Javadoc - revert to original form  * [Javadoc]: Expand and copy examples in `CharSet.contains` Javadoc for clarification from class level.  * Clarify examples for negation character in CharSet  Updated example description to clarify usage of negation character.  ---------  Co-authored-by: Gary Gregory <garydgregory@users.noreply.github.com>,1
src/main/java/org/apache/commons/lang3/StringUtils.java,1949,2,55,2413,2602,3475,884,739,279,279,91,2243,7,commons-lang,https://github.com/apache/commons-lang.git,4a6a98432f57e6286ba48777268a26b68dfd9547,e23f95374d89c828562c788b8373609d46dd5b07,"StringUtils.abbreviate(String, String, int) contract violations (#1572)  * add unit tests showing mishandling of null abbrevMarker  * fix handling of null abbrevMarker  - treat null marker as empty string - ensure offset and maxWidth are applied as usual (simple 'substring' won't cut it)  * add unit tests showing 'abbreviate' contract violations  - Abbreviated strings should always retain the 'offset' character  * remove surplus blank lines from tests  * fix StringUtils.abbreviate for short strings  Adjust logic so it doesn't overwrite the offset value and get confused about which character to preserve.  Instead, just return immediately if the offset is so close to the end that no ending abbrevMarker is possible.",1
src/main/java/org/apache/commons/lang3/ClassUtils.java,111,1,36,265,628,1074,185,140,48,48,13,123,7,commons-lang,https://github.com/apache/commons-lang.git,4052e9862bf540f0b294bcf58aad5b5e85eae4ad,7bcb03a49923bc12f7e3f2c04912d0925f178978,LANG-1818: Fix ClassUtils.getShortClassName(Class) to correctly handle $ in valid class names (#1591)  * fix lang-1818  * fix review comments  * Checkstyle  ---------  Co-authored-by: Gary Gregory <garydgregory@users.noreply.github.com>,1
src/main/java/org/apache/commons/lang3/text/StrBuilder.java,60,2,58,185,1347,573,360,375,163,169,32,209,6,commons-lang,https://github.com/apache/commons-lang.git,7bcb03a49923bc12f7e3f2c04912d0925f178978,c477140acaa10ad56c203dfc8209f657091f3a3d,"Fix StringIndexOutOfBoundsException message in StrBuilder.append(char[], int, int)",1
src/main/java/org/apache/commons/lang3/ArrayUtils.java,641,2,71,842,3241,3608,900,931,400,400,133,1021,5,commons-lang,https://github.com/apache/commons-lang.git,52c06bea2f2b6c277c517dc9f5bb0d62d17e073c,9bca5d09c6d16a5524a3cd1d38305687ad7fdca4,fix LANG-1816 (#1589),1
src/main/java/org/apache/commons/lang3/builder/RecursiveToStringStyle.java,2,2,6,11,31,47,3,6,5,5,0,7,3,commons-lang,https://github.com/apache/commons-lang.git,1418a770ba436d15693c3bb29a67e501c2008274,1418a770ba436d15693c3bb29a67e501c2008274,[LANG-1452] RecursiveToStringStyle and MultilineRecursiveToStringStyle shouldn't recurse into a java.math.BigDecimal (#1584)  * Add testLang1641()  * Rename some test methods  * [LANG-1452] RecursiveToStringStyle and MultilineRecursiveToStringStyle shouldn't recurse into a java.math.BigDecimal  - We already don't recurse into a Decimal and other boxed primitive. - Don't recurse into Number subclasses. - Don't recurse into AtomicBoolean.,0
src/main/java/org/apache/commons/lang3/DoubleRange.java,3,2,1,13,16,34,8,4,4,4,0,2,2,commons-lang,https://github.com/apache/commons-lang.git,6f2a1062a9f81ece8b039400b34ad1482a35167a,b076e478e2b2fff603d75b1628430a47dfb88f53,Fix Javadoc @throws,1
src/main/java/org/apache/commons/lang3/IntegerRange.java,4,2,2,14,20,34,10,5,5,5,0,2,2,commons-lang,https://github.com/apache/commons-lang.git,6f2a1062a9f81ece8b039400b34ad1482a35167a,b076e478e2b2fff603d75b1628430a47dfb88f53,Fix Javadoc @throws,1
src/main/java/org/apache/commons/lang3/LongRange.java,4,2,2,14,20,34,10,5,5,5,0,2,2,commons-lang,https://github.com/apache/commons-lang.git,6f2a1062a9f81ece8b039400b34ad1482a35167a,b076e478e2b2fff603d75b1628430a47dfb88f53,Fix Javadoc @throws,1
src/main/java/org/apache/commons/lang3/NumberRange.java,0,2,1,0,8,12,0,1,1,1,0,1,2,commons-lang,https://github.com/apache/commons-lang.git,6f2a1062a9f81ece8b039400b34ad1482a35167a,b076e478e2b2fff603d75b1628430a47dfb88f53,Fix Javadoc @throws,1
src/main/java/org/apache/commons/lang3/DoubleRange.java,3,2,1,13,16,34,8,4,4,4,0,2,2,commons-lang,https://github.com/apache/commons-lang.git,b076e478e2b2fff603d75b1628430a47dfb88f53,151b1c3d35652992774a563a6ac963b6a045b1c5,Fix JavaDoc to reflect actual exception type thrown (IllegalArgumentException to NullPointerException) (#1581),1
src/main/java/org/apache/commons/lang3/ClassUtils.java,111,1,36,265,628,1074,185,140,48,48,13,123,7,commons-lang,https://github.com/apache/commons-lang.git,b6224451728562b0a4b33b63e8589753b1e2a57c,c4ea2b0113b28b9d861acefc296f277e2eddaf9f,Fix ClassNotFoundException message variable (#1577)  * Fix ClassNotFoundException message variable  * Improve exception assertion in ClassUtilsTest  Update exception handling in assertGetClassThrowsException method to capture and verify exception messages.  * Fix indentation.  ---------  Co-authored-by: Gary Gregory <garydgregory@users.noreply.github.com>,1
src/main/java/org/apache/commons/lang3/BitField.java,1,1,5,14,60,51,35,18,18,18,0,11,2,commons-lang,https://github.com/apache/commons-lang.git,f2bdb0cb74a08b15439abf18df6ac2b52549394a,d68bf970beb14fa569e7e629c625ba48c01c2ddc,Add long support to `BitField` (#1561)  * Add testLang1641()  * Rename some test methods  * Add long support to BitField  * Remove unnecessary blank line in BitFieldTest  * Fix missing newline at end of file  Add missing newline at the end of BitFieldLongTest.java  * Fix return value  * Use final  * Add more tests,1
src/main/java/org/apache/commons/lang3/math/NumberUtils.java,131,1,23,182,709,425,200,204,75,75,18,178,6,commons-lang,https://github.com/apache/commons-lang.git,386af293e1f460d19ee4e5b8ddf795e302f16934,3c1827f39a6c1b652d95b1fe4231b6ffd984963a,Fix NumberUtils.isParsable duplicate Long::parseLong (#1570),1
src/main/java/org/apache/commons/lang3/time/FastDateParser.java,32,2,70,156,634,124,90,108,57,58,11,131,6,commons-lang,https://github.com/apache/commons-lang.git,55611938b170e8b58d31212a888fbdd7c17b2e9f,2f3361d9d6d46fe296287cbce2cafe1807e01aac,Better exception messages from FastDateParser.parse(String),1
src/main/java/org/apache/commons/lang3/StringUtils.java,1950,2,55,2414,2602,3473,885,739,279,279,91,2242,7,commons-lang,https://github.com/apache/commons-lang.git,4a5ef8ed29f0c135627f43b58c7ab7b6defe37b7,67f50236bf337e20c6daa987d4d42c4fedb482ce,"Fix handling of null marker in StringUtils.abbreviate(String, String, int, int)  (#1571)  * add unit tests showing mishandling of null abbrevMarker  * fix handling of null abbrevMarker  - treat null marker as empty string - ensure offset and maxWidth are applied as usual (simple 'substring' won't cut it)",1
src/main/java/org/apache/commons/lang3/StringUtils.java,1950,2,55,2414,2602,3473,885,739,279,279,91,2242,7,commons-lang,https://github.com/apache/commons-lang.git,2f07d02fca0a66144b7106298fd9eb207783fecc,52b1a3a8f3d1b11a8c2e30f058e97e28e470be37,'abbreviate' contract violations (#1490)  * add unit tests showing 'abbreviate' contract violations  * add unit tests showing mishandling of null abbrevMarker  * fix handling of null abbrevMarker  - treat null marker as empty string - ensure offset and maxWidth are applied as usual (simple 'substring' won't cut it),1
src/main/java/org/apache/commons/lang3/math/NumberUtils.java,131,1,23,182,709,425,200,204,75,75,18,178,6,commons-lang,https://github.com/apache/commons-lang.git,8089a0c2d3207ed26531f877352336baf1c6c5bb,8089a0c2d3207ed26531f877352336baf1c6c5bb,"[LANG-1806] NumberUtils.isParsable(""1.f"") should return true (#1560)  * Add testLang1641()  * Rename some test methods  * [LANG-1806] NumberUtils.isParsable(""1.f"") should return true  - Return true for numbers like 1.2e-5d and 1.2e-5f - Use a regular expression  * [LANG-1806] NumberUtils.isParsable(""1.f"") should return true  - Return true for numbers like 1.2e-5d and 1.2e-5f - Return true when one of the following would work: -- Double.parseDouble(String) -- Float.parseFloat(String) -- Long.parseLong(String) -- Integer.parseInteger(String)  There are so many cases that it's simpler to try to parse and catch exceptions, instead of re-creating all the parsing rules from the JRE. The only downside is that number instances are created and discarded.",0
src/main/java/org/apache/commons/lang3/RegExUtils.java,257,1,3,306,92,514,44,26,21,21,0,170,3,commons-lang,https://github.com/apache/commons-lang.git,fee3e32155d684487798004a0b6d0826e2a5b451,8f6f7f88db031a20a06a2217f38884bbf2370927,[javadoc] Fix incorrect class names in RegExUtils Javadoc examples (#1564)  Co-authored-by: gaf <gide1011@h-ka.de>,1
src/main/java/org/apache/commons/lang3/CharUtils.java,109,1,2,117,99,184,55,28,26,26,0,100,3,commons-lang,https://github.com/apache/commons-lang.git,2909b27c7a556279dfcdea5fed04f0a860b71a44,30f0781de81c57654740e653e74e757e720939ba,[javadoc] Fix incorrect exception type in Javadoc example (#1563)  Co-authored-by: gaf <gide1011@h-ka.de>,1
src/main/java/org/apache/commons/lang3/ArrayUtils.java,631,2,69,829,3108,3550,891,893,389,389,116,975,5,commons-lang,https://github.com/apache/commons-lang.git,d9de2fd5b8c65506b1ab14df631cc26ffcd647dc,d9de2fd5b8c65506b1ab14df631cc26ffcd647dc,[LANG-1810] Deprecate SOFT_MAX_ARRAY_LENGTH in favor of MAX_ARRAY_LENGTH (#1559)  * [LANG-1810] Deprecate SOFT_MAX_ARRAY_LENGTH in favor of MAX_ARRAY_LENGTH  * [LANG-1810] Add test coverage for MAX_ARRAY_LENGTH  * [LANG-1810] Rename new constant to SAFE_MAX_ARRAY_LENGTH and update Javadoc  ---------  Co-authored-by: yelimkoo <lydia@tooning.io>,0
src/main/java/org/apache/commons/lang3/AnnotationUtils.java,24,2,11,83,203,49,50,55,13,13,4,15,6,commons-lang,https://github.com/apache/commons-lang.git,48d6e758f79255da5a1e307a2bbcfa60726ad8a0,48d6e758f79255da5a1e307a2bbcfa60726ad8a0,"Use a code comment, not Javadoc inside a method",0
src/main/java/org/apache/commons/lang3/BooleanUtils.java,255,1,11,291,366,367,159,103,47,47,4,199,5,commons-lang,https://github.com/apache/commons-lang.git,48d6e758f79255da5a1e307a2bbcfa60726ad8a0,48d6e758f79255da5a1e307a2bbcfa60726ad8a0,"Use a code comment, not Javadoc inside a method",0
src/main/java/org/apache/commons/lang3/CachedRandomBits.java,3,1,4,5,43,84,2,7,1,2,1,18,4,commons-lang,https://github.com/apache/commons-lang.git,48d6e758f79255da5a1e307a2bbcfa60726ad8a0,48d6e758f79255da5a1e307a2bbcfa60726ad8a0,"Use a code comment, not Javadoc inside a method",0
src/main/java/org/apache/commons/lang3/CharRange.java,3,1,12,8,153,74,35,39,19,21,0,24,6,commons-lang,https://github.com/apache/commons-lang.git,48d6e758f79255da5a1e307a2bbcfa60726ad8a0,48d6e758f79255da5a1e307a2bbcfa60726ad8a0,"Use a code comment, not Javadoc inside a method",0
src/main/java/org/apache/commons/lang3/ObjectUtils.java,200,2,31,295,349,552,130,85,54,54,6,185,6,commons-lang,https://github.com/apache/commons-lang.git,48d6e758f79255da5a1e307a2bbcfa60726ad8a0,48d6e758f79255da5a1e307a2bbcfa60726ad8a0,"Use a code comment, not Javadoc inside a method",0
src/main/java/org/apache/commons/lang3/builder/HashCodeBuilder.java,20,1,17,39,277,215,66,82,46,47,11,34,5,commons-lang,https://github.com/apache/commons-lang.git,48d6e758f79255da5a1e307a2bbcfa60726ad8a0,48d6e758f79255da5a1e307a2bbcfa60726ad8a0,"Use a code comment, not Javadoc inside a method",0
src/main/java/org/apache/commons/lang3/builder/ToStringBuilder.java,18,1,5,74,271,185,122,71,64,66,0,10,3,commons-lang,https://github.com/apache/commons-lang.git,48d6e758f79255da5a1e307a2bbcfa60726ad8a0,48d6e758f79255da5a1e307a2bbcfa60726ad8a0,"Use a code comment, not Javadoc inside a method",0
src/main/java/org/apache/commons/lang3/builder/ToStringStyle.java,29,2,22,139,907,361,73,244,149,152,12,95,7,commons-lang,https://github.com/apache/commons-lang.git,48d6e758f79255da5a1e307a2bbcfa60726ad8a0,48d6e758f79255da5a1e307a2bbcfa60726ad8a0,"Use a code comment, not Javadoc inside a method",0
src/main/java/org/apache/commons/lang3/concurrent/AbstractCircuitBreaker.java,0,1,4,6,61,23,7,12,11,11,0,3,4,commons-lang,https://github.com/apache/commons-lang.git,48d6e758f79255da5a1e307a2bbcfa60726ad8a0,48d6e758f79255da5a1e307a2bbcfa60726ad8a0,"Use a code comment, not Javadoc inside a method",0
src/main/java/org/apache/commons/lang3/concurrent/BackgroundInitializer.java,3,2,15,11,129,83,36,27,14,18,0,10,5,commons-lang,https://github.com/apache/commons-lang.git,48d6e758f79255da5a1e307a2bbcfa60726ad8a0,48d6e758f79255da5a1e307a2bbcfa60726ad8a0,"Use a code comment, not Javadoc inside a method",0
src/main/java/org/apache/commons/lang3/concurrent/CallableBackgroundInitializer.java,1,2,6,4,27,54,3,4,4,4,0,5,2,commons-lang,https://github.com/apache/commons-lang.git,48d6e758f79255da5a1e307a2bbcfa60726ad8a0,48d6e758f79255da5a1e307a2bbcfa60726ad8a0,"Use a code comment, not Javadoc inside a method",0
src/main/java/org/apache/commons/lang3/concurrent/CircuitBreakingException.java,0,2,0,0,15,0,0,4,4,4,0,1,2,commons-lang,https://github.com/apache/commons-lang.git,48d6e758f79255da5a1e307a2bbcfa60726ad8a0,48d6e758f79255da5a1e307a2bbcfa60726ad8a0,"Use a code comment, not Javadoc inside a method",0
src/main/java/org/apache/commons/lang3/concurrent/ConcurrentException.java,2,2,1,2,16,4,0,4,4,4,0,1,2,commons-lang,https://github.com/apache/commons-lang.git,48d6e758f79255da5a1e307a2bbcfa60726ad8a0,48d6e758f79255da5a1e307a2bbcfa60726ad8a0,"Use a code comment, not Javadoc inside a method",0
src/main/java/org/apache/commons/lang3/concurrent/ConcurrentRuntimeException.java,2,2,0,2,12,4,0,3,3,3,0,1,2,commons-lang,https://github.com/apache/commons-lang.git,48d6e758f79255da5a1e307a2bbcfa60726ad8a0,48d6e758f79255da5a1e307a2bbcfa60726ad8a0,"Use a code comment, not Javadoc inside a method",0
src/main/java/org/apache/commons/lang3/concurrent/ConcurrentUtils.java,4,1,10,21,107,166,34,24,14,14,0,5,3,commons-lang,https://github.com/apache/commons-lang.git,48d6e758f79255da5a1e307a2bbcfa60726ad8a0,48d6e758f79255da5a1e307a2bbcfa60726ad8a0,"Use a code comment, not Javadoc inside a method",0
src/main/java/org/apache/commons/lang3/concurrent/EventCountCircuitBreaker.java,2,2,15,31,162,168,40,35,29,29,1,19,3,commons-lang,https://github.com/apache/commons-lang.git,48d6e758f79255da5a1e307a2bbcfa60726ad8a0,48d6e758f79255da5a1e307a2bbcfa60726ad8a0,"Use a code comment, not Javadoc inside a method",0
src/main/java/org/apache/commons/lang3/concurrent/MultiBackgroundInitializer.java,3,2,11,32,121,116,23,21,11,11,1,11,5,commons-lang,https://github.com/apache/commons-lang.git,48d6e758f79255da5a1e307a2bbcfa60726ad8a0,48d6e758f79255da5a1e307a2bbcfa60726ad8a0,"Use a code comment, not Javadoc inside a method",0
src/main/java/org/apache/commons/lang3/concurrent/ThresholdCircuitBreaker.java,0,2,3,4,34,40,4,9,6,6,0,8,3,commons-lang,https://github.com/apache/commons-lang.git,48d6e758f79255da5a1e307a2bbcfa60726ad8a0,48d6e758f79255da5a1e307a2bbcfa60726ad8a0,"Use a code comment, not Javadoc inside a method",0
src/main/java/org/apache/commons/lang3/event/EventListenerSupport.java,12,1,23,31,114,70,12,21,16,16,2,13,5,commons-lang,https://github.com/apache/commons-lang.git,48d6e758f79255da5a1e307a2bbcfa60726ad8a0,48d6e758f79255da5a1e307a2bbcfa60726ad8a0,"Use a code comment, not Javadoc inside a method",0
src/main/java/org/apache/commons/lang3/exception/ContextedException.java,1,2,9,15,67,61,13,19,14,14,0,11,3,commons-lang,https://github.com/apache/commons-lang.git,48d6e758f79255da5a1e307a2bbcfa60726ad8a0,48d6e758f79255da5a1e307a2bbcfa60726ad8a0,"Use a code comment, not Javadoc inside a method",0
src/main/java/org/apache/commons/lang3/exception/ContextedRuntimeException.java,1,2,9,15,67,61,13,19,14,14,0,11,3,commons-lang,https://github.com/apache/commons-lang.git,48d6e758f79255da5a1e307a2bbcfa60726ad8a0,48d6e758f79255da5a1e307a2bbcfa60726ad8a0,"Use a code comment, not Javadoc inside a method",0
src/main/java/org/apache/commons/lang3/function/Failable.java,22,2,22,51,213,432,62,54,34,34,1,20,6,commons-lang,https://github.com/apache/commons-lang.git,48d6e758f79255da5a1e307a2bbcfa60726ad8a0,48d6e758f79255da5a1e307a2bbcfa60726ad8a0,"Use a code comment, not Javadoc inside a method",0
src/main/java/org/apache/commons/lang3/math/NumberUtils.java,134,1,22,188,730,447,205,211,75,75,19,184,6,commons-lang,https://github.com/apache/commons-lang.git,48d6e758f79255da5a1e307a2bbcfa60726ad8a0,48d6e758f79255da5a1e307a2bbcfa60726ad8a0,"Use a code comment, not Javadoc inside a method",0
src/main/java/org/apache/commons/lang3/text/CompositeFormat.java,0,2,4,2,33,8,10,5,5,5,0,5,2,commons-lang,https://github.com/apache/commons-lang.git,48d6e758f79255da5a1e307a2bbcfa60726ad8a0,48d6e758f79255da5a1e307a2bbcfa60726ad8a0,"Use a code comment, not Javadoc inside a method",0
src/main/java/org/apache/commons/lang3/text/StrBuilder.java,60,2,58,185,1347,573,360,375,163,169,32,209,6,commons-lang,https://github.com/apache/commons-lang.git,48d6e758f79255da5a1e307a2bbcfa60726ad8a0,48d6e758f79255da5a1e307a2bbcfa60726ad8a0,"Use a code comment, not Javadoc inside a method",0
src/main/java/org/apache/commons/lang3/text/StrLookup.java,4,2,4,7,40,93,13,6,5,5,0,6,4,commons-lang,https://github.com/apache/commons-lang.git,48d6e758f79255da5a1e307a2bbcfa60726ad8a0,48d6e758f79255da5a1e307a2bbcfa60726ad8a0,"Use a code comment, not Javadoc inside a method",0
src/main/java/org/apache/commons/lang3/text/StrMatcher.java,6,2,19,14,136,48,49,29,21,21,1,16,5,commons-lang,https://github.com/apache/commons-lang.git,48d6e758f79255da5a1e307a2bbcfa60726ad8a0,48d6e758f79255da5a1e307a2bbcfa60726ad8a0,"Use a code comment, not Javadoc inside a method",0
src/main/java/org/apache/commons/lang3/text/StrSubstitutor.java,21,1,30,98,415,343,107,101,52,58,4,85,10,commons-lang,https://github.com/apache/commons-lang.git,48d6e758f79255da5a1e307a2bbcfa60726ad8a0,48d6e758f79255da5a1e307a2bbcfa60726ad8a0,"Use a code comment, not Javadoc inside a method",0
src/main/java/org/apache/commons/lang3/text/StrTokenizer.java,26,1,18,70,423,278,111,105,64,68,4,61,6,commons-lang,https://github.com/apache/commons-lang.git,48d6e758f79255da5a1e307a2bbcfa60726ad8a0,48d6e758f79255da5a1e307a2bbcfa60726ad8a0,"Use a code comment, not Javadoc inside a method",0
src/main/java/org/apache/commons/lang3/text/translate/NumericEntityEscaper.java,1,2,4,4,43,12,11,10,7,7,0,5,4,commons-lang,https://github.com/apache/commons-lang.git,48d6e758f79255da5a1e307a2bbcfa60726ad8a0,48d6e758f79255da5a1e307a2bbcfa60726ad8a0,"Use a code comment, not Javadoc inside a method",0
src/main/java/org/apache/commons/lang3/text/translate/UnicodeEscaper.java,0,2,4,6,52,19,13,13,9,9,0,5,4,commons-lang,https://github.com/apache/commons-lang.git,48d6e758f79255da5a1e307a2bbcfa60726ad8a0,48d6e758f79255da5a1e307a2bbcfa60726ad8a0,"Use a code comment, not Javadoc inside a method",0
src/main/java/org/apache/commons/lang3/time/CalendarUtils.java,8,1,12,21,80,4,34,19,18,18,0,6,3,commons-lang,https://github.com/apache/commons-lang.git,48d6e758f79255da5a1e307a2bbcfa60726ad8a0,48d6e758f79255da5a1e307a2bbcfa60726ad8a0,"Use a code comment, not Javadoc inside a method",0
src/main/java/org/apache/commons/lang3/time/DateUtils.java,40,1,29,174,542,555,229,116,70,70,5,80,8,commons-lang,https://github.com/apache/commons-lang.git,48d6e758f79255da5a1e307a2bbcfa60726ad8a0,48d6e758f79255da5a1e307a2bbcfa60726ad8a0,"Use a code comment, not Javadoc inside a method",0
src/main/java/org/apache/commons/lang3/time/FastDateFormat.java,19,2,14,45,183,54,76,43,42,42,0,10,5,commons-lang,https://github.com/apache/commons-lang.git,48d6e758f79255da5a1e307a2bbcfa60726ad8a0,48d6e758f79255da5a1e307a2bbcfa60726ad8a0,"Use a code comment, not Javadoc inside a method",0
src/main/java/org/apache/commons/lang3/time/FastDateParser.java,32,2,70,156,634,124,90,108,57,58,11,131,6,commons-lang,https://github.com/apache/commons-lang.git,48d6e758f79255da5a1e307a2bbcfa60726ad8a0,48d6e758f79255da5a1e307a2bbcfa60726ad8a0,"Use a code comment, not Javadoc inside a method",0
src/main/java/org/apache/commons/lang3/time/FastDatePrinter.java,16,2,54,136,829,116,74,121,58,58,10,150,9,commons-lang,https://github.com/apache/commons-lang.git,48d6e758f79255da5a1e307a2bbcfa60726ad8a0,48d6e758f79255da5a1e307a2bbcfa60726ad8a0,"Use a code comment, not Javadoc inside a method",0
src/main/java/org/apache/commons/lang3/tuple/ImmutableTriple.java,3,2,1,3,42,73,11,8,8,8,0,6,2,commons-lang,https://github.com/apache/commons-lang.git,48d6e758f79255da5a1e307a2bbcfa60726ad8a0,48d6e758f79255da5a1e307a2bbcfa60726ad8a0,"Use a code comment, not Javadoc inside a method",0
src/main/java/org/apache/commons/lang3/tuple/MutableTriple.java,3,2,1,3,47,54,9,11,8,11,0,8,2,commons-lang,https://github.com/apache/commons-lang.git,48d6e758f79255da5a1e307a2bbcfa60726ad8a0,48d6e758f79255da5a1e307a2bbcfa60726ad8a0,"Use a code comment, not Javadoc inside a method",0
src/main/java/org/apache/commons/lang3/reflect/TypeUtils.java,57,2,42,250,947,563,234,269,94,96,31,130,6,commons-lang,https://github.com/apache/commons-lang.git,8f8cc04e65506fbe79bbc5efa6f7d44d65f0dbf1,71d4f3d17f029c16e0783f39d1fbf1ad88bedacf,[LANG-1700] Improve handling of parameterized types and variable unrolling (#1549)  * LANG-1700 Improve handling of parameterized types and variable unrolling  Enhanced `TypeUtils` to correctly handle parameterized types with nested generic arguments and improve unrolling of type variables. Updated `unrollVariables` to prevent infinite recursion by handling visited `TypeVariable` instances. Modified argument cloning to avoid in-place mutations. Added unit tests to validate behavior against complex parameterized types and ensure accurate assignability checks.  * Fix iterator method signature in MyException class  ---------  Co-authored-by: Gary Gregory <garydgregory@users.noreply.github.com>,1
src/main/java/org/apache/commons/lang3/CharSequenceUtils.java,7,1,0,63,211,157,52,68,13,13,9,43,5,commons-lang,https://github.com/apache/commons-lang.git,8b91981bf647312d2b0af0cc5d00d42f5d843868,8b91981bf647312d2b0af0cc5d00d42f5d843868,Add comment,0
src/main/java/org/apache/commons/lang3/time/DateUtils.java,40,1,29,174,542,555,229,116,70,70,5,80,8,commons-lang,https://github.com/apache/commons-lang.git,ec66903b6519dfc776147988932712172568a5e0,2fd51f6092bd88feba934bb8949241983d319a44,"Javadoc: Fix double ""to""",1
src/main/java/org/apache/commons/lang3/mutable/MutableBoolean.java,6,1,3,9,65,13,19,17,15,16,0,7,3,commons-lang,https://github.com/apache/commons-lang.git,2fd51f6092bd88feba934bb8949241983d319a44,8e2297bee5f7904b17552890292a81392139dba2,Javadoc: Fix double the,1
src/main/java/org/apache/commons/lang3/mutable/MutableByte.java,5,2,1,12,125,13,39,32,30,31,0,18,3,commons-lang,https://github.com/apache/commons-lang.git,2fd51f6092bd88feba934bb8949241983d319a44,8e2297bee5f7904b17552890292a81392139dba2,Javadoc: Fix double the,1
src/main/java/org/apache/commons/lang3/mutable/MutableDouble.java,10,2,2,19,127,43,40,32,31,32,0,19,2,commons-lang,https://github.com/apache/commons-lang.git,2fd51f6092bd88feba934bb8949241983d319a44,8e2297bee5f7904b17552890292a81392139dba2,Javadoc: Fix double the,1
src/main/java/org/apache/commons/lang3/mutable/MutableFloat.java,10,2,2,19,126,44,40,32,31,32,0,18,2,commons-lang,https://github.com/apache/commons-lang.git,2fd51f6092bd88feba934bb8949241983d319a44,8e2297bee5f7904b17552890292a81392139dba2,Javadoc: Fix double the,1
src/main/java/org/apache/commons/lang3/mutable/MutableInt.java,5,2,1,12,121,13,37,31,29,30,0,18,3,commons-lang,https://github.com/apache/commons-lang.git,2fd51f6092bd88feba934bb8949241983d319a44,8e2297bee5f7904b17552890292a81392139dba2,Javadoc: Fix double the,1
src/main/java/org/apache/commons/lang3/mutable/MutableLong.java,5,2,1,12,121,16,37,31,29,30,0,18,3,commons-lang,https://github.com/apache/commons-lang.git,2fd51f6092bd88feba934bb8949241983d319a44,8e2297bee5f7904b17552890292a81392139dba2,Javadoc: Fix double the,1
src/main/java/org/apache/commons/lang3/mutable/MutableObject.java,3,1,3,5,44,17,11,10,6,7,0,4,3,commons-lang,https://github.com/apache/commons-lang.git,2fd51f6092bd88feba934bb8949241983d319a44,8e2297bee5f7904b17552890292a81392139dba2,Javadoc: Fix double the,1
src/main/java/org/apache/commons/lang3/mutable/MutableShort.java,5,2,1,12,125,13,39,32,30,31,0,18,3,commons-lang,https://github.com/apache/commons-lang.git,2fd51f6092bd88feba934bb8949241983d319a44,8e2297bee5f7904b17552890292a81392139dba2,Javadoc: Fix double the,1
src/main/java/org/apache/commons/lang3/RandomStringUtils.java,13,1,15,44,276,271,89,76,52,52,1,41,5,commons-lang,https://github.com/apache/commons-lang.git,37bfc6e7f46abeea1c7c56be0ebb199e9cb6d2e7,ed9d43dbb02486527c793b5e29c2f76077c91145,Javadoc  [LANG-1807] Make private static variables final in RandomUtils and fix the Javadoc for the insecure() methods in both RandomUtils and RandomStringUtils,1
src/main/java/org/apache/commons/lang3/RandomUtils.java,23,1,11,40,150,95,56,35,29,29,1,11,3,commons-lang,https://github.com/apache/commons-lang.git,37bfc6e7f46abeea1c7c56be0ebb199e9cb6d2e7,ed9d43dbb02486527c793b5e29c2f76077c91145,Javadoc  [LANG-1807] Make private static variables final in RandomUtils and fix the Javadoc for the insecure() methods in both RandomUtils and RandomStringUtils,1
src/main/java/org/apache/commons/lang3/Range.java,8,2,4,33,187,216,74,47,27,27,0,13,3,commons-lang,https://github.com/apache/commons-lang.git,99859f358cbf3dc56667afef747fe5da77b89fd3,129ea4149bc933f8ac7ab798f257cbf57c99e73b,[javadoc] Fix comma spacing in Range Javadoc (#1538),1
src/main/java/org/apache/commons/lang3/SystemUtils.java,73,1,7,78,249,1445,112,30,23,23,1,138,4,commons-lang,https://github.com/apache/commons-lang.git,3d576e2e0efed2e3639a70c247edb7a89ffb5645,3d576e2e0efed2e3639a70c247edb7a89ffb5645,Rename internal constant,0
src/main/java/org/apache/commons/lang3/CharSet.java,24,1,13,54,91,130,17,18,8,8,1,24,4,commons-lang,https://github.com/apache/commons-lang.git,b8d382039a850dff10a90c9abfbbf62228fd8fd1,938587a77f39e03121ba6ca76c613055fd7bf21b,[LANG-1804] Fix CharSet#getInstance returns null instead of EMPTY when input setStrs is null (#1530)  * Fix CharSet.getInstance(final String... setStrs) returns null instead of EMPTY when input setStrs is null  * Remove unused import assertNull from CharSetTest  Removed unused import statement for assertNull.  ---------  Co-authored-by: Gary Gregory <garydgregory@users.noreply.github.com>,1
src/main/java/org/apache/commons/lang3/RandomStringUtils.java,13,1,15,44,276,271,89,76,52,52,1,41,5,commons-lang,https://github.com/apache/commons-lang.git,3014a0f2c9b4f34625995bbbf16aca1ff445b8cf,3bd1625859000571b99b4193df1360ab18a33910,Fix incorrect method invocation and javadoc reference in ObjectUtilsTest and RandomStringUtils (#1528),1
src/main/java/org/apache/commons/lang3/Range.java,7,2,4,35,194,217,74,48,27,27,0,18,3,commons-lang,https://github.com/apache/commons-lang.git,bd40b4511ca092bac23423bff9fbdc2a12e9dd24,03aa5a0882a10cd6983fdd35065b476289d5e7d9,Fix race condition in Range.hashCode(),1
src/main/java/org/apache/commons/lang3/math/Fraction.java,29,2,45,61,412,244,91,101,37,37,4,110,5,commons-lang,https://github.com/apache/commons-lang.git,a64817368d6bf980f08488124eef9a8585a05168,4a021ec2ffb7bbf5f1e2b73557f20c22a60a337a,Fix race condition in Fraction.hashCode(),1
src/main/java/org/apache/commons/lang3/CharRange.java,2,1,12,7,153,74,35,39,19,21,0,24,6,commons-lang,https://github.com/apache/commons-lang.git,97e572cb7e104b09573bba1881a764d9bac81bc8,745a70091f6bc659da2d7f71374859125538b34c,[LANG-1802] Fix collision in CharRange.hashCode(),1
src/main/java/org/apache/commons/lang3/CharSet.java,24,1,13,54,91,122,17,18,8,8,1,24,4,commons-lang,https://github.com/apache/commons-lang.git,745a70091f6bc659da2d7f71374859125538b34c,d07ec0c6468da73fe67e8866178483e0c97519ea,Fix malformed Javadoc comments,1
src/main/java/org/apache/commons/lang3/ObjectUtils.java,200,2,31,295,349,536,130,85,54,54,6,185,6,commons-lang,https://github.com/apache/commons-lang.git,745a70091f6bc659da2d7f71374859125538b34c,d07ec0c6468da73fe67e8866178483e0c97519ea,Fix malformed Javadoc comments,1
src/main/java/org/apache/commons/lang3/SerializationUtils.java,10,2,19,19,85,78,17,14,7,7,0,10,6,commons-lang,https://github.com/apache/commons-lang.git,745a70091f6bc659da2d7f71374859125538b34c,d07ec0c6468da73fe67e8866178483e0c97519ea,Fix malformed Javadoc comments,1
src/main/java/org/apache/commons/lang3/StringUtils.java,1949,2,62,2416,2595,3472,885,732,270,270,91,2224,7,commons-lang,https://github.com/apache/commons-lang.git,745a70091f6bc659da2d7f71374859125538b34c,d07ec0c6468da73fe67e8866178483e0c97519ea,Fix malformed Javadoc comments,1
src/main/java/org/apache/commons/lang3/builder/ReflectionToStringBuilder.java,18,2,19,54,211,253,59,54,31,36,2,14,6,commons-lang,https://github.com/apache/commons-lang.git,745a70091f6bc659da2d7f71374859125538b34c,d07ec0c6468da73fe67e8866178483e0c97519ea,Fix malformed Javadoc comments,1
src/main/java/org/apache/commons/lang3/math/NumberUtils.java,133,1,22,189,729,423,205,211,75,75,19,182,6,commons-lang,https://github.com/apache/commons-lang.git,745a70091f6bc659da2d7f71374859125538b34c,d07ec0c6468da73fe67e8866178483e0c97519ea,Fix malformed Javadoc comments,1
src/main/java/org/apache/commons/lang3/mutable/MutableDouble.java,10,2,2,19,127,39,40,32,31,32,0,19,2,commons-lang,https://github.com/apache/commons-lang.git,745a70091f6bc659da2d7f71374859125538b34c,d07ec0c6468da73fe67e8866178483e0c97519ea,Fix malformed Javadoc comments,1
src/main/java/org/apache/commons/lang3/mutable/MutableFloat.java,10,2,2,19,126,40,40,32,31,32,0,18,2,commons-lang,https://github.com/apache/commons-lang.git,745a70091f6bc659da2d7f71374859125538b34c,d07ec0c6468da73fe67e8866178483e0c97519ea,Fix malformed Javadoc comments,1
src/main/java/org/apache/commons/lang3/reflect/ConstructorUtils.java,20,1,7,29,83,190,21,15,5,5,2,12,6,commons-lang,https://github.com/apache/commons-lang.git,745a70091f6bc659da2d7f71374859125538b34c,d07ec0c6468da73fe67e8866178483e0c97519ea,Fix malformed Javadoc comments,1
src/main/java/org/apache/commons/lang3/util/FluentBitSet.java,2,1,8,51,179,130,81,52,44,44,5,9,4,commons-lang,https://github.com/apache/commons-lang.git,745a70091f6bc659da2d7f71374859125538b34c,d07ec0c6468da73fe67e8866178483e0c97519ea,Fix malformed Javadoc comments,1
src/main/java/org/apache/commons/lang3/RandomStringUtils.java,13,1,15,44,276,271,89,76,52,52,1,41,5,commons-lang,https://github.com/apache/commons-lang.git,bf4a01c81e8936822ee5251dd348f71afe4ee50b,a917a66b1b74097875deed89a66b9b45e3f77e71,Incorrect grammar and unclear wording in RandomStringUtils#random method (#1520),1
src/main/java/org/apache/commons/lang3/StringUtils.java,1949,2,62,2418,2597,3473,886,733,270,270,91,2222,7,commons-lang,https://github.com/apache/commons-lang.git,f4464c2ce9a132fba5f9b137747701e6ab9b0c3e,ecdd2d3c91f111a6c531a4c5211b4b38362f3c68,Speed up StringUtils.getDigits(String)  Local results: ``` Benchmark                                               (length)  Mode  Cnt      Score     Error  Units StringUtilsGetDigitsBenchmark.testGetDigitsManually           10  avgt   25     19.835 ±   0.321  ns/op StringUtilsGetDigitsBenchmark.testGetDigitsManually          100  avgt   25     91.149 ±   1.234  ns/op StringUtilsGetDigitsBenchmark.testGetDigitsManually         1000  avgt   25    777.029 ±   9.725  ns/op StringUtilsGetDigitsBenchmark.testGetDigitsManually        10000  avgt   25   7883.407 ±  61.312  ns/op StringUtilsGetDigitsBenchmark.testGetDigitsWithBuilder        10  avgt   25     84.027 ±  36.391  ns/op StringUtilsGetDigitsBenchmark.testGetDigitsWithBuilder       100  avgt   25    334.174 ± 225.501  ns/op StringUtilsGetDigitsBenchmark.testGetDigitsWithBuilder      1000  avgt   25   1700.380 ±   2.512  ns/op StringUtilsGetDigitsBenchmark.testGetDigitsWithBuilder     10000  avgt   25  16191.400 ±  18.637  ns/op ```,1
src/main/java/org/apache/commons/lang3/math/IEEE754rUtils.java,20,1,2,20,92,48,32,25,13,13,4,13,3,commons-lang,https://github.com/apache/commons-lang.git,c6d6211e6209ca7bb936825906c9d2bb2e772979,4e50f756442837172a13e768288307afa2b62f93,[Fix Javadoc] Both IEEE754rUtils.max(final float...) and IEEE754rUtils.max(final double...) methods Javadocs state incorrect return value (#1508),1
src/main/java/org/apache/commons/lang3/StringUtils.java,1949,2,62,2418,2597,3473,886,733,270,270,91,2222,7,commons-lang,https://github.com/apache/commons-lang.git,4e50f756442837172a13e768288307afa2b62f93,0113765fcd5e2968b0e472d2d7a66d0354c66660,Fix typo in local variable name,1
src/main/java/org/apache/commons/lang3/builder/ReflectionDiffBuilder.java,8,1,8,37,97,83,27,25,14,16,1,6,5,commons-lang,https://github.com/apache/commons-lang.git,5bcedccec3ed93586947a5df0d49775aee7a37c7,2bcca4996df233981d132dfc5c92ae517376fab9,"Fix NullPointerException in ReflectionDiffBuilder.getExcludeFieldNames() when instance created with ReflectionDiffBuilder.ReflectionDiffBuilder(T, T, ToStringStyle)",1
src/main/java/org/apache/commons/lang3/RandomUtils.java,23,1,11,40,150,95,56,35,29,29,1,11,3,commons-lang,https://github.com/apache/commons-lang.git,9eb5d09b0f7e96d18aaf35c5c1c62decbacd5c7e,fdca93ea558fc57d38c83e0b4be4d268dda3a540,[LANG-1794] Fix Javadoc for RandomUtils.secure() incorrectly mentions securerandom.strongAlgorithms (#1503),1
src/main/java/org/apache/commons/lang3/CharUtils.java,109,1,2,117,99,184,55,28,26,26,0,100,3,commons-lang,https://github.com/apache/commons-lang.git,7897f41f6c5f1c061882b37bf1b9892a1153b9e5,72d092283a5cd110d83215e6698765fc0bcf0f6e,[JavaDoc] Fix LANG-1793 (#1501),1
src/main/java/org/apache/commons/lang3/ClassUtils.java,108,1,31,257,606,1007,185,135,48,48,14,107,7,commons-lang,https://github.com/apache/commons-lang.git,5713c6c42e43977df17a7a6c0d39a8ff4f4540b6,f8a6bf9500f655c0f772313e8d0098984420299b,"Bugfix/class utils to canonical name length check (#1495)  * Add testLang1641()  * Rename some test methods  * ClassUtils now throws IllegalArgumentException if a class name is > 65535  This affects:  - getClass(ClassLoader, String, boolean), - ClassUtils.getClass(ClassLoader, String), - ClassUtils.getClass(String, boolean), - ClassUtils.getClass(String)  * ClassUtils now throws IllegalArgumentException if a class name is > 65535  This affects:  - getClass(ClassLoader, String, boolean), - ClassUtils.getClass(ClassLoader, String), - ClassUtils.getClass(String, boolean), - ClassUtils.getClass(String)  * ClassUtils now throws IllegalArgumentException if a class name is > 65535  This affects:  - getClass(ClassLoader, String, boolean), - ClassUtils.getClass(ClassLoader, String), - ClassUtils.getClass(String, boolean), - ClassUtils.getClass(String)",1
src/main/java/org/apache/commons/lang3/reflect/TypeUtils.java,57,2,42,247,937,554,233,266,94,96,31,127,6,commons-lang,https://github.com/apache/commons-lang.git,2e6b31d43ce060e40ea5c14552f097e52a23cb3b,7ef3ff36642cf9a479b369cbb8b18b9e14e1353f,"Fix console compiler warning: TypeUtils.java:[361,33] non-varargs call of varargs method with inexact argument type for last parameter",1
src/main/java/org/apache/commons/lang3/ClassUtils.java,108,1,31,257,606,1007,185,135,48,48,14,107,7,commons-lang,https://github.com/apache/commons-lang.git,7cc1ac1c30d9ad2b285d11ed26b121e1f794e57e,7cc1ac1c30d9ad2b285d11ed26b121e1f794e57e,"ClassUtils now throws `IllegalArgumentException` when array is greater than JVM spec limit (255) (#1494)  * Add testLang1641()  * Rename some test methods  * ClassUtils now throws IllegalArgumentException if a class name represents an array with more dimensions than the JVM spec allow, 255  Affects ClassUtils methods:  - getClass(ClassLoader, String, boolean), - ClassUtils.getClass(ClassLoader, String), - ClassUtils.getClass(String, boolean), - ClassUtils.getClass(String)  * Add Javadoc for MAX_JVM_ARRAY_DIMENSION constant  * Update Javadoc link format for JVM array dimension  * Javadoc",0
src/main/java/org/apache/commons/lang/ClassUtils.java,45,1,22,178,478,1018,121,118,32,32,16,86,6,commons-lang,https://github.com/apache/commons-lang.git,904afa78cc58e2897f47eeac0781c3ba6f95b5e6,a33e37af920fa084919134d20035bd807848dd3b,Rewrite ClassUtils.getClass() without recursion to avoid StackOverflowError on very long inputs  cherry-pick from b424803abdb2bec818e4fbcb251ce031c22aca53  - This was found fuzz testing Apache Commons Text which relies on ClassUtils. - OssFuzz Issue 42522972:  apache-commons-text:StringSubstitutorInterpolatorFuzzer: Security exception in org.apache.commons.lang3.ClassUtils.getClass,1
src/main/java/org/apache/commons/lang3/StringUtils.java,1948,2,62,2417,2597,3455,886,733,270,270,91,2221,7,commons-lang,https://github.com/apache/commons-lang.git,f603e21be0c5c933c17fda8223d6620f170c31ce,626e7e93aea200e6910be5597ac30de602649745,fix spelling/grammar (#1486),1
src/main/java/org/apache/commons/lang3/time/FastDateParser.java,32,2,70,156,634,124,90,108,57,58,11,131,6,commons-lang,https://github.com/apache/commons-lang.git,c9ff6aa444da6041e305c0203946864ebd41c3f8,c9ff6aa444da6041e305c0203946864ebd41c3f8,"[LANG-1786] Map deprecated TimeZone short IDs and avoid JRE WARNINGs to the console (#1483)  * Add testLang1641()  * Rename some test methods  * [LANG-1786] FastDateFormat logs warnings on the console using FastDateFormat on Java 25  - Add TimeZones.getTimeZone(String) to map deprecated ZoneId#SHORT_IDS - Avoids messages to System.err from the JRE's TimeZone.getTimeZone(String) starting on Java 25 - Calls to TimeZone.getTimeZone(String) are now delegated to TimeZones.getTimeZone(String) - You can disable mapping from ZoneId#SHORT_IDS by setting the system property ""TimeZones.mapShortIDs=false""  * [LANG-1786] FastDateFormat logs warnings on the console using FastDateFormat on Java 25  - Only enable on Java 25 and up",0
src/main/java/org/apache/commons/lang3/time/FastTimeZone.java,4,1,5,11,41,14,12,10,6,6,0,6,4,commons-lang,https://github.com/apache/commons-lang.git,c9ff6aa444da6041e305c0203946864ebd41c3f8,c9ff6aa444da6041e305c0203946864ebd41c3f8,"[LANG-1786] Map deprecated TimeZone short IDs and avoid JRE WARNINGs to the console (#1483)  * Add testLang1641()  * Rename some test methods  * [LANG-1786] FastDateFormat logs warnings on the console using FastDateFormat on Java 25  - Add TimeZones.getTimeZone(String) to map deprecated ZoneId#SHORT_IDS - Avoids messages to System.err from the JRE's TimeZone.getTimeZone(String) starting on Java 25 - Calls to TimeZone.getTimeZone(String) are now delegated to TimeZones.getTimeZone(String) - You can disable mapping from ZoneId#SHORT_IDS by setting the system property ""TimeZones.mapShortIDs=false""  * [LANG-1786] FastDateFormat logs warnings on the console using FastDateFormat on Java 25  - Only enable on Java 25 and up",0
src/main/java/org/apache/commons/lang3/time/TimeZones.java,6,1,6,6,23,13,5,4,4,4,0,4,2,commons-lang,https://github.com/apache/commons-lang.git,c9ff6aa444da6041e305c0203946864ebd41c3f8,c9ff6aa444da6041e305c0203946864ebd41c3f8,"[LANG-1786] Map deprecated TimeZone short IDs and avoid JRE WARNINGs to the console (#1483)  * Add testLang1641()  * Rename some test methods  * [LANG-1786] FastDateFormat logs warnings on the console using FastDateFormat on Java 25  - Add TimeZones.getTimeZone(String) to map deprecated ZoneId#SHORT_IDS - Avoids messages to System.err from the JRE's TimeZone.getTimeZone(String) starting on Java 25 - Calls to TimeZone.getTimeZone(String) are now delegated to TimeZones.getTimeZone(String) - You can disable mapping from ZoneId#SHORT_IDS by setting the system property ""TimeZones.mapShortIDs=false""  * [LANG-1786] FastDateFormat logs warnings on the console using FastDateFormat on Java 25  - Only enable on Java 25 and up",0
src/main/java/org/apache/commons/lang3/time/StopWatch.java,22,2,29,47,313,225,73,67,48,52,0,28,4,commons-lang,https://github.com/apache/commons-lang.git,ce2ba7b282608da952d97eada2747ff00d13d14f,ce2ba7b282608da952d97eada2747ff00d13d14f,LANG-1504 - Adding labels to split StopWatch feature (#1473)  * Adding labels to split StopWatch feature  * Adding labels to split StopWatch feature - refactor based on PR review  * Update Javadoc @since tags from 3.19.0 to 3.20.0  * Add testGetSplits to show NullPointerException  * Adding labels to split StopWatch feature - refactor based on PR review  * Assert that we can only unsplit once  ---------  Co-authored-by: edelgadoh <edelgadoh> Co-authored-by: Gary Gregory <garydgregory@users.noreply.github.com>,0
src/main/java/org/apache/commons/lang3/time/FastDateFormat.java,19,2,14,45,183,54,76,43,42,42,0,10,5,commons-lang,https://github.com/apache/commons-lang.git,290859fefa557346f04936318b2057795a1ea4a1,290859fefa557346f04936318b2057795a1ea4a1,Remove useless // comment,0
src/main/java/org/apache/commons/lang3/time/FastDatePrinter.java,16,2,54,136,829,116,74,121,58,58,10,150,9,commons-lang,https://github.com/apache/commons-lang.git,3939c0a7996d905133ecde580084b0b59f6be52c,3939c0a7996d905133ecde580084b0b59f6be52c,Clarify implementation with comment  Use final,0
src/main/java/org/apache/commons/lang3/StringUtils.java,1948,2,62,2417,2597,3455,886,733,270,270,91,2221,7,commons-lang,https://github.com/apache/commons-lang.git,1c93abfd5bb615c610247fa11dba03c75dfcf3b6,9eb728f51f0bd6075c62309e3853fc2defe78657,"Fix typo in StringUtils.trunctate() IllegalArgumentException message (#1463)  * Optimize ObjectToStringComparator.compare() method  * Fix inverted logic in isEnum() method and correct its usage in getFirstEnum()  * Fix typo.  rename maxWith to maxWidth  * Fix test case: assign transientField to correct object in testTransientFieldDifference  * Revert ""Fix test case: assign transientField to correct object in testTransientFieldDifference""  This reverts commit ad4add30a1626acee79050451da92119a47bcc51.",1
src/main/java/org/apache/commons/lang3/EnumUtils.java,28,2,12,57,145,327,48,31,23,23,3,16,4,commons-lang,https://github.com/apache/commons-lang.git,6513eb0bbb4b3e8d427cce632f786c115f2a3516,756436b7b18febab0c5035257b211b52c009819c,Fix internal inverted logic in private isEnum() method and correct its usage in getFirstEnum() (#1454)  * Optimize ObjectToStringComparator.compare() method  * Fix inverted logic in isEnum() method and correct its usage in getFirstEnum(),1
src/main/java/org/apache/commons/io/output/FlushShieldOutputStream.java,2,2,6,9,28,18,4,3,3,3,0,2,3,commons-io,https://github.com/apache/commons-io.git,9f42a554a26d58a7400a25a490ecaa75a9192255,8b7c018ab76e517606b98bbf239a7e5a78e4f577,Remove incorrect Javadoc tag,1
src/main/java/org/apache/commons/io/FileUtils.java,207,1,118,445,1025,850,206,158,63,63,10,114,7,commons-io,https://github.com/apache/commons-io.git,ec308acc23279f52e53c6989fb3e499165528eb3,93de0e4eb84c1f14ada1cd168d6edee61aa99ade,Fix Javadoc typo,1
src/main/java/org/apache/commons/io/channels/FilterByteChannel.java,0,2,11,2,40,30,5,3,3,3,0,0,3,commons-io,https://github.com/apache/commons-io.git,3d1b9dc1c93ca1792dcd4e68dd1a9638cbcb37bd,3d1b9dc1c93ca1792dcd4e68dd1a9638cbcb37bd,Feature/channel filters (#837)  * [IO-856] Try test on all OSs for GitHub CI  * Add channel filters  * Rename test class  * Javadoc  * Add FilterFileChannel,0
src/main/java/org/apache/commons/io/channels/FilterChannel.java,0,2,11,3,45,34,6,5,5,5,0,1,3,commons-io,https://github.com/apache/commons-io.git,3d1b9dc1c93ca1792dcd4e68dd1a9638cbcb37bd,3d1b9dc1c93ca1792dcd4e68dd1a9638cbcb37bd,Feature/channel filters (#837)  * [IO-856] Try test on all OSs for GitHub CI  * Add channel filters  * Rename test class  * Javadoc  * Add FilterFileChannel,0
src/main/java/org/apache/commons/io/channels/FilterFileChannel.java,1,2,8,21,98,4,20,4,4,4,0,1,2,commons-io,https://github.com/apache/commons-io.git,3d1b9dc1c93ca1792dcd4e68dd1a9638cbcb37bd,3d1b9dc1c93ca1792dcd4e68dd1a9638cbcb37bd,Feature/channel filters (#837)  * [IO-856] Try test on all OSs for GitHub CI  * Add channel filters  * Rename test class  * Javadoc  * Add FilterFileChannel,0
src/main/java/org/apache/commons/io/channels/FilterReadableByteChannel.java,0,2,11,1,36,28,4,3,3,3,0,0,3,commons-io,https://github.com/apache/commons-io.git,3d1b9dc1c93ca1792dcd4e68dd1a9638cbcb37bd,3d1b9dc1c93ca1792dcd4e68dd1a9638cbcb37bd,Feature/channel filters (#837)  * [IO-856] Try test on all OSs for GitHub CI  * Add channel filters  * Rename test class  * Javadoc  * Add FilterFileChannel,0
src/main/java/org/apache/commons/io/channels/FilterSeekableByteChannel.java,0,2,10,4,47,28,7,3,3,3,0,0,3,commons-io,https://github.com/apache/commons-io.git,3d1b9dc1c93ca1792dcd4e68dd1a9638cbcb37bd,3d1b9dc1c93ca1792dcd4e68dd1a9638cbcb37bd,Feature/channel filters (#837)  * [IO-856] Try test on all OSs for GitHub CI  * Add channel filters  * Rename test class  * Javadoc  * Add FilterFileChannel,0
src/main/java/org/apache/commons/io/channels/FilterWritableByteChannel.java,0,2,11,1,36,28,4,3,3,3,0,0,3,commons-io,https://github.com/apache/commons-io.git,3d1b9dc1c93ca1792dcd4e68dd1a9638cbcb37bd,3d1b9dc1c93ca1792dcd4e68dd1a9638cbcb37bd,Feature/channel filters (#837)  * [IO-856] Try test on all OSs for GitHub CI  * Add channel filters  * Rename test class  * Javadoc  * Add FilterFileChannel,0
src/main/java/org/apache/commons/io/input/AbstractLineEndingInputStream.java,1,2,2,3,23,0,0,1,1,1,0,2,2,commons-io,https://github.com/apache/commons-io.git,90469ef8693f1ac53cbc38c12a61c2ccb2fe83f6,90469ef8693f1ac53cbc38c12a61c2ccb2fe83f6,Refactor UnixLineEndingInputStream and WindowsLineEndingInputStream to reduce duplication.,0
src/main/java/org/apache/commons/io/input/UnixLineEndingInputStream.java,0,2,5,1,49,3,12,9,2,2,0,7,3,commons-io,https://github.com/apache/commons-io.git,90469ef8693f1ac53cbc38c12a61c2ccb2fe83f6,90469ef8693f1ac53cbc38c12a61c2ccb2fe83f6,Refactor UnixLineEndingInputStream and WindowsLineEndingInputStream to reduce duplication.,0
src/main/java/org/apache/commons/io/input/WindowsLineEndingInputStream.java,0,2,5,1,52,4,10,10,1,2,0,10,3,commons-io,https://github.com/apache/commons-io.git,90469ef8693f1ac53cbc38c12a61c2ccb2fe83f6,90469ef8693f1ac53cbc38c12a61c2ccb2fe83f6,Refactor UnixLineEndingInputStream and WindowsLineEndingInputStream to reduce duplication.,0
src/main/java/org/apache/commons/io/input/XmlStreamReader.java,33,2,62,120,387,340,51,56,14,15,1,110,5,commons-io,https://github.com/apache/commons-io.git,b6f03df133e4b29f0fe9db4f308ff15aae7dbaee,b6f03df133e4b29f0fe9db4f308ff15aae7dbaee,Rename internal methods,0
src/main/java/org/apache/commons/io/IOUtils.java,146,2,122,281,1102,1376,268,205,73,73,24,194,7,commons-io,https://github.com/apache/commons-io.git,5edc4f31b15d55f367137cd91dc3f818b7e26032,5edc4f31b15d55f367137cd91dc3f818b7e26032,Comment,0
src/main/java/org/apache/commons/io/FileUtils.java,207,1,118,445,1025,850,206,158,63,63,10,114,7,commons-io,https://github.com/apache/commons-io.git,6e463b997c378b456428cd935169dd477d3ed9eb,4e93f50b398b6e339335e3109f810b53044f9d9d,Fix typos in Javadoc of FileUtils and related test classes (#833),1
src/main/java/org/apache/commons/io/file/PathUtils.java,155,2,80,302,781,351,243,108,42,42,4,109,7,commons-io,https://github.com/apache/commons-io.git,d7f1943aa86948f67015c1f18818882539ccebf2,3cc801f261a5a0dfe20ff6e3e03afbd6f265ec53,"[IO-886] Fixed incorrect regular expression in PathUtils.RelativeSortedPaths.extractKey(String, String). #828  Javadoc",1
src/main/java/org/apache/commons/io/file/PathUtils.java,155,2,80,302,781,351,243,108,42,42,4,109,7,commons-io,https://github.com/apache/commons-io.git,3cc801f261a5a0dfe20ff6e3e03afbd6f265ec53,3163c625b4ff00581364e6e6631ae0135916f5b6,IO-886 Replaced incorrect regular expression replaceAll with plain replace (#828),1
src/main/java/org/apache/commons/io/input/ReversedLinesFileReader.java,23,2,36,54,276,119,26,45,10,15,5,63,6,commons-io,https://github.com/apache/commons-io.git,239d136bafe6acbd8533668945ab0d35bf9aa174,e2f7a3e2bbeac1b6f1b0325976513df52e4c3c9a,IO-639: Fixed ReversedLinesFileReader does not read first line if it's empty (#829),1
src/main/java/org/apache/commons/io/input/ReadAheadInputStream.java,17,2,25,94,334,69,28,46,3,13,2,47,6,commons-io,https://github.com/apache/commons-io.git,b6629582f0d6f60285093dee4af8f48d3c9ab726,ada97446544f9132fa4abdcb4b0e693a977ccbbf,Test fix for ReadAheadInputStream now restores the current thread's interrupt flag when catching InterruptedException.,1
src/main/java/org/apache/commons/io/FileUtils.java,207,1,118,445,1025,850,206,158,63,63,10,114,7,commons-io,https://github.com/apache/commons-io.git,2eb4ff6a65563254689ab6b49f4124aa00bd7391,2eb4ff6a65563254689ab6b49f4124aa00bd7391,Rename new method,0
src/main/java/org/apache/commons/io/IOUtils.java,146,2,122,282,1102,1372,268,205,73,73,24,193,7,commons-io,https://github.com/apache/commons-io.git,2eb4ff6a65563254689ab6b49f4124aa00bd7391,2eb4ff6a65563254689ab6b49f4124aa00bd7391,Rename new method,0
src/main/java/org/apache/commons/io/LineIterator.java,6,1,11,10,76,12,13,16,5,7,2,11,5,commons-io,https://github.com/apache/commons-io.git,2eb4ff6a65563254689ab6b49f4124aa00bd7391,2eb4ff6a65563254689ab6b49f4124aa00bd7391,Rename new method,0
src/main/java/org/apache/commons/io/output/FileWriterWithEncoding.java,9,2,25,26,125,62,14,12,6,7,0,8,4,commons-io,https://github.com/apache/commons-io.git,2eb4ff6a65563254689ab6b49f4124aa00bd7391,2eb4ff6a65563254689ab6b49f4124aa00bd7391,Rename new method,0
src/main/java/org/apache/commons/io/FileUtils.java,207,1,118,445,1025,850,206,158,63,63,10,114,7,commons-io,https://github.com/apache/commons-io.git,f8e233273f7775a77a435b246cf8147c2468a802,f8e233273f7775a77a435b246cf8147c2468a802,Rename new method,0
src/main/java/org/apache/commons/io/IOUtils.java,146,2,122,282,1102,1372,268,205,73,73,24,193,7,commons-io,https://github.com/apache/commons-io.git,f8e233273f7775a77a435b246cf8147c2468a802,f8e233273f7775a77a435b246cf8147c2468a802,Rename new method,0
src/main/java/org/apache/commons/io/LineIterator.java,6,1,11,10,76,12,13,16,5,7,2,11,5,commons-io,https://github.com/apache/commons-io.git,f8e233273f7775a77a435b246cf8147c2468a802,f8e233273f7775a77a435b246cf8147c2468a802,Rename new method,0
src/main/java/org/apache/commons/io/output/FileWriterWithEncoding.java,9,2,25,26,125,62,14,12,6,7,0,8,4,commons-io,https://github.com/apache/commons-io.git,f8e233273f7775a77a435b246cf8147c2468a802,f8e233273f7775a77a435b246cf8147c2468a802,Rename new method,0
src/main/java/org/apache/commons/io/input/ThrottledInputStream.java,10,2,13,24,99,83,23,20,13,13,0,20,4,commons-io,https://github.com/apache/commons-io.git,bec4d9b10c9f197a59544101f83c7e6d2c801f94,4cf10f99352a6ba1b58a4bb58b88caacf85619a7,"Revert ""Fix TODO comment""  This reverts commit 4cf10f99352a6ba1b58a4bb58b88caacf85619a7.",1
src/main/java/org/apache/commons/io/input/ThrottledInputStream.java,10,2,13,24,99,83,23,20,13,13,0,20,4,commons-io,https://github.com/apache/commons-io.git,4cf10f99352a6ba1b58a4bb58b88caacf85619a7,7246479f92ea4dd0988090c7e4f2d3bd4566e088,Fix TODO comment,1
src/main/java/org/apache/commons/io/DirectoryWalker.java,8,2,16,19,137,331,18,31,20,20,1,46,7,commons-io,https://github.com/apache/commons-io.git,b36ebaefc2c356202658b5f67ec2d119fee81434,b36ebaefc2c356202658b5f67ec2d119fee81434,Javadoc  Add an empty line before a Javadoc comment,0
src/main/java/org/apache/commons/io/FileCleaningTracker.java,7,2,14,22,104,37,9,21,15,15,1,8,6,commons-io,https://github.com/apache/commons-io.git,b36ebaefc2c356202658b5f67ec2d119fee81434,b36ebaefc2c356202658b5f67ec2d119fee81434,Javadoc  Add an empty line before a Javadoc comment,0
src/main/java/org/apache/commons/io/FileSystem.java,20,1,20,71,290,201,76,54,33,33,2,45,5,commons-io,https://github.com/apache/commons-io.git,b36ebaefc2c356202658b5f67ec2d119fee81434,b36ebaefc2c356202658b5f67ec2d119fee81434,Javadoc  Add an empty line before a Javadoc comment,0
src/main/java/org/apache/commons/io/IOIndexedException.java,1,2,1,4,19,2,4,3,3,3,0,5,2,commons-io,https://github.com/apache/commons-io.git,b36ebaefc2c356202658b5f67ec2d119fee81434,b36ebaefc2c356202658b5f67ec2d119fee81434,Javadoc  Add an empty line before a Javadoc comment,0
src/main/java/org/apache/commons/io/file/PathUtils.java,155,2,80,302,781,351,243,108,42,42,4,109,7,commons-io,https://github.com/apache/commons-io.git,b36ebaefc2c356202658b5f67ec2d119fee81434,b36ebaefc2c356202658b5f67ec2d119fee81434,Javadoc  Add an empty line before a Javadoc comment,0
src/main/java/org/apache/commons/io/filefilter/DelegateFileFilter.java,4,2,5,9,40,14,8,7,5,5,0,6,3,commons-io,https://github.com/apache/commons-io.git,b36ebaefc2c356202658b5f67ec2d119fee81434,b36ebaefc2c356202658b5f67ec2d119fee81434,Javadoc  Add an empty line before a Javadoc comment,0
src/main/java/org/apache/commons/io/input/ReaderInputStream.java,14,2,21,61,188,102,26,31,15,17,2,23,4,commons-io,https://github.com/apache/commons-io.git,b36ebaefc2c356202658b5f67ec2d119fee81434,b36ebaefc2c356202658b5f67ec2d119fee81434,Javadoc  Add an empty line before a Javadoc comment,0
src/main/java/org/apache/commons/io/output/ClosedWriter.java,2,2,6,2,22,4,0,1,1,1,0,2,2,commons-io,https://github.com/apache/commons-io.git,b36ebaefc2c356202658b5f67ec2d119fee81434,b36ebaefc2c356202658b5f67ec2d119fee81434,Javadoc  Add an empty line before a Javadoc comment,0
src/main/java/org/apache/commons/io/input/Tailer.java,33,2,43,146,433,168,66,70,43,47,4,82,7,commons-io,https://github.com/apache/commons-io.git,930f1fbc6c272eedab8a8c35e344f009c44c15b4,e6fe8dc0b32925071361be7d175b6b6f2962750b,Javadoc: Normalize and fix spelling,1
src/main/java/org/apache/commons/io/IOUtils.java,146,2,122,283,1116,1365,268,201,73,73,22,189,6,commons-io,https://github.com/apache/commons-io.git,e6fe8dc0b32925071361be7d175b6b6f2962750b,09e6e3687bb734f34d1a0bc479b50591aa3feed3,Javadoc: Fix double the,1
src/main/java/org/apache/commons/io/ByteOrderMark.java,7,1,12,24,106,104,24,25,10,10,5,23,4,commons-io,https://github.com/apache/commons-io.git,90c9d3936d5169637f6aa3be0cf5900211620612,c5adbaf78f9e4a730d43d410c441843dac6e6d23,Fix deprecation comments and end sentence with a period  - Add missing comment. - Close HTML tags. - Typos,1
src/main/java/org/apache/commons/io/ByteOrderParser.java,4,1,2,6,16,20,3,4,2,2,0,0,3,commons-io,https://github.com/apache/commons-io.git,90c9d3936d5169637f6aa3be0cf5900211620612,c5adbaf78f9e4a730d43d410c441843dac6e6d23,Fix deprecation comments and end sentence with a period  - Add missing comment. - Close HTML tags. - Typos,1
src/main/java/org/apache/commons/io/Charsets.java,10,1,6,22,66,148,27,9,8,8,0,17,3,commons-io,https://github.com/apache/commons-io.git,90c9d3936d5169637f6aa3be0cf5900211620612,c5adbaf78f9e4a730d43d410c441843dac6e6d23,Fix deprecation comments and end sentence with a period  - Add missing comment. - Close HTML tags. - Typos,1
src/main/java/org/apache/commons/io/CopyUtils.java,7,1,24,18,114,68,4,3,1,1,2,24,4,commons-io,https://github.com/apache/commons-io.git,90c9d3936d5169637f6aa3be0cf5900211620612,c5adbaf78f9e4a730d43d410c441843dac6e6d23,Fix deprecation comments and end sentence with a period  - Add missing comment. - Close HTML tags. - Typos,1
src/main/java/org/apache/commons/io/DirectoryWalker.java,8,2,16,19,137,331,18,31,20,20,1,46,7,commons-io,https://github.com/apache/commons-io.git,90c9d3936d5169637f6aa3be0cf5900211620612,c5adbaf78f9e4a730d43d410c441843dac6e6d23,Fix deprecation comments and end sentence with a period  - Add missing comment. - Close HTML tags. - Typos,1
src/main/java/org/apache/commons/io/EndianUtils.java,13,1,7,28,178,173,40,22,19,19,1,34,3,commons-io,https://github.com/apache/commons-io.git,90c9d3936d5169637f6aa3be0cf5900211620612,c5adbaf78f9e4a730d43d410c441843dac6e6d23,Fix deprecation comments and end sentence with a period  - Add missing comment. - Close HTML tags. - Typos,1
src/main/java/org/apache/commons/io/FileCleaner.java,8,1,2,8,35,10,4,8,8,8,0,1,2,commons-io,https://github.com/apache/commons-io.git,90c9d3936d5169637f6aa3be0cf5900211620612,c5adbaf78f9e4a730d43d410c441843dac6e6d23,Fix deprecation comments and end sentence with a period  - Add missing comment. - Close HTML tags. - Typos,1
src/main/java/org/apache/commons/io/FileCleaningTracker.java,7,2,14,22,104,37,9,21,15,15,1,8,6,commons-io,https://github.com/apache/commons-io.git,90c9d3936d5169637f6aa3be0cf5900211620612,c5adbaf78f9e4a730d43d410c441843dac6e6d23,Fix deprecation comments and end sentence with a period  - Add missing comment. - Close HTML tags. - Typos,1
src/main/java/org/apache/commons/io/FileDeleteStrategy.java,3,2,5,5,44,29,11,6,3,3,0,3,3,commons-io,https://github.com/apache/commons-io.git,90c9d3936d5169637f6aa3be0cf5900211620612,c5adbaf78f9e4a730d43d410c441843dac6e6d23,Fix deprecation comments and end sentence with a period  - Add missing comment. - Close HTML tags. - Typos,1
src/main/java/org/apache/commons/io/FileExistsException.java,0,2,2,0,14,0,0,3,3,3,0,1,2,commons-io,https://github.com/apache/commons-io.git,90c9d3936d5169637f6aa3be0cf5900211620612,c5adbaf78f9e4a730d43d410c441843dac6e6d23,Fix deprecation comments and end sentence with a period  - Add missing comment. - Close HTML tags. - Typos,1
src/main/java/org/apache/commons/io/FileSystem.java,20,1,20,71,290,201,76,54,33,33,2,45,5,commons-io,https://github.com/apache/commons-io.git,90c9d3936d5169637f6aa3be0cf5900211620612,c5adbaf78f9e4a730d43d410c441843dac6e6d23,Fix deprecation comments and end sentence with a period  - Add missing comment. - Close HTML tags. - Typos,1
src/main/java/org/apache/commons/io/FileSystemUtils.java,18,1,7,29,40,52,13,2,1,1,0,1,3,commons-io,https://github.com/apache/commons-io.git,90c9d3936d5169637f6aa3be0cf5900211620612,c5adbaf78f9e4a730d43d410c441843dac6e6d23,Fix deprecation comments and end sentence with a period  - Add missing comment. - Close HTML tags. - Typos,1
src/main/java/org/apache/commons/io/FileUtils.java,207,1,118,445,1025,850,206,158,63,63,10,114,7,commons-io,https://github.com/apache/commons-io.git,90c9d3936d5169637f6aa3be0cf5900211620612,c5adbaf78f9e4a730d43d410c441843dac6e6d23,Fix deprecation comments and end sentence with a period  - Add missing comment. - Close HTML tags. - Typos,1
src/main/java/org/apache/commons/io/FilenameUtils.java,28,1,17,122,621,625,177,173,53,53,11,113,8,commons-io,https://github.com/apache/commons-io.git,90c9d3936d5169637f6aa3be0cf5900211620612,c5adbaf78f9e4a730d43d410c441843dac6e6d23,Fix deprecation comments and end sentence with a period  - Add missing comment. - Close HTML tags. - Typos,1
src/main/java/org/apache/commons/io/HexDump.java,8,1,10,18,90,42,4,14,4,4,5,16,5,commons-io,https://github.com/apache/commons-io.git,90c9d3936d5169637f6aa3be0cf5900211620612,c5adbaf78f9e4a730d43d410c441843dac6e6d23,Fix deprecation comments and end sentence with a period  - Add missing comment. - Close HTML tags. - Typos,1
src/main/java/org/apache/commons/io/IOCase.java,4,1,4,24,73,64,28,18,13,13,1,6,6,commons-io,https://github.com/apache/commons-io.git,90c9d3936d5169637f6aa3be0cf5900211620612,c5adbaf78f9e4a730d43d410c441843dac6e6d23,Fix deprecation comments and end sentence with a period  - Add missing comment. - Close HTML tags. - Typos,1
src/main/java/org/apache/commons/io/IOExceptionList.java,3,2,7,8,48,58,17,11,10,10,0,2,3,commons-io,https://github.com/apache/commons-io.git,90c9d3936d5169637f6aa3be0cf5900211620612,c5adbaf78f9e4a730d43d410c441843dac6e6d23,Fix deprecation comments and end sentence with a period  - Add missing comment. - Close HTML tags. - Typos,1
src/main/java/org/apache/commons/io/IOExceptionWithCause.java,0,2,1,1,12,9,0,2,2,2,0,1,2,commons-io,https://github.com/apache/commons-io.git,90c9d3936d5169637f6aa3be0cf5900211620612,c5adbaf78f9e4a730d43d410c441843dac6e6d23,Fix deprecation comments and end sentence with a period  - Add missing comment. - Close HTML tags. - Typos,1
src/main/java/org/apache/commons/io/IORandomAccessFile.java,1,2,5,1,29,1,6,3,3,3,0,4,2,commons-io,https://github.com/apache/commons-io.git,90c9d3936d5169637f6aa3be0cf5900211620612,c5adbaf78f9e4a730d43d410c441843dac6e6d23,Fix deprecation comments and end sentence with a period  - Add missing comment. - Close HTML tags. - Typos,1
src/main/java/org/apache/commons/io/IOUtils.java,146,2,122,283,1116,1365,268,201,73,73,22,189,6,commons-io,https://github.com/apache/commons-io.git,90c9d3936d5169637f6aa3be0cf5900211620612,c5adbaf78f9e4a730d43d410c441843dac6e6d23,Fix deprecation comments and end sentence with a period  - Add missing comment. - Close HTML tags. - Typos,1
src/main/java/org/apache/commons/io/LineIterator.java,6,1,11,10,76,12,13,16,5,7,2,11,5,commons-io,https://github.com/apache/commons-io.git,90c9d3936d5169637f6aa3be0cf5900211620612,c5adbaf78f9e4a730d43d410c441843dac6e6d23,Fix deprecation comments and end sentence with a period  - Add missing comment. - Close HTML tags. - Typos,1
src/main/java/org/apache/commons/io/RandomAccessFileMode.java,2,1,14,9,98,77,24,12,5,5,1,12,6,commons-io,https://github.com/apache/commons-io.git,90c9d3936d5169637f6aa3be0cf5900211620612,c5adbaf78f9e4a730d43d410c441843dac6e6d23,Fix deprecation comments and end sentence with a period  - Add missing comment. - Close HTML tags. - Typos,1
src/main/java/org/apache/commons/io/TaggedIOException.java,2,2,2,6,30,15,7,8,4,4,0,4,3,commons-io,https://github.com/apache/commons-io.git,90c9d3936d5169637f6aa3be0cf5900211620612,c5adbaf78f9e4a730d43d410c441843dac6e6d23,Fix deprecation comments and end sentence with a period  - Add missing comment. - Close HTML tags. - Typos,1
src/main/java/org/apache/commons/io/ThreadMonitor.java,5,1,3,12,35,13,5,9,5,5,0,5,3,commons-io,https://github.com/apache/commons-io.git,90c9d3936d5169637f6aa3be0cf5900211620612,c5adbaf78f9e4a730d43d410c441843dac6e6d23,Fix deprecation comments and end sentence with a period  - Add missing comment. - Close HTML tags. - Typos,1
src/main/java/org/apache/commons/io/channels/ByteArraySeekableByteChannel.java,5,2,17,21,181,52,17,26,8,11,1,27,4,commons-io,https://github.com/apache/commons-io.git,90c9d3936d5169637f6aa3be0cf5900211620612,c5adbaf78f9e4a730d43d410c441843dac6e6d23,Fix deprecation comments and end sentence with a period  - Add missing comment. - Close HTML tags. - Typos,1
src/main/java/org/apache/commons/io/channels/FileChannels.java,6,1,8,15,84,26,15,15,1,1,2,15,4,commons-io,https://github.com/apache/commons-io.git,90c9d3936d5169637f6aa3be0cf5900211620612,c5adbaf78f9e4a730d43d410c441843dac6e6d23,Fix deprecation comments and end sentence with a period  - Add missing comment. - Close HTML tags. - Typos,1
src/main/java/org/apache/commons/io/comparator/CompositeFileComparator.java,3,2,9,15,34,43,5,4,4,4,0,7,2,commons-io,https://github.com/apache/commons-io.git,90c9d3936d5169637f6aa3be0cf5900211620612,c5adbaf78f9e4a730d43d410c441843dac6e6d23,Fix deprecation comments and end sentence with a period  - Add missing comment. - Close HTML tags. - Typos,1
src/main/java/org/apache/commons/io/comparator/DefaultFileComparator.java,0,2,5,3,15,44,2,2,2,2,0,5,2,commons-io,https://github.com/apache/commons-io.git,90c9d3936d5169637f6aa3be0cf5900211620612,c5adbaf78f9e4a730d43d410c441843dac6e6d23,Fix deprecation comments and end sentence with a period  - Add missing comment. - Close HTML tags. - Typos,1
src/main/java/org/apache/commons/io/comparator/ExtensionFileComparator.java,3,2,11,9,34,56,4,4,4,4,0,14,2,commons-io,https://github.com/apache/commons-io.git,90c9d3936d5169637f6aa3be0cf5900211620612,c5adbaf78f9e4a730d43d410c441843dac6e6d23,Fix deprecation comments and end sentence with a period  - Add missing comment. - Close HTML tags. - Typos,1
src/main/java/org/apache/commons/io/comparator/NameFileComparator.java,1,2,10,7,29,56,4,4,4,4,0,12,2,commons-io,https://github.com/apache/commons-io.git,90c9d3936d5169637f6aa3be0cf5900211620612,c5adbaf78f9e4a730d43d410c441843dac6e6d23,Fix deprecation comments and end sentence with a period  - Add missing comment. - Close HTML tags. - Typos,1
src/main/java/org/apache/commons/io/comparator/PathFileComparator.java,1,2,10,7,29,56,4,4,4,4,0,12,2,commons-io,https://github.com/apache/commons-io.git,90c9d3936d5169637f6aa3be0cf5900211620612,c5adbaf78f9e4a730d43d410c441843dac6e6d23,Fix deprecation comments and end sentence with a period  - Add missing comment. - Close HTML tags. - Typos,1
src/main/java/org/apache/commons/io/comparator/SizeFileComparator.java,2,2,8,11,46,66,6,8,4,4,0,15,3,commons-io,https://github.com/apache/commons-io.git,90c9d3936d5169637f6aa3be0cf5900211620612,c5adbaf78f9e4a730d43d410c441843dac6e6d23,Fix deprecation comments and end sentence with a period  - Add missing comment. - Close HTML tags. - Typos,1
src/main/java/org/apache/commons/io/file/AccumulatorPathVisitor.java,17,2,13,48,106,43,24,24,21,21,0,9,3,commons-io,https://github.com/apache/commons-io.git,90c9d3936d5169637f6aa3be0cf5900211620612,c5adbaf78f9e4a730d43d410c441843dac6e6d23,Fix deprecation comments and end sentence with a period  - Add missing comment. - Close HTML tags. - Typos,1
src/main/java/org/apache/commons/io/file/CopyDirectoryVisitor.java,9,2,10,16,87,7,16,14,9,9,0,12,3,commons-io,https://github.com/apache/commons-io.git,90c9d3936d5169637f6aa3be0cf5900211620612,c5adbaf78f9e4a730d43d410c441843dac6e6d23,Fix deprecation comments and end sentence with a period  - Add missing comment. - Close HTML tags. - Typos,1
src/main/java/org/apache/commons/io/file/Counters.java,16,2,8,29,225,4,48,50,43,44,0,14,4,commons-io,https://github.com/apache/commons-io.git,90c9d3936d5169637f6aa3be0cf5900211620612,c5adbaf78f9e4a730d43d410c441843dac6e6d23,Fix deprecation comments and end sentence with a period  - Add missing comment. - Close HTML tags. - Typos,1
src/main/java/org/apache/commons/io/file/PathFilter.java,0,1,3,0,8,0,1,0,0,0,0,0,1,commons-io,https://github.com/apache/commons-io.git,90c9d3936d5169637f6aa3be0cf5900211620612,c5adbaf78f9e4a730d43d410c441843dac6e6d23,Fix deprecation comments and end sentence with a period  - Add missing comment. - Close HTML tags. - Typos,1
src/main/java/org/apache/commons/io/file/PathUtils.java,155,2,80,302,781,351,243,108,42,42,4,109,7,commons-io,https://github.com/apache/commons-io.git,90c9d3936d5169637f6aa3be0cf5900211620612,c5adbaf78f9e4a730d43d410c441843dac6e6d23,Fix deprecation comments and end sentence with a period  - Add missing comment. - Close HTML tags. - Typos,1
src/main/java/org/apache/commons/io/file/attribute/FileTimes.java,27,1,13,61,108,59,42,25,23,23,0,22,3,commons-io,https://github.com/apache/commons-io.git,90c9d3936d5169637f6aa3be0cf5900211620612,c5adbaf78f9e4a730d43d410c441843dac6e6d23,Fix deprecation comments and end sentence with a period  - Add missing comment. - Close HTML tags. - Typos,1
src/main/java/org/apache/commons/io/file/spi/FileSystemProviders.java,8,1,9,21,38,6,11,7,6,6,0,3,3,commons-io,https://github.com/apache/commons-io.git,90c9d3936d5169637f6aa3be0cf5900211620612,c5adbaf78f9e4a730d43d410c441843dac6e6d23,Fix deprecation comments and end sentence with a period  - Add missing comment. - Close HTML tags. - Typos,1
src/main/java/org/apache/commons/io/filefilter/AbstractFileFilter.java,2,1,13,14,92,14,19,18,13,13,2,4,4,commons-io,https://github.com/apache/commons-io.git,90c9d3936d5169637f6aa3be0cf5900211620612,c5adbaf78f9e4a730d43d410c441843dac6e6d23,Fix deprecation comments and end sentence with a period  - Add missing comment. - Close HTML tags. - Typos,1
src/main/java/org/apache/commons/io/filefilter/AgeFileFilter.java,13,2,11,31,53,69,6,12,11,11,1,10,2,commons-io,https://github.com/apache/commons-io.git,90c9d3936d5169637f6aa3be0cf5900211620612,c5adbaf78f9e4a730d43d410c441843dac6e6d23,Fix deprecation comments and end sentence with a period  - Add missing comment. - Close HTML tags. - Typos,1
src/main/java/org/apache/commons/io/filefilter/AndFileFilter.java,7,2,12,27,82,30,9,16,16,16,0,3,2,commons-io,https://github.com/apache/commons-io.git,90c9d3936d5169637f6aa3be0cf5900211620612,c5adbaf78f9e4a730d43d410c441843dac6e6d23,Fix deprecation comments and end sentence with a period  - Add missing comment. - Close HTML tags. - Typos,1
src/main/java/org/apache/commons/io/filefilter/CanWriteFileFilter.java,4,2,7,9,22,58,4,5,3,3,2,7,2,commons-io,https://github.com/apache/commons-io.git,90c9d3936d5169637f6aa3be0cf5900211620612,c5adbaf78f9e4a730d43d410c441843dac6e6d23,Fix deprecation comments and end sentence with a period  - Add missing comment. - Close HTML tags. - Typos,1
src/main/java/org/apache/commons/io/filefilter/ConditionalFileFilter.java,0,1,1,0,8,4,2,0,0,0,0,0,2,commons-io,https://github.com/apache/commons-io.git,90c9d3936d5169637f6aa3be0cf5900211620612,c5adbaf78f9e4a730d43d410c441843dac6e6d23,Fix deprecation comments and end sentence with a period  - Add missing comment. - Close HTML tags. - Typos,1
src/main/java/org/apache/commons/io/filefilter/DelegateFileFilter.java,4,2,5,9,40,14,8,7,5,5,0,6,3,commons-io,https://github.com/apache/commons-io.git,90c9d3936d5169637f6aa3be0cf5900211620612,c5adbaf78f9e4a730d43d410c441843dac6e6d23,Fix deprecation comments and end sentence with a period  - Add missing comment. - Close HTML tags. - Typos,1
src/main/java/org/apache/commons/io/filefilter/DirectoryFileFilter.java,5,2,7,19,22,41,4,4,3,3,1,7,2,commons-io,https://github.com/apache/commons-io.git,90c9d3936d5169637f6aa3be0cf5900211620612,c5adbaf78f9e4a730d43d410c441843dac6e6d23,Fix deprecation comments and end sentence with a period  - Add missing comment. - Close HTML tags. - Typos,1
src/main/java/org/apache/commons/io/filefilter/EmptyFileFilter.java,10,2,9,31,41,76,9,9,3,3,2,11,5,commons-io,https://github.com/apache/commons-io.git,90c9d3936d5169637f6aa3be0cf5900211620612,c5adbaf78f9e4a730d43d410c441843dac6e6d23,Fix deprecation comments and end sentence with a period  - Add missing comment. - Close HTML tags. - Typos,1
src/main/java/org/apache/commons/io/filefilter/FalseFileFilter.java,1,1,6,1,42,16,10,8,8,8,0,4,2,commons-io,https://github.com/apache/commons-io.git,90c9d3936d5169637f6aa3be0cf5900211620612,c5adbaf78f9e4a730d43d410c441843dac6e6d23,Fix deprecation comments and end sentence with a period  - Add missing comment. - Close HTML tags. - Typos,1
src/main/java/org/apache/commons/io/filefilter/FileFileFilter.java,5,2,7,19,23,41,4,4,3,3,1,7,2,commons-io,https://github.com/apache/commons-io.git,90c9d3936d5169637f6aa3be0cf5900211620612,c5adbaf78f9e4a730d43d410c441843dac6e6d23,Fix deprecation comments and end sentence with a period  - Add missing comment. - Close HTML tags. - Typos,1
src/main/java/org/apache/commons/io/filefilter/FileFilterUtils.java,30,1,43,41,177,110,93,49,43,43,0,18,3,commons-io,https://github.com/apache/commons-io.git,90c9d3936d5169637f6aa3be0cf5900211620612,c5adbaf78f9e4a730d43d410c441843dac6e6d23,Fix deprecation comments and end sentence with a period  - Add missing comment. - Close HTML tags. - Typos,1
src/main/java/org/apache/commons/io/filefilter/HiddenFileFilter.java,7,2,7,24,22,75,4,5,3,3,2,9,2,commons-io,https://github.com/apache/commons-io.git,90c9d3936d5169637f6aa3be0cf5900211620612,c5adbaf78f9e4a730d43d410c441843dac6e6d23,Fix deprecation comments and end sentence with a period  - Add missing comment. - Close HTML tags. - Typos,1
src/main/java/org/apache/commons/io/filefilter/NameFileFilter.java,10,2,13,34,67,50,10,13,12,12,1,12,3,commons-io,https://github.com/apache/commons-io.git,90c9d3936d5169637f6aa3be0cf5900211620612,c5adbaf78f9e4a730d43d410c441843dac6e6d23,Fix deprecation comments and end sentence with a period  - Add missing comment. - Close HTML tags. - Typos,1
src/main/java/org/apache/commons/io/filefilter/NotFileFilter.java,1,2,6,5,34,13,12,6,6,6,0,2,2,commons-io,https://github.com/apache/commons-io.git,90c9d3936d5169637f6aa3be0cf5900211620612,c5adbaf78f9e4a730d43d410c441843dac6e6d23,Fix deprecation comments and end sentence with a period  - Add missing comment. - Close HTML tags. - Typos,1
src/main/java/org/apache/commons/io/filefilter/OrFileFilter.java,8,2,12,27,78,30,8,15,15,15,0,3,2,commons-io,https://github.com/apache/commons-io.git,90c9d3936d5169637f6aa3be0cf5900211620612,c5adbaf78f9e4a730d43d410c441843dac6e6d23,Fix deprecation comments and end sentence with a period  - Add missing comment. - Close HTML tags. - Typos,1
src/main/java/org/apache/commons/io/filefilter/PrefixFileFilter.java,12,2,13,36,64,50,9,12,11,11,1,12,3,commons-io,https://github.com/apache/commons-io.git,90c9d3936d5169637f6aa3be0cf5900211620612,c5adbaf78f9e4a730d43d410c441843dac6e6d23,Fix deprecation comments and end sentence with a period  - Add missing comment. - Close HTML tags. - Typos,1
src/main/java/org/apache/commons/io/filefilter/RegexFileFilter.java,8,2,12,27,54,50,9,11,10,10,1,10,2,commons-io,https://github.com/apache/commons-io.git,90c9d3936d5169637f6aa3be0cf5900211620612,c5adbaf78f9e4a730d43d410c441843dac6e6d23,Fix deprecation comments and end sentence with a period  - Add missing comment. - Close HTML tags. - Typos,1
src/main/java/org/apache/commons/io/filefilter/SizeFileFilter.java,6,2,10,22,43,71,8,8,6,6,1,8,3,commons-io,https://github.com/apache/commons-io.git,90c9d3936d5169637f6aa3be0cf5900211620612,c5adbaf78f9e4a730d43d410c441843dac6e6d23,Fix deprecation comments and end sentence with a period  - Add missing comment. - Close HTML tags. - Typos,1
src/main/java/org/apache/commons/io/filefilter/SuffixFileFilter.java,12,2,13,36,64,49,9,12,11,11,1,12,3,commons-io,https://github.com/apache/commons-io.git,90c9d3936d5169637f6aa3be0cf5900211620612,c5adbaf78f9e4a730d43d410c441843dac6e6d23,Fix deprecation comments and end sentence with a period  - Add missing comment. - Close HTML tags. - Typos,1
src/main/java/org/apache/commons/io/filefilter/SymbolicLinkFileFilter.java,5,2,7,20,27,44,6,6,5,5,1,6,2,commons-io,https://github.com/apache/commons-io.git,90c9d3936d5169637f6aa3be0cf5900211620612,c5adbaf78f9e4a730d43d410c441843dac6e6d23,Fix deprecation comments and end sentence with a period  - Add missing comment. - Close HTML tags. - Typos,1
src/main/java/org/apache/commons/io/filefilter/TrueFileFilter.java,1,1,6,1,42,16,10,8,8,8,0,4,2,commons-io,https://github.com/apache/commons-io.git,90c9d3936d5169637f6aa3be0cf5900211620612,c5adbaf78f9e4a730d43d410c441843dac6e6d23,Fix deprecation comments and end sentence with a period  - Add missing comment. - Close HTML tags. - Typos,1
src/main/java/org/apache/commons/io/filefilter/WildcardFileFilter.java,12,2,15,40,101,63,19,21,19,20,1,12,3,commons-io,https://github.com/apache/commons-io.git,90c9d3936d5169637f6aa3be0cf5900211620612,c5adbaf78f9e4a730d43d410c441843dac6e6d23,Fix deprecation comments and end sentence with a period  - Add missing comment. - Close HTML tags. - Typos,1
src/main/java/org/apache/commons/io/filefilter/WildcardFilter.java,15,2,14,36,51,54,9,10,6,6,1,9,3,commons-io,https://github.com/apache/commons-io.git,90c9d3936d5169637f6aa3be0cf5900211620612,c5adbaf78f9e4a730d43d410c441843dac6e6d23,Fix deprecation comments and end sentence with a period  - Add missing comment. - Close HTML tags. - Typos,1
src/main/java/org/apache/commons/io/function/IOBiConsumer.java,2,1,4,3,23,22,6,3,3,3,0,0,3,commons-io,https://github.com/apache/commons-io.git,90c9d3936d5169637f6aa3be0cf5900211620612,c5adbaf78f9e4a730d43d410c441843dac6e6d23,Fix deprecation comments and end sentence with a period  - Add missing comment. - Close HTML tags. - Typos,1
src/main/java/org/apache/commons/io/function/IOBiFunction.java,2,2,4,3,16,28,5,2,2,2,0,1,2,commons-io,https://github.com/apache/commons-io.git,90c9d3936d5169637f6aa3be0cf5900211620612,c5adbaf78f9e4a730d43d410c441843dac6e6d23,Fix deprecation comments and end sentence with a period  - Add missing comment. - Close HTML tags. - Typos,1
src/main/java/org/apache/commons/io/function/IOBinaryOperator.java,3,2,4,5,19,29,6,3,3,3,0,0,2,commons-io,https://github.com/apache/commons-io.git,90c9d3936d5169637f6aa3be0cf5900211620612,c5adbaf78f9e4a730d43d410c441843dac6e6d23,Fix deprecation comments and end sentence with a period  - Add missing comment. - Close HTML tags. - Typos,1
src/main/java/org/apache/commons/io/function/IOBooleanSupplier.java,1,1,4,1,12,1,3,1,1,1,0,0,2,commons-io,https://github.com/apache/commons-io.git,90c9d3936d5169637f6aa3be0cf5900211620612,c5adbaf78f9e4a730d43d410c441843dac6e6d23,Fix deprecation comments and end sentence with a period  - Add missing comment. - Close HTML tags. - Typos,1
src/main/java/org/apache/commons/io/function/IOComparator.java,1,1,3,1,11,7,3,1,1,1,0,0,2,commons-io,https://github.com/apache/commons-io.git,90c9d3936d5169637f6aa3be0cf5900211620612,c5adbaf78f9e4a730d43d410c441843dac6e6d23,Fix deprecation comments and end sentence with a period  - Add missing comment. - Close HTML tags. - Typos,1
src/main/java/org/apache/commons/io/function/IOConsumer.java,12,1,7,13,47,67,6,3,3,3,0,1,3,commons-io,https://github.com/apache/commons-io.git,90c9d3936d5169637f6aa3be0cf5900211620612,c5adbaf78f9e4a730d43d410c441843dac6e6d23,Fix deprecation comments and end sentence with a period  - Add missing comment. - Close HTML tags. - Typos,1
src/main/java/org/apache/commons/io/function/IOFunction.java,9,2,6,17,50,71,22,10,10,10,0,0,2,commons-io,https://github.com/apache/commons-io.git,90c9d3936d5169637f6aa3be0cf5900211620612,c5adbaf78f9e4a730d43d410c441843dac6e6d23,Fix deprecation comments and end sentence with a period  - Add missing comment. - Close HTML tags. - Typos,1
src/main/java/org/apache/commons/io/function/IOIntConsumer.java,3,1,5,4,25,6,6,3,3,3,0,1,3,commons-io,https://github.com/apache/commons-io.git,90c9d3936d5169637f6aa3be0cf5900211620612,c5adbaf78f9e4a730d43d410c441843dac6e6d23,Fix deprecation comments and end sentence with a period  - Add missing comment. - Close HTML tags. - Typos,1
src/main/java/org/apache/commons/io/function/IOIntSupplier.java,1,1,4,1,12,1,3,1,1,1,0,0,2,commons-io,https://github.com/apache/commons-io.git,90c9d3936d5169637f6aa3be0cf5900211620612,c5adbaf78f9e4a730d43d410c441843dac6e6d23,Fix deprecation comments and end sentence with a period  - Add missing comment. - Close HTML tags. - Typos,1
src/main/java/org/apache/commons/io/function/IOIterator.java,3,1,6,6,31,32,9,4,3,3,1,0,3,commons-io,https://github.com/apache/commons-io.git,90c9d3936d5169637f6aa3be0cf5900211620612,c5adbaf78f9e4a730d43d410c441843dac6e6d23,Fix deprecation comments and end sentence with a period  - Add missing comment. - Close HTML tags. - Typos,1
src/main/java/org/apache/commons/io/function/IOLongSupplier.java,1,1,4,1,12,1,3,1,1,1,0,0,2,commons-io,https://github.com/apache/commons-io.git,90c9d3936d5169637f6aa3be0cf5900211620612,c5adbaf78f9e4a730d43d410c441843dac6e6d23,Fix deprecation comments and end sentence with a period  - Add missing comment. - Close HTML tags. - Typos,1
src/main/java/org/apache/commons/io/function/IOPredicate.java,3,1,4,6,34,52,15,7,7,7,0,0,2,commons-io,https://github.com/apache/commons-io.git,90c9d3936d5169637f6aa3be0cf5900211620612,c5adbaf78f9e4a730d43d410c441843dac6e6d23,Fix deprecation comments and end sentence with a period  - Add missing comment. - Close HTML tags. - Typos,1
src/main/java/org/apache/commons/io/function/IOQuadFunction.java,1,2,3,2,12,29,3,1,1,1,0,1,2,commons-io,https://github.com/apache/commons-io.git,90c9d3936d5169637f6aa3be0cf5900211620612,c5adbaf78f9e4a730d43d410c441843dac6e6d23,Fix deprecation comments and end sentence with a period  - Add missing comment. - Close HTML tags. - Typos,1
src/main/java/org/apache/commons/io/function/IOSpliterator.java,2,1,5,10,41,32,19,11,10,10,1,0,3,commons-io,https://github.com/apache/commons-io.git,90c9d3936d5169637f6aa3be0cf5900211620612,c5adbaf78f9e4a730d43d410c441843dac6e6d23,Fix deprecation comments and end sentence with a period  - Add missing comment. - Close HTML tags. - Typos,1
src/main/java/org/apache/commons/io/function/IOStream.java,33,2,27,79,203,212,74,24,20,20,0,7,5,commons-io,https://github.com/apache/commons-io.git,90c9d3936d5169637f6aa3be0cf5900211620612,c5adbaf78f9e4a730d43d410c441843dac6e6d23,Fix deprecation comments and end sentence with a period  - Add missing comment. - Close HTML tags. - Typos,1
src/main/java/org/apache/commons/io/function/IOTriConsumer.java,1,1,3,2,19,23,4,2,2,2,0,0,3,commons-io,https://github.com/apache/commons-io.git,90c9d3936d5169637f6aa3be0cf5900211620612,c5adbaf78f9e4a730d43d410c441843dac6e6d23,Fix deprecation comments and end sentence with a period  - Add missing comment. - Close HTML tags. - Typos,1
src/main/java/org/apache/commons/io/function/IOTriFunction.java,1,2,3,2,12,27,3,1,1,1,0,1,2,commons-io,https://github.com/apache/commons-io.git,90c9d3936d5169637f6aa3be0cf5900211620612,c5adbaf78f9e4a730d43d410c441843dac6e6d23,Fix deprecation comments and end sentence with a period  - Add missing comment. - Close HTML tags. - Typos,1
src/main/java/org/apache/commons/io/function/UncheckedIOIterable.java,1,1,4,2,15,18,1,1,1,1,0,1,2,commons-io,https://github.com/apache/commons-io.git,90c9d3936d5169637f6aa3be0cf5900211620612,c5adbaf78f9e4a730d43d410c441843dac6e6d23,Fix deprecation comments and end sentence with a period  - Add missing comment. - Close HTML tags. - Typos,1
src/main/java/org/apache/commons/io/function/UncheckedIOIterator.java,4,1,4,4,23,14,2,3,3,3,0,1,2,commons-io,https://github.com/apache/commons-io.git,90c9d3936d5169637f6aa3be0cf5900211620612,c5adbaf78f9e4a730d43d410c441843dac6e6d23,Fix deprecation comments and end sentence with a period  - Add missing comment. - Close HTML tags. - Typos,1
src/main/java/org/apache/commons/io/input/AbstractCharacterFilterReader.java,0,2,5,3,46,6,5,8,3,3,2,7,4,commons-io,https://github.com/apache/commons-io.git,90c9d3936d5169637f6aa3be0cf5900211620612,c5adbaf78f9e4a730d43d410c441843dac6e6d23,Fix deprecation comments and end sentence with a period  - Add missing comment. - Close HTML tags. - Typos,1
src/main/java/org/apache/commons/io/input/AutoCloseInputStream.java,4,2,5,11,42,47,4,4,3,3,0,3,3,commons-io,https://github.com/apache/commons-io.git,90c9d3936d5169637f6aa3be0cf5900211620612,c5adbaf78f9e4a730d43d410c441843dac6e6d23,Fix deprecation comments and end sentence with a period  - Add missing comment. - Close HTML tags. - Typos,1
src/main/java/org/apache/commons/io/input/BOMInputStream.java,14,2,15,58,182,156,36,33,7,13,3,39,3,commons-io,https://github.com/apache/commons-io.git,90c9d3936d5169637f6aa3be0cf5900211620612,c5adbaf78f9e4a730d43d410c441843dac6e6d23,Fix deprecation comments and end sentence with a period  - Add missing comment. - Close HTML tags. - Typos,1
src/main/java/org/apache/commons/io/input/BoundedReader.java,1,2,4,5,56,10,7,5,0,1,1,10,4,commons-io,https://github.com/apache/commons-io.git,90c9d3936d5169637f6aa3be0cf5900211620612,c5adbaf78f9e4a730d43d410c441843dac6e6d23,Fix deprecation comments and end sentence with a period  - Add missing comment. - Close HTML tags. - Typos,1
src/main/java/org/apache/commons/io/input/BufferedFileChannelInputStream.java,11,2,13,45,140,61,22,17,4,5,1,12,4,commons-io,https://github.com/apache/commons-io.git,90c9d3936d5169637f6aa3be0cf5900211620612,c5adbaf78f9e4a730d43d410c441843dac6e6d23,Fix deprecation comments and end sentence with a period  - Add missing comment. - Close HTML tags. - Typos,1
src/main/java/org/apache/commons/io/input/CharSequenceReader.java,7,2,7,15,121,49,25,26,12,14,1,23,4,commons-io,https://github.com/apache/commons-io.git,90c9d3936d5169637f6aa3be0cf5900211620612,c5adbaf78f9e4a730d43d410c441843dac6e6d23,Fix deprecation comments and end sentence with a period  - Add missing comment. - Close HTML tags. - Typos,1
src/main/java/org/apache/commons/io/input/ClassLoaderObjectInputStream.java,3,2,6,6,38,11,6,3,0,0,1,4,3,commons-io,https://github.com/apache/commons-io.git,90c9d3936d5169637f6aa3be0cf5900211620612,c5adbaf78f9e4a730d43d410c441843dac6e6d23,Fix deprecation comments and end sentence with a period  - Add missing comment. - Close HTML tags. - Typos,1
src/main/java/org/apache/commons/io/input/CloseShieldInputStream.java,0,2,2,0,18,5,4,4,4,4,0,1,2,commons-io,https://github.com/apache/commons-io.git,90c9d3936d5169637f6aa3be0cf5900211620612,c5adbaf78f9e4a730d43d410c441843dac6e6d23,Fix deprecation comments and end sentence with a period  - Add missing comment. - Close HTML tags. - Typos,1
src/main/java/org/apache/commons/io/input/CloseShieldReader.java,0,2,2,0,15,4,2,3,3,3,0,1,2,commons-io,https://github.com/apache/commons-io.git,90c9d3936d5169637f6aa3be0cf5900211620612,c5adbaf78f9e4a730d43d410c441843dac6e6d23,Fix deprecation comments and end sentence with a period  - Add missing comment. - Close HTML tags. - Typos,1
src/main/java/org/apache/commons/io/input/CountingInputStream.java,0,2,5,2,54,27,10,8,4,5,0,7,3,commons-io,https://github.com/apache/commons-io.git,90c9d3936d5169637f6aa3be0cf5900211620612,c5adbaf78f9e4a730d43d410c441843dac6e6d23,Fix deprecation comments and end sentence with a period  - Add missing comment. - Close HTML tags. - Typos,1
src/main/java/org/apache/commons/io/input/DemuxInputStream.java,1,2,4,6,28,5,5,3,2,2,0,3,3,commons-io,https://github.com/apache/commons-io.git,90c9d3936d5169637f6aa3be0cf5900211620612,c5adbaf78f9e4a730d43d410c441843dac6e6d23,Fix deprecation comments and end sentence with a period  - Add missing comment. - Close HTML tags. - Typos,1
src/main/java/org/apache/commons/io/input/MarkShieldInputStream.java,1,2,3,1,22,4,1,3,3,3,0,0,2,commons-io,https://github.com/apache/commons-io.git,90c9d3936d5169637f6aa3be0cf5900211620612,c5adbaf78f9e4a730d43d410c441843dac6e6d23,Fix deprecation comments and end sentence with a period  - Add missing comment. - Close HTML tags. - Typos,1
src/main/java/org/apache/commons/io/input/MessageDigestCalculatingInputStream.java,6,2,12,11,74,114,8,7,5,6,0,11,4,commons-io,https://github.com/apache/commons-io.git,90c9d3936d5169637f6aa3be0cf5900211620612,c5adbaf78f9e4a730d43d410c441843dac6e6d23,Fix deprecation comments and end sentence with a period  - Add missing comment. - Close HTML tags. - Typos,1
src/main/java/org/apache/commons/io/input/MessageDigestInputStream.java,5,2,9,10,52,98,10,5,4,5,0,7,3,commons-io,https://github.com/apache/commons-io.git,90c9d3936d5169637f6aa3be0cf5900211620612,c5adbaf78f9e4a730d43d410c441843dac6e6d23,Fix deprecation comments and end sentence with a period  - Add missing comment. - Close HTML tags. - Typos,1
src/main/java/org/apache/commons/io/input/NullInputStream.java,3,2,9,4,148,54,32,30,12,14,1,23,3,commons-io,https://github.com/apache/commons-io.git,90c9d3936d5169637f6aa3be0cf5900211620612,c5adbaf78f9e4a730d43d410c441843dac6e6d23,Fix deprecation comments and end sentence with a period  - Add missing comment. - Close HTML tags. - Typos,1
src/main/java/org/apache/commons/io/input/NullReader.java,3,2,12,3,131,44,25,27,9,12,1,23,3,commons-io,https://github.com/apache/commons-io.git,90c9d3936d5169637f6aa3be0cf5900211620612,c5adbaf78f9e4a730d43d410c441843dac6e6d23,Fix deprecation comments and end sentence with a period  - Add missing comment. - Close HTML tags. - Typos,1
src/main/java/org/apache/commons/io/input/ObservableInputStream.java,3,2,9,13,163,53,7,22,11,12,0,17,3,commons-io,https://github.com/apache/commons-io.git,90c9d3936d5169637f6aa3be0cf5900211620612,c5adbaf78f9e4a730d43d410c441843dac6e6d23,Fix deprecation comments and end sentence with a period  - Add missing comment. - Close HTML tags. - Typos,1
src/main/java/org/apache/commons/io/input/ProxyReader.java,2,2,6,12,115,23,20,11,2,2,0,4,3,commons-io,https://github.com/apache/commons-io.git,90c9d3936d5169637f6aa3be0cf5900211620612,c5adbaf78f9e4a730d43d410c441843dac6e6d23,Fix deprecation comments and end sentence with a period  - Add missing comment. - Close HTML tags. - Typos,1
src/main/java/org/apache/commons/io/input/ReaderInputStream.java,14,2,21,61,188,102,26,31,15,17,2,23,4,commons-io,https://github.com/apache/commons-io.git,90c9d3936d5169637f6aa3be0cf5900211620612,c5adbaf78f9e4a730d43d410c441843dac6e6d23,Fix deprecation comments and end sentence with a period  - Add missing comment. - Close HTML tags. - Typos,1
src/main/java/org/apache/commons/io/input/ReversedLinesFileReader.java,23,2,36,54,276,119,26,45,10,15,5,63,6,commons-io,https://github.com/apache/commons-io.git,90c9d3936d5169637f6aa3be0cf5900211620612,c5adbaf78f9e4a730d43d410c441843dac6e6d23,Fix deprecation comments and end sentence with a period  - Add missing comment. - Close HTML tags. - Typos,1
src/main/java/org/apache/commons/io/input/SequenceReader.java,4,2,9,10,74,17,6,12,1,2,3,11,5,commons-io,https://github.com/apache/commons-io.git,90c9d3936d5169637f6aa3be0cf5900211620612,c5adbaf78f9e4a730d43d410c441843dac6e6d23,Fix deprecation comments and end sentence with a period  - Add missing comment. - Close HTML tags. - Typos,1
src/main/java/org/apache/commons/io/input/SwappedDataInputStream.java,8,2,7,11,80,8,24,3,1,1,1,4,4,commons-io,https://github.com/apache/commons-io.git,90c9d3936d5169637f6aa3be0cf5900211620612,c5adbaf78f9e4a730d43d410c441843dac6e6d23,Fix deprecation comments and end sentence with a period  - Add missing comment. - Close HTML tags. - Typos,1
src/main/java/org/apache/commons/io/input/TaggedInputStream.java,3,2,8,6,22,24,2,5,2,2,0,3,2,commons-io,https://github.com/apache/commons-io.git,90c9d3936d5169637f6aa3be0cf5900211620612,c5adbaf78f9e4a730d43d410c441843dac6e6d23,Fix deprecation comments and end sentence with a period  - Add missing comment. - Close HTML tags. - Typos,1
src/main/java/org/apache/commons/io/input/TaggedReader.java,3,2,8,6,22,24,2,5,2,2,0,3,2,commons-io,https://github.com/apache/commons-io.git,90c9d3936d5169637f6aa3be0cf5900211620612,c5adbaf78f9e4a730d43d410c441843dac6e6d23,Fix deprecation comments and end sentence with a period  - Add missing comment. - Close HTML tags. - Typos,1
src/main/java/org/apache/commons/io/input/Tailer.java,33,2,43,146,433,168,66,70,43,47,4,82,7,commons-io,https://github.com/apache/commons-io.git,90c9d3936d5169637f6aa3be0cf5900211620612,c5adbaf78f9e4a730d43d410c441843dac6e6d23,Fix deprecation comments and end sentence with a period  - Add missing comment. - Close HTML tags. - Typos,1
src/main/java/org/apache/commons/io/input/TeeInputStream.java,0,2,4,8,52,7,6,6,2,2,0,5,4,commons-io,https://github.com/apache/commons-io.git,90c9d3936d5169637f6aa3be0cf5900211620612,c5adbaf78f9e4a730d43d410c441843dac6e6d23,Fix deprecation comments and end sentence with a period  - Add missing comment. - Close HTML tags. - Typos,1
src/main/java/org/apache/commons/io/input/TeeReader.java,0,2,5,17,68,8,8,7,2,2,0,9,4,commons-io,https://github.com/apache/commons-io.git,90c9d3936d5169637f6aa3be0cf5900211620612,c5adbaf78f9e4a730d43d410c441843dac6e6d23,Fix deprecation comments and end sentence with a period  - Add missing comment. - Close HTML tags. - Typos,1
src/main/java/org/apache/commons/io/input/ThrottledInputStream.java,10,2,13,24,99,83,23,20,13,13,0,20,4,commons-io,https://github.com/apache/commons-io.git,90c9d3936d5169637f6aa3be0cf5900211620612,c5adbaf78f9e4a730d43d410c441843dac6e6d23,Fix deprecation comments and end sentence with a period  - Add missing comment. - Close HTML tags. - Typos,1
src/main/java/org/apache/commons/io/input/UncheckedFilterInputStream.java,10,2,8,15,52,39,9,3,3,3,0,2,3,commons-io,https://github.com/apache/commons-io.git,90c9d3936d5169637f6aa3be0cf5900211620612,c5adbaf78f9e4a730d43d410c441843dac6e6d23,Fix deprecation comments and end sentence with a period  - Add missing comment. - Close HTML tags. - Typos,1
src/main/java/org/apache/commons/io/input/UnixLineEndingInputStream.java,1,2,5,4,64,3,12,10,0,3,0,9,3,commons-io,https://github.com/apache/commons-io.git,90c9d3936d5169637f6aa3be0cf5900211620612,c5adbaf78f9e4a730d43d410c441843dac6e6d23,Fix deprecation comments and end sentence with a period  - Add missing comment. - Close HTML tags. - Typos,1
src/main/java/org/apache/commons/io/input/UnsupportedOperationExceptions.java,2,1,1,2,13,4,6,3,3,3,0,1,2,commons-io,https://github.com/apache/commons-io.git,90c9d3936d5169637f6aa3be0cf5900211620612,c5adbaf78f9e4a730d43d410c441843dac6e6d23,Fix deprecation comments and end sentence with a period  - Add missing comment. - Close HTML tags. - Typos,1
src/main/java/org/apache/commons/io/input/UnsynchronizedBufferedReader.java,6,2,17,22,243,101,33,45,1,4,5,57,7,commons-io,https://github.com/apache/commons-io.git,90c9d3936d5169637f6aa3be0cf5900211620612,c5adbaf78f9e4a730d43d410c441843dac6e6d23,Fix deprecation comments and end sentence with a period  - Add missing comment. - Close HTML tags. - Typos,1
src/main/java/org/apache/commons/io/input/UnsynchronizedByteArrayInputStream.java,14,2,13,29,145,66,21,28,15,19,0,23,4,commons-io,https://github.com/apache/commons-io.git,90c9d3936d5169637f6aa3be0cf5900211620612,c5adbaf78f9e4a730d43d410c441843dac6e6d23,Fix deprecation comments and end sentence with a period  - Add missing comment. - Close HTML tags. - Typos,1
src/main/java/org/apache/commons/io/input/XmlStreamReader.java,34,2,63,121,391,340,51,57,14,15,1,111,5,commons-io,https://github.com/apache/commons-io.git,90c9d3936d5169637f6aa3be0cf5900211620612,c5adbaf78f9e4a730d43d410c441843dac6e6d23,Fix deprecation comments and end sentence with a period  - Add missing comment. - Close HTML tags. - Typos,1
src/main/java/org/apache/commons/io/input/buffer/CircularBufferInputStream.java,4,2,9,14,78,7,10,12,1,2,2,12,4,commons-io,https://github.com/apache/commons-io.git,90c9d3936d5169637f6aa3be0cf5900211620612,c5adbaf78f9e4a730d43d410c441843dac6e6d23,Fix deprecation comments and end sentence with a period  - Add missing comment. - Close HTML tags. - Typos,1
src/main/java/org/apache/commons/io/input/buffer/CircularByteBuffer.java,4,1,13,4,126,29,20,34,10,13,3,22,4,commons-io,https://github.com/apache/commons-io.git,90c9d3936d5169637f6aa3be0cf5900211620612,c5adbaf78f9e4a730d43d410c441843dac6e6d23,Fix deprecation comments and end sentence with a period  - Add missing comment. - Close HTML tags. - Typos,1
src/main/java/org/apache/commons/io/input/buffer/PeekableInputStream.java,2,2,5,4,28,4,4,4,2,2,0,0,3,commons-io,https://github.com/apache/commons-io.git,90c9d3936d5169637f6aa3be0cf5900211620612,c5adbaf78f9e4a730d43d410c441843dac6e6d23,Fix deprecation comments and end sentence with a period  - Add missing comment. - Close HTML tags. - Typos,1
src/main/java/org/apache/commons/io/monitor/FileAlterationListener.java,0,1,1,0,12,4,0,0,0,0,0,0,1,commons-io,https://github.com/apache/commons-io.git,90c9d3936d5169637f6aa3be0cf5900211620612,c5adbaf78f9e4a730d43d410c441843dac6e6d23,Fix deprecation comments and end sentence with a period  - Add missing comment. - Close HTML tags. - Typos,1
src/main/java/org/apache/commons/io/monitor/FileAlterationListenerAdaptor.java,0,1,1,0,30,0,0,9,9,9,0,0,2,commons-io,https://github.com/apache/commons-io.git,90c9d3936d5169637f6aa3be0cf5900211620612,c5adbaf78f9e4a730d43d410c441843dac6e6d23,Fix deprecation comments and end sentence with a period  - Add missing comment. - Close HTML tags. - Typos,1
src/main/java/org/apache/commons/io/monitor/FileAlterationMonitor.java,5,1,13,19,104,14,4,22,8,10,3,8,4,commons-io,https://github.com/apache/commons-io.git,90c9d3936d5169637f6aa3be0cf5900211620612,c5adbaf78f9e4a730d43d410c441843dac6e6d23,Fix deprecation comments and end sentence with a period  - Add missing comment. - Close HTML tags. - Typos,1
src/main/java/org/apache/commons/io/monitor/FileAlterationObserver.java,14,2,30,92,231,128,30,47,29,32,3,28,5,commons-io,https://github.com/apache/commons-io.git,90c9d3936d5169637f6aa3be0cf5900211620612,c5adbaf78f9e4a730d43d410c441843dac6e6d23,Fix deprecation comments and end sentence with a period  - Add missing comment. - Close HTML tags. - Typos,1
src/main/java/org/apache/commons/io/monitor/FileEntry.java,4,1,10,13,103,65,26,23,17,22,0,20,3,commons-io,https://github.com/apache/commons-io.git,90c9d3936d5169637f6aa3be0cf5900211620612,c5adbaf78f9e4a730d43d410c441843dac6e6d23,Fix deprecation comments and end sentence with a period  - Add missing comment. - Close HTML tags. - Typos,1
src/main/java/org/apache/commons/io/output/AbstractByteArrayOutputStream.java,12,2,17,26,185,51,23,28,9,12,5,50,4,commons-io,https://github.com/apache/commons-io.git,90c9d3936d5169637f6aa3be0cf5900211620612,c5adbaf78f9e4a730d43d410c441843dac6e6d23,Fix deprecation comments and end sentence with a period  - Add missing comment. - Close HTML tags. - Typos,1
src/main/java/org/apache/commons/io/output/AppendableOutputStream.java,0,2,3,1,17,8,2,2,2,2,0,1,2,commons-io,https://github.com/apache/commons-io.git,90c9d3936d5169637f6aa3be0cf5900211620612,c5adbaf78f9e4a730d43d410c441843dac6e6d23,Fix deprecation comments and end sentence with a period  - Add missing comment. - Close HTML tags. - Typos,1
src/main/java/org/apache/commons/io/output/AppendableWriter.java,2,2,4,10,51,9,8,3,2,2,1,2,3,commons-io,https://github.com/apache/commons-io.git,90c9d3936d5169637f6aa3be0cf5900211620612,c5adbaf78f9e4a730d43d410c441843dac6e6d23,Fix deprecation comments and end sentence with a period  - Add missing comment. - Close HTML tags. - Typos,1
src/main/java/org/apache/commons/io/output/ByteArrayOutputStream.java,1,2,7,3,68,56,9,10,8,8,0,1,3,commons-io,https://github.com/apache/commons-io.git,90c9d3936d5169637f6aa3be0cf5900211620612,c5adbaf78f9e4a730d43d410c441843dac6e6d23,Fix deprecation comments and end sentence with a period  - Add missing comment. - Close HTML tags. - Typos,1
src/main/java/org/apache/commons/io/output/ChunkedOutputStream.java,4,2,9,13,56,43,5,8,5,5,1,11,3,commons-io,https://github.com/apache/commons-io.git,90c9d3936d5169637f6aa3be0cf5900211620612,c5adbaf78f9e4a730d43d410c441843dac6e6d23,Fix deprecation comments and end sentence with a period  - Add missing comment. - Close HTML tags. - Typos,1
src/main/java/org/apache/commons/io/output/CloseShieldOutputStream.java,0,2,2,0,15,4,2,3,3,3,0,1,2,commons-io,https://github.com/apache/commons-io.git,90c9d3936d5169637f6aa3be0cf5900211620612,c5adbaf78f9e4a730d43d410c441843dac6e6d23,Fix deprecation comments and end sentence with a period  - Add missing comment. - Close HTML tags. - Typos,1
src/main/java/org/apache/commons/io/output/ClosedOutputStream.java,1,2,7,1,24,4,0,1,1,1,0,2,2,commons-io,https://github.com/apache/commons-io.git,90c9d3936d5169637f6aa3be0cf5900211620612,c5adbaf78f9e4a730d43d410c441843dac6e6d23,Fix deprecation comments and end sentence with a period  - Add missing comment. - Close HTML tags. - Typos,1
src/main/java/org/apache/commons/io/output/ClosedWriter.java,2,2,6,2,22,4,0,1,1,1,0,2,2,commons-io,https://github.com/apache/commons-io.git,90c9d3936d5169637f6aa3be0cf5900211620612,c5adbaf78f9e4a730d43d410c441843dac6e6d23,Fix deprecation comments and end sentence with a period  - Add missing comment. - Close HTML tags. - Typos,1
src/main/java/org/apache/commons/io/output/NullWriter.java,3,2,3,6,49,4,6,11,11,11,0,2,2,commons-io,https://github.com/apache/commons-io.git,90c9d3936d5169637f6aa3be0cf5900211620612,c5adbaf78f9e4a730d43d410c441843dac6e6d23,Fix deprecation comments and end sentence with a period  - Add missing comment. - Close HTML tags. - Typos,1
src/main/java/org/apache/commons/io/output/ProxyWriter.java,4,2,4,13,117,12,6,10,1,1,0,3,3,commons-io,https://github.com/apache/commons-io.git,90c9d3936d5169637f6aa3be0cf5900211620612,c5adbaf78f9e4a730d43d410c441843dac6e6d23,Fix deprecation comments and end sentence with a period  - Add missing comment. - Close HTML tags. - Typos,1
src/main/java/org/apache/commons/io/output/TeeOutputStream.java,0,2,2,10,38,8,0,1,0,1,0,1,3,commons-io,https://github.com/apache/commons-io.git,90c9d3936d5169637f6aa3be0cf5900211620612,c5adbaf78f9e4a730d43d410c441843dac6e6d23,Fix deprecation comments and end sentence with a period  - Add missing comment. - Close HTML tags. - Typos,1
src/main/java/org/apache/commons/io/output/WriterOutputStream.java,17,2,23,63,184,71,11,24,12,14,3,27,4,commons-io,https://github.com/apache/commons-io.git,90c9d3936d5169637f6aa3be0cf5900211620612,c5adbaf78f9e4a730d43d410c441843dac6e6d23,Fix deprecation comments and end sentence with a period  - Add missing comment. - Close HTML tags. - Typos,1
src/main/java/org/apache/commons/io/serialization/ClassNameMatcher.java,0,1,0,0,5,0,1,0,0,0,0,0,2,commons-io,https://github.com/apache/commons-io.git,90c9d3936d5169637f6aa3be0cf5900211620612,c5adbaf78f9e4a730d43d410c441843dac6e6d23,Fix deprecation comments and end sentence with a period  - Add missing comment. - Close HTML tags. - Typos,1
src/main/java/org/apache/commons/io/serialization/FullClassNameMatcher.java,2,1,4,3,15,8,1,1,1,1,0,1,2,commons-io,https://github.com/apache/commons-io.git,90c9d3936d5169637f6aa3be0cf5900211620612,c5adbaf78f9e4a730d43d410c441843dac6e6d23,Fix deprecation comments and end sentence with a period  - Add missing comment. - Close HTML tags. - Typos,1
src/main/java/org/apache/commons/io/serialization/ObjectStreamClassPredicate.java,4,1,10,22,62,64,22,15,11,11,2,2,4,commons-io,https://github.com/apache/commons-io.git,90c9d3936d5169637f6aa3be0cf5900211620612,c5adbaf78f9e4a730d43d410c441843dac6e6d23,Fix deprecation comments and end sentence with a period  - Add missing comment. - Close HTML tags. - Typos,1
src/main/java/org/apache/commons/io/serialization/RegexpClassNameMatcher.java,2,1,2,4,16,4,1,1,1,1,0,1,2,commons-io,https://github.com/apache/commons-io.git,90c9d3936d5169637f6aa3be0cf5900211620612,c5adbaf78f9e4a730d43d410c441843dac6e6d23,Fix deprecation comments and end sentence with a period  - Add missing comment. - Close HTML tags. - Typos,1
src/main/java/org/apache/commons/io/serialization/ValidatingObjectInputStream.java,5,2,19,44,131,155,45,22,20,20,1,17,3,commons-io,https://github.com/apache/commons-io.git,90c9d3936d5169637f6aa3be0cf5900211620612,c5adbaf78f9e4a730d43d410c441843dac6e6d23,Fix deprecation comments and end sentence with a period  - Add missing comment. - Close HTML tags. - Typos,1
src/main/java/org/apache/commons/io/output/AbstractByteArrayOutputStream.java,12,2,17,26,185,51,23,28,9,12,5,50,4,commons-io,https://github.com/apache/commons-io.git,6f2b06b9719fe6cad6e6e9f6ea3f8155ff43679a,8e88c6e0d847cbaa6068be98705cc2bc61b934ea,Fix: The type parameter T is hiding the type T,1
src/main/java/org/apache/commons/io/IOUtils.java,146,2,122,282,1133,1372,269,206,73,73,24,193,7,commons-io,https://github.com/apache/commons-io.git,65f8e5d55d02c2503e122a1d35601eba3c315e73,1f80529bc386e0b32e7674caebd83f8edb0eadfb,"Sppedup IOUtils.contentEquals(Reader, Reader)  - ~2.6x speedup on StringReader input - ~10% speed on file resource as InputStreamReader  Benchmark Mode  Cnt          Score         Error  Units IOUtilsContentEqualsReadersBenchmark_2_22_0.testFileCurrent avgt    5     105274.452 ±    1466.048  ns/op IOUtilsContentEqualsReadersBenchmark_2_22_0.testFileRelease2_22_0 avgt    5     107500.847 ±    1752.422  ns/op IOUtilsContentEqualsReadersBenchmark_2_22_0.testFile_2_21_0 avgt    5     115720.416 ±    1209.652  ns/op IOUtilsContentEqualsReadersBenchmark_2_22_0.testStringCurrent avgt    5  113330719.330 ± 1187191.151  ns/op IOUtilsContentEqualsReadersBenchmark_2_22_0.testStringRelease2_22_0 avgt    5  110389392.582 ±  785367.455  ns/op IOUtilsContentEqualsReadersBenchmark_2_22_0.testString_2_21_0 avgt    5  284939866.619 ± 9969793.485  ns/op  Apache Maven 3.9.12 (848fbb4bf2d427b72bdb2471c22fced7ebd9a7a1) Maven home: /opt/homebrew/Cellar/maven/3.9.12/libexec Java version: 21.0.9, vendor: Homebrew, runtime: /opt/homebrew/Cellar/openjdk@21/21.0.9/libexec/openjdk.jdk/Contents/Home Default locale: en_US, platform encoding: UTF-8 OS name: ""mac os x"", version: ""26.2"", arch: ""aarch64"", family: ""mac""",1
src/main/java/org/apache/commons/io/DirectoryWalker.java,8,2,16,19,137,329,18,31,20,20,1,46,7,commons-io,https://github.com/apache/commons-io.git,56f1f77c20f696058bb265a4a43ebbef0fc8d27a,b953e196138234f2295b0a4e12d9c3d8a00520ec,Fix malformed Javadoc comments,1
src/main/java/org/apache/commons/io/FileUtils.java,207,1,118,445,1025,830,206,158,63,63,10,114,7,commons-io,https://github.com/apache/commons-io.git,56f1f77c20f696058bb265a4a43ebbef0fc8d27a,b953e196138234f2295b0a4e12d9c3d8a00520ec,Fix malformed Javadoc comments,1
src/main/java/org/apache/commons/io/IOUtils.java,146,2,122,282,1133,1362,269,206,73,73,24,193,7,commons-io,https://github.com/apache/commons-io.git,56f1f77c20f696058bb265a4a43ebbef0fc8d27a,b953e196138234f2295b0a4e12d9c3d8a00520ec,Fix malformed Javadoc comments,1
src/main/java/org/apache/commons/io/input/ProxyInputStream.java,3,2,7,19,137,135,27,18,9,10,0,8,4,commons-io,https://github.com/apache/commons-io.git,56f1f77c20f696058bb265a4a43ebbef0fc8d27a,b953e196138234f2295b0a4e12d9c3d8a00520ec,Fix malformed Javadoc comments,1
src/main/java/org/apache/commons/io/channels/ByteArraySeekableByteChannel.java,5,2,17,21,181,52,17,26,8,11,1,27,4,commons-io,https://github.com/apache/commons-io.git,208887b4e351a3e2ef3cec77238b0677136fb051,208887b4e351a3e2ef3cec77238b0677136fb051,ByteArraySeekableByteChannel.position|truncate(long) shouldn't throw an IllegalArgumentException for a new positive position that's too large (#817)  * [IO-856] Try test on all OSs for GitHub CI  * ByteArraySeekableByteChannel.position|truncate(long) shouldn't throw an IllegalArgumentException for a new positive position that's too large  * Throw IOException instead of OutOfMemoryError  * Refactor internals for safer and less type casting,0
src/main/java/org/apache/commons/io/input/XmlStreamReader.java,34,2,64,121,392,340,51,57,14,15,1,111,5,commons-io,https://github.com/apache/commons-io.git,1cf65a66e793a9e4cbfc0d0cecc29b7df341e1a5,af17dc6ce77d47ab57ad484f5d936004a5bf24a2,Fix javadoc to indicate the correct class that is built. (#806),1
src/main/java/org/apache/commons/io/CopyUtils.java,7,1,23,17,111,68,4,3,1,1,2,23,3,commons-io,https://github.com/apache/commons-io.git,f76ee129d348f04c540d205856853e587ae22766,3c5166e34e19efe35b522badd08e5e7960d9c49e,"Fix concurrency issue in `IOUtils.skip` (#801)  * Fix concurrency issue in `IOUtils.skip`  This patch addresses a concurrency problem in `IOUtils.skip`, as reported in [COMPRESS-666](https://issues.apache.org/jira/browse/COMPRESS-666) and [COMPRESS-697](https://issues.apache.org/jira/browse/COMPRESS-697).  Previously, `IOUtils.skip` relied on `InputStream#read` to skip bytes, using a buffer shared across **all** threads. Although `IOUtils.skip` itself does not consume the data read, certain `InputStream` implementations (e.g. `ChecksumInputStream`) may process that data internally.  In concurrent scenarios, this shared buffer could be overwritten by another thread between the `read` and the subsequent internal processing (such as checksum calculation), leading to incorrect behavior.  This change reverts commit c12eaff7f747353a7a9a97df735fd3301f42e313 and restores the use of a **per-thread buffer** in `IOUtils.skip`, ensuring thread safety and correct behavior in concurrent environments.  * Adds a reentrancy guard to the thread-local pool  * Apply suggestion from @Copilot (1)  Co-authored-by: Copilot <175728472+Copilot@users.noreply.github.com>  * Apply suggestions from @Copilot (2)  Co-authored-by: Copilot <175728472+Copilot@users.noreply.github.com>  ---------  Co-authored-by: Copilot <175728472+Copilot@users.noreply.github.com>",1
src/main/java/org/apache/commons/io/IOUtils.java,135,1,118,263,1090,1310,269,198,70,70,24,172,6,commons-io,https://github.com/apache/commons-io.git,f76ee129d348f04c540d205856853e587ae22766,3c5166e34e19efe35b522badd08e5e7960d9c49e,"Fix concurrency issue in `IOUtils.skip` (#801)  * Fix concurrency issue in `IOUtils.skip`  This patch addresses a concurrency problem in `IOUtils.skip`, as reported in [COMPRESS-666](https://issues.apache.org/jira/browse/COMPRESS-666) and [COMPRESS-697](https://issues.apache.org/jira/browse/COMPRESS-697).  Previously, `IOUtils.skip` relied on `InputStream#read` to skip bytes, using a buffer shared across **all** threads. Although `IOUtils.skip` itself does not consume the data read, certain `InputStream` implementations (e.g. `ChecksumInputStream`) may process that data internally.  In concurrent scenarios, this shared buffer could be overwritten by another thread between the `read` and the subsequent internal processing (such as checksum calculation), leading to incorrect behavior.  This change reverts commit c12eaff7f747353a7a9a97df735fd3301f42e313 and restores the use of a **per-thread buffer** in `IOUtils.skip`, ensuring thread safety and correct behavior in concurrent environments.  * Adds a reentrancy guard to the thread-local pool  * Apply suggestion from @Copilot (1)  Co-authored-by: Copilot <175728472+Copilot@users.noreply.github.com>  * Apply suggestions from @Copilot (2)  Co-authored-by: Copilot <175728472+Copilot@users.noreply.github.com>  ---------  Co-authored-by: Copilot <175728472+Copilot@users.noreply.github.com>",1
src/main/java/org/apache/commons/io/channels/CloseShieldChannel.java,4,2,7,14,34,33,4,7,3,3,2,4,5,commons-io,https://github.com/apache/commons-io.git,08573a672d6b24f6340e7111324a85d15c1542ea,f51d19cabad7b8c67e2992a2ab22465658249485,"Fixes issues in `CloseShieldChannel` (#799)  * Fixes issues in `CloseShieldChannel`  Two bugs in the `CloseShieldChannel` helper make it unreliable in practice:  1. **Type-erasure bug in `T wrap(T)`**    The method signature only works correctly when `T` is an **interface** extending `Channel`.    Since Java’s type system doesn’t allow constraining `T` to “interface types only,” this could lead to unexpected runtime `ClassCastException`s even though the code compiles successfully.  2. **Incomplete interface discovery**    The implementation only inspected interfaces **directly** implemented by the given channel’s class, ignoring those inherited from its superclasses.    As a result, proxies for types such as `FileChannel` did not expose any of the interfaces declared on `FileChannel` itself.  #### Fixes  This PR addresses both issues:  * **Reworks the API signature**    * Replaces `T wrap(T)` with its erasure: `Channel wrap(Channel)`.   * Introduces a new overload: `T wrap(T, Class<T>)`, which allows callers to explicitly specify the interface type they expect.     This version fails fast with a clear `IllegalArgumentException` if the provided type is not an interface, instead of allowing a `ClassCastException` later.  * **Improves interface collection logic**    * Updates the implementation to include interfaces declared on superclasses, ensuring all relevant `Channel` interfaces are correctly proxied.  * Fixes interface discovery in `CloseShieldChannel`  This PR is split from #799.  The `CloseShieldChannel` implementation only inspects interfaces **directly** implemented by the given channel’s class, ignoring those inherited from its superclasses. As a result, proxies for types such as `FileChannel` does not expose any of the interfaces declared on `FileChannel` itself.  * fix: add overloads for commons channel types  * fix: add `ByteChannel` overload to resolve ambiguity  * fix: Limit interfaces to those verified.  * fix: rollback previous test  * fix: Restore generic method",1
src/main/java/org/apache/commons/io/channels/CloseShieldChannelHandler.java,9,1,10,27,80,15,18,16,4,4,0,8,6,commons-io,https://github.com/apache/commons-io.git,08573a672d6b24f6340e7111324a85d15c1542ea,f51d19cabad7b8c67e2992a2ab22465658249485,"Fixes issues in `CloseShieldChannel` (#799)  * Fixes issues in `CloseShieldChannel`  Two bugs in the `CloseShieldChannel` helper make it unreliable in practice:  1. **Type-erasure bug in `T wrap(T)`**    The method signature only works correctly when `T` is an **interface** extending `Channel`.    Since Java’s type system doesn’t allow constraining `T` to “interface types only,” this could lead to unexpected runtime `ClassCastException`s even though the code compiles successfully.  2. **Incomplete interface discovery**    The implementation only inspected interfaces **directly** implemented by the given channel’s class, ignoring those inherited from its superclasses.    As a result, proxies for types such as `FileChannel` did not expose any of the interfaces declared on `FileChannel` itself.  #### Fixes  This PR addresses both issues:  * **Reworks the API signature**    * Replaces `T wrap(T)` with its erasure: `Channel wrap(Channel)`.   * Introduces a new overload: `T wrap(T, Class<T>)`, which allows callers to explicitly specify the interface type they expect.     This version fails fast with a clear `IllegalArgumentException` if the provided type is not an interface, instead of allowing a `ClassCastException` later.  * **Improves interface collection logic**    * Updates the implementation to include interfaces declared on superclasses, ensuring all relevant `Channel` interfaces are correctly proxied.  * Fixes interface discovery in `CloseShieldChannel`  This PR is split from #799.  The `CloseShieldChannel` implementation only inspects interfaces **directly** implemented by the given channel’s class, ignoring those inherited from its superclasses. As a result, proxies for types such as `FileChannel` does not expose any of the interfaces declared on `FileChannel` itself.  * fix: add overloads for commons channel types  * fix: add `ByteChannel` overload to resolve ambiguity  * fix: Limit interfaces to those verified.  * fix: rollback previous test  * fix: Restore generic method",1
src/main/java/org/apache/commons/io/channels/CloseShieldChannel.java,4,2,7,13,30,30,4,5,2,2,1,2,4,commons-io,https://github.com/apache/commons-io.git,2542ebc485b095931bb9215a1715554a2bfd77de,b95cbfa29df2928578a133b395a3e03dd05658fb,"Fixes interface discovery in `CloseShieldChannel` (#800)  This PR is split from #799.  The `CloseShieldChannel` implementation only inspects interfaces **directly** implemented by the given channel’s class, ignoring those inherited from its superclasses. As a result, proxies for types such as `FileChannel` does not expose any of the interfaces declared on `FileChannel` itself.",1
src/main/java/org/apache/commons/io/IOUtils.java,130,1,118,259,1089,1307,269,198,70,70,24,168,6,commons-io,https://github.com/apache/commons-io.git,d190051aceefe8ba4eb1b79aa69d4ee8b502beff,6b41b2efbcf7e7dac52d2c485c9e1f5d0873c23b,Better exception messages  Better unit test messages,1
src/main/java/org/apache/commons/io/input/ReadAheadInputStream.java,12,2,28,90,334,60,28,45,3,13,2,48,6,commons-io,https://github.com/apache/commons-io.git,d190051aceefe8ba4eb1b79aa69d4ee8b502beff,6b41b2efbcf7e7dac52d2c485c9e1f5d0873c23b,Better exception messages  Better unit test messages,1
src/main/java/org/apache/commons/io/IOUtils.java,130,1,118,259,1089,1307,269,198,70,70,24,168,6,commons-io,https://github.com/apache/commons-io.git,8178f48ed70b7c023f741a602b493e110880aa5b,45578a74f54886a2e2b4b72f8faeda0728146f14,"Fix inconsistent exception in `IOUtils.toByteArray` (#796)  The implementation of `IOUtils.toByteArray(InputStream, int, int)` added in #776 throws different exceptions depending on the requested size:  * For request sizes larger than the internal chunk size, it correctly throws an `EOFException`. * For smaller requests, it incorrectly throws a generic `IOException`.  This PR makes the behavior consistent by always throwing an `EOFException` when the stream ends prematurely.  Note: This also affects `RandomAccessFiles.read`. Its previous truncation behavior was undocumented and inconsistent with `RandomAccessFile.read` (which reads as much as possible). The new behavior is not explicitly documented here either, since it is unclear whether throwing on truncation is actually desirable.",1
src/main/java/org/apache/commons/io/IOUtils.java,130,1,120,259,1100,1312,272,201,70,70,24,169,6,commons-io,https://github.com/apache/commons-io.git,45578a74f54886a2e2b4b72f8faeda0728146f14,07d2cd9c493baae1e82553b3da420d17a6093c05,"Add missing `read` argument validation in `IOUtils` (#795)  * Add missing `read` argument validation in `IOUtils`  In #790 I introduced `IOUtils#checkIndexFromLength` calls to validate arguments across the codebase. Ironically, the `IOUtils` class itself was left out.  This PR addresses that omission by adding argument validation to `IOUtils#read` and `IOUtils#readFully`.  Key points:  * Ensures consistency with the rest of Commons IO by validating `offset` and `length`. * Fixes inconsistent exception behavior:    * Previously, `length < 0` resulted in an `IllegalArgumentException`.   * `offset < 0` did not trigger validation and failed later with an `IndexOutOfBoundsException`. * With this change, both invalid cases are handled consistently and upfront.  * fix: failing tests",1
src/main/java/org/apache/commons/io/file/PathUtils.java,160,2,82,316,834,353,248,117,42,42,4,115,7,commons-io,https://github.com/apache/commons-io.git,f6683b81b427bf4a0b6772db99cf5f09a7891772,8b486d47d8da83e5caec6716e1cde7e5030ed7f6,"fix: prefer POSIX to DOS attributes when both are available  On Linux/Unix, both POSIX and DOS attribute views may be supported, while on Windows only DOS attributes are available. Check for POSIX first to ensure the correct view is used across platforms.",1
src/main/java/org/apache/commons/io/file/PathUtils.java,160,2,82,316,835,353,248,117,42,42,4,116,7,commons-io,https://github.com/apache/commons-io.git,8b486d47d8da83e5caec6716e1cde7e5030ed7f6,4e821bfc822820681c3831734fe221c27d076f6b,fix: Spotbugs failure,1
src/main/java/org/apache/commons/io/IOUtils.java,119,1,118,244,1078,1140,266,188,64,64,24,169,6,commons-io,https://github.com/apache/commons-io.git,6d3ce61418fe49031c6b75f58253a2d5a9eceddc,13087b25ec3fd5af0bce5e0220b81b4620991291,"Backport `Objects.checkFromIndexSize` to `IOUtils` (#790)  * Backport `Objects.checkFromIndexSize` to `IOUtils`  Java 9 introduced `Objects.checkFromIndexSize` for validating the offset/length ranges used in `read` and `write` operations.  This PR adds an equivalent method, `IOUtils.checkFromIndexSize`, to provide the same validation in Commons IO. It simplifies range checks in stream implementations and makes the utility available to projects that still target Java 8.  * Add changelog entry  * fix: apply `IOUtils.checkIndexFromSize` to all streams  * fix: failing tests  * fix: inline static import  * fix: add usage examples to Javadoc  * fix: Javadoc for JDK 8 and 11  * fix: remove `@Override` from code snippet  There is no way to insert `@Override` in a Javadoc snippet without triggering a warning in either Java 8 or 21.  * fix: `ClosedReader` Javadoc and tests  * fix: revert `BrokenReader` and add tests  The tests are improved to ensure that the given exception is thrown **before** parameter validation.  * fix: remove `BrokenReader.read(char[]/CharBuffer)` overrides  * fix: revert `BrokenWriter`  Revert `BrokenWriter` and add test cases to ensure the exception is thrown **before** parameter validation.  * fix: Checkstyle failures  * fix: revert `ClosedWriter` and add tests  * fix: revert `FilterCollectionWriter` changes  * fix: fix `NullAppendable` Javadoc  * fix: fix `NullOutputStream` Javadoc and enhance tests  * fix: fix `NullWriter` Javadoc and enhance tests  * fix: `NullInputStream` Javadoc  * fix: `ClosedOutputStream` Javadoc  * fix: `StringBuilderWriter` behavior and Javadoc  * fix: restore `NullWriter` comment  * fix: `checkFromToIndex` logical or  * fix: document `IndexOutOfBoundsException`  * fix: `ClosedInputStream` and `ThresholdingOutputStream` javadoc",1
src/main/java/org/apache/commons/io/input/BOMInputStream.java,13,2,15,57,178,155,35,32,7,13,3,39,3,commons-io,https://github.com/apache/commons-io.git,6d3ce61418fe49031c6b75f58253a2d5a9eceddc,13087b25ec3fd5af0bce5e0220b81b4620991291,"Backport `Objects.checkFromIndexSize` to `IOUtils` (#790)  * Backport `Objects.checkFromIndexSize` to `IOUtils`  Java 9 introduced `Objects.checkFromIndexSize` for validating the offset/length ranges used in `read` and `write` operations.  This PR adds an equivalent method, `IOUtils.checkFromIndexSize`, to provide the same validation in Commons IO. It simplifies range checks in stream implementations and makes the utility available to projects that still target Java 8.  * Add changelog entry  * fix: apply `IOUtils.checkIndexFromSize` to all streams  * fix: failing tests  * fix: inline static import  * fix: add usage examples to Javadoc  * fix: Javadoc for JDK 8 and 11  * fix: remove `@Override` from code snippet  There is no way to insert `@Override` in a Javadoc snippet without triggering a warning in either Java 8 or 21.  * fix: `ClosedReader` Javadoc and tests  * fix: revert `BrokenReader` and add tests  The tests are improved to ensure that the given exception is thrown **before** parameter validation.  * fix: remove `BrokenReader.read(char[]/CharBuffer)` overrides  * fix: revert `BrokenWriter`  Revert `BrokenWriter` and add test cases to ensure the exception is thrown **before** parameter validation.  * fix: Checkstyle failures  * fix: revert `ClosedWriter` and add tests  * fix: revert `FilterCollectionWriter` changes  * fix: fix `NullAppendable` Javadoc  * fix: fix `NullOutputStream` Javadoc and enhance tests  * fix: fix `NullWriter` Javadoc and enhance tests  * fix: `NullInputStream` Javadoc  * fix: `ClosedOutputStream` Javadoc  * fix: `StringBuilderWriter` behavior and Javadoc  * fix: restore `NullWriter` comment  * fix: `checkFromToIndex` logical or  * fix: document `IndexOutOfBoundsException`  * fix: `ClosedInputStream` and `ThresholdingOutputStream` javadoc",1
src/main/java/org/apache/commons/io/input/BoundedReader.java,0,2,3,4,54,10,7,5,0,1,1,10,4,commons-io,https://github.com/apache/commons-io.git,6d3ce61418fe49031c6b75f58253a2d5a9eceddc,13087b25ec3fd5af0bce5e0220b81b4620991291,"Backport `Objects.checkFromIndexSize` to `IOUtils` (#790)  * Backport `Objects.checkFromIndexSize` to `IOUtils`  Java 9 introduced `Objects.checkFromIndexSize` for validating the offset/length ranges used in `read` and `write` operations.  This PR adds an equivalent method, `IOUtils.checkFromIndexSize`, to provide the same validation in Commons IO. It simplifies range checks in stream implementations and makes the utility available to projects that still target Java 8.  * Add changelog entry  * fix: apply `IOUtils.checkIndexFromSize` to all streams  * fix: failing tests  * fix: inline static import  * fix: add usage examples to Javadoc  * fix: Javadoc for JDK 8 and 11  * fix: remove `@Override` from code snippet  There is no way to insert `@Override` in a Javadoc snippet without triggering a warning in either Java 8 or 21.  * fix: `ClosedReader` Javadoc and tests  * fix: revert `BrokenReader` and add tests  The tests are improved to ensure that the given exception is thrown **before** parameter validation.  * fix: remove `BrokenReader.read(char[]/CharBuffer)` overrides  * fix: revert `BrokenWriter`  Revert `BrokenWriter` and add test cases to ensure the exception is thrown **before** parameter validation.  * fix: Checkstyle failures  * fix: revert `ClosedWriter` and add tests  * fix: revert `FilterCollectionWriter` changes  * fix: fix `NullAppendable` Javadoc  * fix: fix `NullOutputStream` Javadoc and enhance tests  * fix: fix `NullWriter` Javadoc and enhance tests  * fix: `NullInputStream` Javadoc  * fix: `ClosedOutputStream` Javadoc  * fix: `StringBuilderWriter` behavior and Javadoc  * fix: restore `NullWriter` comment  * fix: `checkFromToIndex` logical or  * fix: document `IndexOutOfBoundsException`  * fix: `ClosedInputStream` and `ThresholdingOutputStream` javadoc",1
src/main/java/org/apache/commons/io/input/BufferedFileChannelInputStream.java,10,2,14,44,139,64,21,17,4,5,1,12,4,commons-io,https://github.com/apache/commons-io.git,6d3ce61418fe49031c6b75f58253a2d5a9eceddc,13087b25ec3fd5af0bce5e0220b81b4620991291,"Backport `Objects.checkFromIndexSize` to `IOUtils` (#790)  * Backport `Objects.checkFromIndexSize` to `IOUtils`  Java 9 introduced `Objects.checkFromIndexSize` for validating the offset/length ranges used in `read` and `write` operations.  This PR adds an equivalent method, `IOUtils.checkFromIndexSize`, to provide the same validation in Commons IO. It simplifies range checks in stream implementations and makes the utility available to projects that still target Java 8.  * Add changelog entry  * fix: apply `IOUtils.checkIndexFromSize` to all streams  * fix: failing tests  * fix: inline static import  * fix: add usage examples to Javadoc  * fix: Javadoc for JDK 8 and 11  * fix: remove `@Override` from code snippet  There is no way to insert `@Override` in a Javadoc snippet without triggering a warning in either Java 8 or 21.  * fix: `ClosedReader` Javadoc and tests  * fix: revert `BrokenReader` and add tests  The tests are improved to ensure that the given exception is thrown **before** parameter validation.  * fix: remove `BrokenReader.read(char[]/CharBuffer)` overrides  * fix: revert `BrokenWriter`  Revert `BrokenWriter` and add test cases to ensure the exception is thrown **before** parameter validation.  * fix: Checkstyle failures  * fix: revert `ClosedWriter` and add tests  * fix: revert `FilterCollectionWriter` changes  * fix: fix `NullAppendable` Javadoc  * fix: fix `NullOutputStream` Javadoc and enhance tests  * fix: fix `NullWriter` Javadoc and enhance tests  * fix: `NullInputStream` Javadoc  * fix: `ClosedOutputStream` Javadoc  * fix: `StringBuilderWriter` behavior and Javadoc  * fix: restore `NullWriter` comment  * fix: `checkFromToIndex` logical or  * fix: document `IndexOutOfBoundsException`  * fix: `ClosedInputStream` and `ThresholdingOutputStream` javadoc",1
src/main/java/org/apache/commons/io/input/CharSequenceInputStream.java,15,2,20,77,196,72,22,31,13,15,4,27,5,commons-io,https://github.com/apache/commons-io.git,6d3ce61418fe49031c6b75f58253a2d5a9eceddc,13087b25ec3fd5af0bce5e0220b81b4620991291,"Backport `Objects.checkFromIndexSize` to `IOUtils` (#790)  * Backport `Objects.checkFromIndexSize` to `IOUtils`  Java 9 introduced `Objects.checkFromIndexSize` for validating the offset/length ranges used in `read` and `write` operations.  This PR adds an equivalent method, `IOUtils.checkFromIndexSize`, to provide the same validation in Commons IO. It simplifies range checks in stream implementations and makes the utility available to projects that still target Java 8.  * Add changelog entry  * fix: apply `IOUtils.checkIndexFromSize` to all streams  * fix: failing tests  * fix: inline static import  * fix: add usage examples to Javadoc  * fix: Javadoc for JDK 8 and 11  * fix: remove `@Override` from code snippet  There is no way to insert `@Override` in a Javadoc snippet without triggering a warning in either Java 8 or 21.  * fix: `ClosedReader` Javadoc and tests  * fix: revert `BrokenReader` and add tests  The tests are improved to ensure that the given exception is thrown **before** parameter validation.  * fix: remove `BrokenReader.read(char[]/CharBuffer)` overrides  * fix: revert `BrokenWriter`  Revert `BrokenWriter` and add test cases to ensure the exception is thrown **before** parameter validation.  * fix: Checkstyle failures  * fix: revert `ClosedWriter` and add tests  * fix: revert `FilterCollectionWriter` changes  * fix: fix `NullAppendable` Javadoc  * fix: fix `NullOutputStream` Javadoc and enhance tests  * fix: fix `NullWriter` Javadoc and enhance tests  * fix: `NullInputStream` Javadoc  * fix: `ClosedOutputStream` Javadoc  * fix: `StringBuilderWriter` behavior and Javadoc  * fix: restore `NullWriter` comment  * fix: `checkFromToIndex` logical or  * fix: document `IndexOutOfBoundsException`  * fix: `ClosedInputStream` and `ThresholdingOutputStream` javadoc",1
src/main/java/org/apache/commons/io/input/CharSequenceReader.java,7,2,8,15,122,51,24,26,12,14,1,26,4,commons-io,https://github.com/apache/commons-io.git,6d3ce61418fe49031c6b75f58253a2d5a9eceddc,13087b25ec3fd5af0bce5e0220b81b4620991291,"Backport `Objects.checkFromIndexSize` to `IOUtils` (#790)  * Backport `Objects.checkFromIndexSize` to `IOUtils`  Java 9 introduced `Objects.checkFromIndexSize` for validating the offset/length ranges used in `read` and `write` operations.  This PR adds an equivalent method, `IOUtils.checkFromIndexSize`, to provide the same validation in Commons IO. It simplifies range checks in stream implementations and makes the utility available to projects that still target Java 8.  * Add changelog entry  * fix: apply `IOUtils.checkIndexFromSize` to all streams  * fix: failing tests  * fix: inline static import  * fix: add usage examples to Javadoc  * fix: Javadoc for JDK 8 and 11  * fix: remove `@Override` from code snippet  There is no way to insert `@Override` in a Javadoc snippet without triggering a warning in either Java 8 or 21.  * fix: `ClosedReader` Javadoc and tests  * fix: revert `BrokenReader` and add tests  The tests are improved to ensure that the given exception is thrown **before** parameter validation.  * fix: remove `BrokenReader.read(char[]/CharBuffer)` overrides  * fix: revert `BrokenWriter`  Revert `BrokenWriter` and add test cases to ensure the exception is thrown **before** parameter validation.  * fix: Checkstyle failures  * fix: revert `ClosedWriter` and add tests  * fix: revert `FilterCollectionWriter` changes  * fix: fix `NullAppendable` Javadoc  * fix: fix `NullOutputStream` Javadoc and enhance tests  * fix: fix `NullWriter` Javadoc and enhance tests  * fix: `NullInputStream` Javadoc  * fix: `ClosedOutputStream` Javadoc  * fix: `StringBuilderWriter` behavior and Javadoc  * fix: restore `NullWriter` comment  * fix: `checkFromToIndex` logical or  * fix: document `IndexOutOfBoundsException`  * fix: `ClosedInputStream` and `ThresholdingOutputStream` javadoc",1
src/main/java/org/apache/commons/io/input/ClosedInputStream.java,0,2,5,0,23,5,6,3,3,3,0,2,2,commons-io,https://github.com/apache/commons-io.git,6d3ce61418fe49031c6b75f58253a2d5a9eceddc,13087b25ec3fd5af0bce5e0220b81b4620991291,"Backport `Objects.checkFromIndexSize` to `IOUtils` (#790)  * Backport `Objects.checkFromIndexSize` to `IOUtils`  Java 9 introduced `Objects.checkFromIndexSize` for validating the offset/length ranges used in `read` and `write` operations.  This PR adds an equivalent method, `IOUtils.checkFromIndexSize`, to provide the same validation in Commons IO. It simplifies range checks in stream implementations and makes the utility available to projects that still target Java 8.  * Add changelog entry  * fix: apply `IOUtils.checkIndexFromSize` to all streams  * fix: failing tests  * fix: inline static import  * fix: add usage examples to Javadoc  * fix: Javadoc for JDK 8 and 11  * fix: remove `@Override` from code snippet  There is no way to insert `@Override` in a Javadoc snippet without triggering a warning in either Java 8 or 21.  * fix: `ClosedReader` Javadoc and tests  * fix: revert `BrokenReader` and add tests  The tests are improved to ensure that the given exception is thrown **before** parameter validation.  * fix: remove `BrokenReader.read(char[]/CharBuffer)` overrides  * fix: revert `BrokenWriter`  Revert `BrokenWriter` and add test cases to ensure the exception is thrown **before** parameter validation.  * fix: Checkstyle failures  * fix: revert `ClosedWriter` and add tests  * fix: revert `FilterCollectionWriter` changes  * fix: fix `NullAppendable` Javadoc  * fix: fix `NullOutputStream` Javadoc and enhance tests  * fix: fix `NullWriter` Javadoc and enhance tests  * fix: `NullInputStream` Javadoc  * fix: `ClosedOutputStream` Javadoc  * fix: `StringBuilderWriter` behavior and Javadoc  * fix: restore `NullWriter` comment  * fix: `checkFromToIndex` logical or  * fix: document `IndexOutOfBoundsException`  * fix: `ClosedInputStream` and `ThresholdingOutputStream` javadoc",1
src/main/java/org/apache/commons/io/input/ClosedReader.java,0,2,5,0,19,4,2,2,2,2,0,2,2,commons-io,https://github.com/apache/commons-io.git,6d3ce61418fe49031c6b75f58253a2d5a9eceddc,13087b25ec3fd5af0bce5e0220b81b4620991291,"Backport `Objects.checkFromIndexSize` to `IOUtils` (#790)  * Backport `Objects.checkFromIndexSize` to `IOUtils`  Java 9 introduced `Objects.checkFromIndexSize` for validating the offset/length ranges used in `read` and `write` operations.  This PR adds an equivalent method, `IOUtils.checkFromIndexSize`, to provide the same validation in Commons IO. It simplifies range checks in stream implementations and makes the utility available to projects that still target Java 8.  * Add changelog entry  * fix: apply `IOUtils.checkIndexFromSize` to all streams  * fix: failing tests  * fix: inline static import  * fix: add usage examples to Javadoc  * fix: Javadoc for JDK 8 and 11  * fix: remove `@Override` from code snippet  There is no way to insert `@Override` in a Javadoc snippet without triggering a warning in either Java 8 or 21.  * fix: `ClosedReader` Javadoc and tests  * fix: revert `BrokenReader` and add tests  The tests are improved to ensure that the given exception is thrown **before** parameter validation.  * fix: remove `BrokenReader.read(char[]/CharBuffer)` overrides  * fix: revert `BrokenWriter`  Revert `BrokenWriter` and add test cases to ensure the exception is thrown **before** parameter validation.  * fix: Checkstyle failures  * fix: revert `ClosedWriter` and add tests  * fix: revert `FilterCollectionWriter` changes  * fix: fix `NullAppendable` Javadoc  * fix: fix `NullOutputStream` Javadoc and enhance tests  * fix: fix `NullWriter` Javadoc and enhance tests  * fix: `NullInputStream` Javadoc  * fix: `ClosedOutputStream` Javadoc  * fix: `StringBuilderWriter` behavior and Javadoc  * fix: restore `NullWriter` comment  * fix: `checkFromToIndex` logical or  * fix: document `IndexOutOfBoundsException`  * fix: `ClosedInputStream` and `ThresholdingOutputStream` javadoc",1
src/main/java/org/apache/commons/io/input/MemoryMappedFileInputStream.java,11,2,17,44,108,62,14,13,3,4,0,18,4,commons-io,https://github.com/apache/commons-io.git,6d3ce61418fe49031c6b75f58253a2d5a9eceddc,13087b25ec3fd5af0bce5e0220b81b4620991291,"Backport `Objects.checkFromIndexSize` to `IOUtils` (#790)  * Backport `Objects.checkFromIndexSize` to `IOUtils`  Java 9 introduced `Objects.checkFromIndexSize` for validating the offset/length ranges used in `read` and `write` operations.  This PR adds an equivalent method, `IOUtils.checkFromIndexSize`, to provide the same validation in Commons IO. It simplifies range checks in stream implementations and makes the utility available to projects that still target Java 8.  * Add changelog entry  * fix: apply `IOUtils.checkIndexFromSize` to all streams  * fix: failing tests  * fix: inline static import  * fix: add usage examples to Javadoc  * fix: Javadoc for JDK 8 and 11  * fix: remove `@Override` from code snippet  There is no way to insert `@Override` in a Javadoc snippet without triggering a warning in either Java 8 or 21.  * fix: `ClosedReader` Javadoc and tests  * fix: revert `BrokenReader` and add tests  The tests are improved to ensure that the given exception is thrown **before** parameter validation.  * fix: remove `BrokenReader.read(char[]/CharBuffer)` overrides  * fix: revert `BrokenWriter`  Revert `BrokenWriter` and add test cases to ensure the exception is thrown **before** parameter validation.  * fix: Checkstyle failures  * fix: revert `ClosedWriter` and add tests  * fix: revert `FilterCollectionWriter` changes  * fix: fix `NullAppendable` Javadoc  * fix: fix `NullOutputStream` Javadoc and enhance tests  * fix: fix `NullWriter` Javadoc and enhance tests  * fix: `NullInputStream` Javadoc  * fix: `ClosedOutputStream` Javadoc  * fix: `StringBuilderWriter` behavior and Javadoc  * fix: restore `NullWriter` comment  * fix: `checkFromToIndex` logical or  * fix: document `IndexOutOfBoundsException`  * fix: `ClosedInputStream` and `ThresholdingOutputStream` javadoc",1
src/main/java/org/apache/commons/io/input/NullInputStream.java,2,2,8,3,146,55,32,30,12,14,1,23,3,commons-io,https://github.com/apache/commons-io.git,6d3ce61418fe49031c6b75f58253a2d5a9eceddc,13087b25ec3fd5af0bce5e0220b81b4620991291,"Backport `Objects.checkFromIndexSize` to `IOUtils` (#790)  * Backport `Objects.checkFromIndexSize` to `IOUtils`  Java 9 introduced `Objects.checkFromIndexSize` for validating the offset/length ranges used in `read` and `write` operations.  This PR adds an equivalent method, `IOUtils.checkFromIndexSize`, to provide the same validation in Commons IO. It simplifies range checks in stream implementations and makes the utility available to projects that still target Java 8.  * Add changelog entry  * fix: apply `IOUtils.checkIndexFromSize` to all streams  * fix: failing tests  * fix: inline static import  * fix: add usage examples to Javadoc  * fix: Javadoc for JDK 8 and 11  * fix: remove `@Override` from code snippet  There is no way to insert `@Override` in a Javadoc snippet without triggering a warning in either Java 8 or 21.  * fix: `ClosedReader` Javadoc and tests  * fix: revert `BrokenReader` and add tests  The tests are improved to ensure that the given exception is thrown **before** parameter validation.  * fix: remove `BrokenReader.read(char[]/CharBuffer)` overrides  * fix: revert `BrokenWriter`  Revert `BrokenWriter` and add test cases to ensure the exception is thrown **before** parameter validation.  * fix: Checkstyle failures  * fix: revert `ClosedWriter` and add tests  * fix: revert `FilterCollectionWriter` changes  * fix: fix `NullAppendable` Javadoc  * fix: fix `NullOutputStream` Javadoc and enhance tests  * fix: fix `NullWriter` Javadoc and enhance tests  * fix: `NullInputStream` Javadoc  * fix: `ClosedOutputStream` Javadoc  * fix: `StringBuilderWriter` behavior and Javadoc  * fix: restore `NullWriter` comment  * fix: `checkFromToIndex` logical or  * fix: document `IndexOutOfBoundsException`  * fix: `ClosedInputStream` and `ThresholdingOutputStream` javadoc",1
src/main/java/org/apache/commons/io/input/NullReader.java,2,2,11,2,126,43,24,26,9,12,1,23,3,commons-io,https://github.com/apache/commons-io.git,6d3ce61418fe49031c6b75f58253a2d5a9eceddc,13087b25ec3fd5af0bce5e0220b81b4620991291,"Backport `Objects.checkFromIndexSize` to `IOUtils` (#790)  * Backport `Objects.checkFromIndexSize` to `IOUtils`  Java 9 introduced `Objects.checkFromIndexSize` for validating the offset/length ranges used in `read` and `write` operations.  This PR adds an equivalent method, `IOUtils.checkFromIndexSize`, to provide the same validation in Commons IO. It simplifies range checks in stream implementations and makes the utility available to projects that still target Java 8.  * Add changelog entry  * fix: apply `IOUtils.checkIndexFromSize` to all streams  * fix: failing tests  * fix: inline static import  * fix: add usage examples to Javadoc  * fix: Javadoc for JDK 8 and 11  * fix: remove `@Override` from code snippet  There is no way to insert `@Override` in a Javadoc snippet without triggering a warning in either Java 8 or 21.  * fix: `ClosedReader` Javadoc and tests  * fix: revert `BrokenReader` and add tests  The tests are improved to ensure that the given exception is thrown **before** parameter validation.  * fix: remove `BrokenReader.read(char[]/CharBuffer)` overrides  * fix: revert `BrokenWriter`  Revert `BrokenWriter` and add test cases to ensure the exception is thrown **before** parameter validation.  * fix: Checkstyle failures  * fix: revert `ClosedWriter` and add tests  * fix: revert `FilterCollectionWriter` changes  * fix: fix `NullAppendable` Javadoc  * fix: fix `NullOutputStream` Javadoc and enhance tests  * fix: fix `NullWriter` Javadoc and enhance tests  * fix: `NullInputStream` Javadoc  * fix: `ClosedOutputStream` Javadoc  * fix: `StringBuilderWriter` behavior and Javadoc  * fix: restore `NullWriter` comment  * fix: `checkFromToIndex` logical or  * fix: document `IndexOutOfBoundsException`  * fix: `ClosedInputStream` and `ThresholdingOutputStream` javadoc",1
src/main/java/org/apache/commons/io/input/QueueInputStream.java,7,2,22,24,102,84,20,21,13,13,1,14,4,commons-io,https://github.com/apache/commons-io.git,6d3ce61418fe49031c6b75f58253a2d5a9eceddc,13087b25ec3fd5af0bce5e0220b81b4620991291,"Backport `Objects.checkFromIndexSize` to `IOUtils` (#790)  * Backport `Objects.checkFromIndexSize` to `IOUtils`  Java 9 introduced `Objects.checkFromIndexSize` for validating the offset/length ranges used in `read` and `write` operations.  This PR adds an equivalent method, `IOUtils.checkFromIndexSize`, to provide the same validation in Commons IO. It simplifies range checks in stream implementations and makes the utility available to projects that still target Java 8.  * Add changelog entry  * fix: apply `IOUtils.checkIndexFromSize` to all streams  * fix: failing tests  * fix: inline static import  * fix: add usage examples to Javadoc  * fix: Javadoc for JDK 8 and 11  * fix: remove `@Override` from code snippet  There is no way to insert `@Override` in a Javadoc snippet without triggering a warning in either Java 8 or 21.  * fix: `ClosedReader` Javadoc and tests  * fix: revert `BrokenReader` and add tests  The tests are improved to ensure that the given exception is thrown **before** parameter validation.  * fix: remove `BrokenReader.read(char[]/CharBuffer)` overrides  * fix: revert `BrokenWriter`  Revert `BrokenWriter` and add test cases to ensure the exception is thrown **before** parameter validation.  * fix: Checkstyle failures  * fix: revert `ClosedWriter` and add tests  * fix: revert `FilterCollectionWriter` changes  * fix: fix `NullAppendable` Javadoc  * fix: fix `NullOutputStream` Javadoc and enhance tests  * fix: fix `NullWriter` Javadoc and enhance tests  * fix: `NullInputStream` Javadoc  * fix: `ClosedOutputStream` Javadoc  * fix: `StringBuilderWriter` behavior and Javadoc  * fix: restore `NullWriter` comment  * fix: `checkFromToIndex` logical or  * fix: document `IndexOutOfBoundsException`  * fix: `ClosedInputStream` and `ThresholdingOutputStream` javadoc",1
src/main/java/org/apache/commons/io/input/ReadAheadInputStream.java,11,2,28,89,335,63,28,46,3,13,2,48,6,commons-io,https://github.com/apache/commons-io.git,6d3ce61418fe49031c6b75f58253a2d5a9eceddc,13087b25ec3fd5af0bce5e0220b81b4620991291,"Backport `Objects.checkFromIndexSize` to `IOUtils` (#790)  * Backport `Objects.checkFromIndexSize` to `IOUtils`  Java 9 introduced `Objects.checkFromIndexSize` for validating the offset/length ranges used in `read` and `write` operations.  This PR adds an equivalent method, `IOUtils.checkFromIndexSize`, to provide the same validation in Commons IO. It simplifies range checks in stream implementations and makes the utility available to projects that still target Java 8.  * Add changelog entry  * fix: apply `IOUtils.checkIndexFromSize` to all streams  * fix: failing tests  * fix: inline static import  * fix: add usage examples to Javadoc  * fix: Javadoc for JDK 8 and 11  * fix: remove `@Override` from code snippet  There is no way to insert `@Override` in a Javadoc snippet without triggering a warning in either Java 8 or 21.  * fix: `ClosedReader` Javadoc and tests  * fix: revert `BrokenReader` and add tests  The tests are improved to ensure that the given exception is thrown **before** parameter validation.  * fix: remove `BrokenReader.read(char[]/CharBuffer)` overrides  * fix: revert `BrokenWriter`  Revert `BrokenWriter` and add test cases to ensure the exception is thrown **before** parameter validation.  * fix: Checkstyle failures  * fix: revert `ClosedWriter` and add tests  * fix: revert `FilterCollectionWriter` changes  * fix: fix `NullAppendable` Javadoc  * fix: fix `NullOutputStream` Javadoc and enhance tests  * fix: fix `NullWriter` Javadoc and enhance tests  * fix: `NullInputStream` Javadoc  * fix: `ClosedOutputStream` Javadoc  * fix: `StringBuilderWriter` behavior and Javadoc  * fix: restore `NullWriter` comment  * fix: `checkFromToIndex` logical or  * fix: document `IndexOutOfBoundsException`  * fix: `ClosedInputStream` and `ThresholdingOutputStream` javadoc",1
src/main/java/org/apache/commons/io/input/ReaderInputStream.java,14,2,23,61,192,105,26,32,15,17,2,26,4,commons-io,https://github.com/apache/commons-io.git,6d3ce61418fe49031c6b75f58253a2d5a9eceddc,13087b25ec3fd5af0bce5e0220b81b4620991291,"Backport `Objects.checkFromIndexSize` to `IOUtils` (#790)  * Backport `Objects.checkFromIndexSize` to `IOUtils`  Java 9 introduced `Objects.checkFromIndexSize` for validating the offset/length ranges used in `read` and `write` operations.  This PR adds an equivalent method, `IOUtils.checkFromIndexSize`, to provide the same validation in Commons IO. It simplifies range checks in stream implementations and makes the utility available to projects that still target Java 8.  * Add changelog entry  * fix: apply `IOUtils.checkIndexFromSize` to all streams  * fix: failing tests  * fix: inline static import  * fix: add usage examples to Javadoc  * fix: Javadoc for JDK 8 and 11  * fix: remove `@Override` from code snippet  There is no way to insert `@Override` in a Javadoc snippet without triggering a warning in either Java 8 or 21.  * fix: `ClosedReader` Javadoc and tests  * fix: revert `BrokenReader` and add tests  The tests are improved to ensure that the given exception is thrown **before** parameter validation.  * fix: remove `BrokenReader.read(char[]/CharBuffer)` overrides  * fix: revert `BrokenWriter`  Revert `BrokenWriter` and add test cases to ensure the exception is thrown **before** parameter validation.  * fix: Checkstyle failures  * fix: revert `ClosedWriter` and add tests  * fix: revert `FilterCollectionWriter` changes  * fix: fix `NullAppendable` Javadoc  * fix: fix `NullOutputStream` Javadoc and enhance tests  * fix: fix `NullWriter` Javadoc and enhance tests  * fix: `NullInputStream` Javadoc  * fix: `ClosedOutputStream` Javadoc  * fix: `StringBuilderWriter` behavior and Javadoc  * fix: restore `NullWriter` comment  * fix: `checkFromToIndex` logical or  * fix: document `IndexOutOfBoundsException`  * fix: `ClosedInputStream` and `ThresholdingOutputStream` javadoc",1
src/main/java/org/apache/commons/io/input/SequenceReader.java,4,2,9,10,73,19,5,12,1,2,3,14,5,commons-io,https://github.com/apache/commons-io.git,6d3ce61418fe49031c6b75f58253a2d5a9eceddc,13087b25ec3fd5af0bce5e0220b81b4620991291,"Backport `Objects.checkFromIndexSize` to `IOUtils` (#790)  * Backport `Objects.checkFromIndexSize` to `IOUtils`  Java 9 introduced `Objects.checkFromIndexSize` for validating the offset/length ranges used in `read` and `write` operations.  This PR adds an equivalent method, `IOUtils.checkFromIndexSize`, to provide the same validation in Commons IO. It simplifies range checks in stream implementations and makes the utility available to projects that still target Java 8.  * Add changelog entry  * fix: apply `IOUtils.checkIndexFromSize` to all streams  * fix: failing tests  * fix: inline static import  * fix: add usage examples to Javadoc  * fix: Javadoc for JDK 8 and 11  * fix: remove `@Override` from code snippet  There is no way to insert `@Override` in a Javadoc snippet without triggering a warning in either Java 8 or 21.  * fix: `ClosedReader` Javadoc and tests  * fix: revert `BrokenReader` and add tests  The tests are improved to ensure that the given exception is thrown **before** parameter validation.  * fix: remove `BrokenReader.read(char[]/CharBuffer)` overrides  * fix: revert `BrokenWriter`  Revert `BrokenWriter` and add test cases to ensure the exception is thrown **before** parameter validation.  * fix: Checkstyle failures  * fix: revert `ClosedWriter` and add tests  * fix: revert `FilterCollectionWriter` changes  * fix: fix `NullAppendable` Javadoc  * fix: fix `NullOutputStream` Javadoc and enhance tests  * fix: fix `NullWriter` Javadoc and enhance tests  * fix: `NullInputStream` Javadoc  * fix: `ClosedOutputStream` Javadoc  * fix: `StringBuilderWriter` behavior and Javadoc  * fix: restore `NullWriter` comment  * fix: `checkFromToIndex` logical or  * fix: document `IndexOutOfBoundsException`  * fix: `ClosedInputStream` and `ThresholdingOutputStream` javadoc",1
src/main/java/org/apache/commons/io/input/UnsynchronizedBufferedInputStream.java,7,2,19,26,210,116,28,43,4,7,1,51,6,commons-io,https://github.com/apache/commons-io.git,6d3ce61418fe49031c6b75f58253a2d5a9eceddc,13087b25ec3fd5af0bce5e0220b81b4620991291,"Backport `Objects.checkFromIndexSize` to `IOUtils` (#790)  * Backport `Objects.checkFromIndexSize` to `IOUtils`  Java 9 introduced `Objects.checkFromIndexSize` for validating the offset/length ranges used in `read` and `write` operations.  This PR adds an equivalent method, `IOUtils.checkFromIndexSize`, to provide the same validation in Commons IO. It simplifies range checks in stream implementations and makes the utility available to projects that still target Java 8.  * Add changelog entry  * fix: apply `IOUtils.checkIndexFromSize` to all streams  * fix: failing tests  * fix: inline static import  * fix: add usage examples to Javadoc  * fix: Javadoc for JDK 8 and 11  * fix: remove `@Override` from code snippet  There is no way to insert `@Override` in a Javadoc snippet without triggering a warning in either Java 8 or 21.  * fix: `ClosedReader` Javadoc and tests  * fix: revert `BrokenReader` and add tests  The tests are improved to ensure that the given exception is thrown **before** parameter validation.  * fix: remove `BrokenReader.read(char[]/CharBuffer)` overrides  * fix: revert `BrokenWriter`  Revert `BrokenWriter` and add test cases to ensure the exception is thrown **before** parameter validation.  * fix: Checkstyle failures  * fix: revert `ClosedWriter` and add tests  * fix: revert `FilterCollectionWriter` changes  * fix: fix `NullAppendable` Javadoc  * fix: fix `NullOutputStream` Javadoc and enhance tests  * fix: fix `NullWriter` Javadoc and enhance tests  * fix: `NullInputStream` Javadoc  * fix: `ClosedOutputStream` Javadoc  * fix: `StringBuilderWriter` behavior and Javadoc  * fix: restore `NullWriter` comment  * fix: `checkFromToIndex` logical or  * fix: document `IndexOutOfBoundsException`  * fix: `ClosedInputStream` and `ThresholdingOutputStream` javadoc",1
src/main/java/org/apache/commons/io/input/UnsynchronizedBufferedReader.java,5,2,18,21,242,103,32,45,1,4,5,57,7,commons-io,https://github.com/apache/commons-io.git,6d3ce61418fe49031c6b75f58253a2d5a9eceddc,13087b25ec3fd5af0bce5e0220b81b4620991291,"Backport `Objects.checkFromIndexSize` to `IOUtils` (#790)  * Backport `Objects.checkFromIndexSize` to `IOUtils`  Java 9 introduced `Objects.checkFromIndexSize` for validating the offset/length ranges used in `read` and `write` operations.  This PR adds an equivalent method, `IOUtils.checkFromIndexSize`, to provide the same validation in Commons IO. It simplifies range checks in stream implementations and makes the utility available to projects that still target Java 8.  * Add changelog entry  * fix: apply `IOUtils.checkIndexFromSize` to all streams  * fix: failing tests  * fix: inline static import  * fix: add usage examples to Javadoc  * fix: Javadoc for JDK 8 and 11  * fix: remove `@Override` from code snippet  There is no way to insert `@Override` in a Javadoc snippet without triggering a warning in either Java 8 or 21.  * fix: `ClosedReader` Javadoc and tests  * fix: revert `BrokenReader` and add tests  The tests are improved to ensure that the given exception is thrown **before** parameter validation.  * fix: remove `BrokenReader.read(char[]/CharBuffer)` overrides  * fix: revert `BrokenWriter`  Revert `BrokenWriter` and add test cases to ensure the exception is thrown **before** parameter validation.  * fix: Checkstyle failures  * fix: revert `ClosedWriter` and add tests  * fix: revert `FilterCollectionWriter` changes  * fix: fix `NullAppendable` Javadoc  * fix: fix `NullOutputStream` Javadoc and enhance tests  * fix: fix `NullWriter` Javadoc and enhance tests  * fix: `NullInputStream` Javadoc  * fix: `ClosedOutputStream` Javadoc  * fix: `StringBuilderWriter` behavior and Javadoc  * fix: restore `NullWriter` comment  * fix: `checkFromToIndex` logical or  * fix: document `IndexOutOfBoundsException`  * fix: `ClosedInputStream` and `ThresholdingOutputStream` javadoc",1
src/main/java/org/apache/commons/io/input/UnsynchronizedByteArrayInputStream.java,14,2,13,29,144,68,20,28,15,19,0,23,4,commons-io,https://github.com/apache/commons-io.git,6d3ce61418fe49031c6b75f58253a2d5a9eceddc,13087b25ec3fd5af0bce5e0220b81b4620991291,"Backport `Objects.checkFromIndexSize` to `IOUtils` (#790)  * Backport `Objects.checkFromIndexSize` to `IOUtils`  Java 9 introduced `Objects.checkFromIndexSize` for validating the offset/length ranges used in `read` and `write` operations.  This PR adds an equivalent method, `IOUtils.checkFromIndexSize`, to provide the same validation in Commons IO. It simplifies range checks in stream implementations and makes the utility available to projects that still target Java 8.  * Add changelog entry  * fix: apply `IOUtils.checkIndexFromSize` to all streams  * fix: failing tests  * fix: inline static import  * fix: add usage examples to Javadoc  * fix: Javadoc for JDK 8 and 11  * fix: remove `@Override` from code snippet  There is no way to insert `@Override` in a Javadoc snippet without triggering a warning in either Java 8 or 21.  * fix: `ClosedReader` Javadoc and tests  * fix: revert `BrokenReader` and add tests  The tests are improved to ensure that the given exception is thrown **before** parameter validation.  * fix: remove `BrokenReader.read(char[]/CharBuffer)` overrides  * fix: revert `BrokenWriter`  Revert `BrokenWriter` and add test cases to ensure the exception is thrown **before** parameter validation.  * fix: Checkstyle failures  * fix: revert `ClosedWriter` and add tests  * fix: revert `FilterCollectionWriter` changes  * fix: fix `NullAppendable` Javadoc  * fix: fix `NullOutputStream` Javadoc and enhance tests  * fix: fix `NullWriter` Javadoc and enhance tests  * fix: `NullInputStream` Javadoc  * fix: `ClosedOutputStream` Javadoc  * fix: `StringBuilderWriter` behavior and Javadoc  * fix: restore `NullWriter` comment  * fix: `checkFromToIndex` logical or  * fix: document `IndexOutOfBoundsException`  * fix: `ClosedInputStream` and `ThresholdingOutputStream` javadoc",1
src/main/java/org/apache/commons/io/input/buffer/CircularBufferInputStream.java,4,2,11,14,81,8,9,13,1,2,2,12,4,commons-io,https://github.com/apache/commons-io.git,6d3ce61418fe49031c6b75f58253a2d5a9eceddc,13087b25ec3fd5af0bce5e0220b81b4620991291,"Backport `Objects.checkFromIndexSize` to `IOUtils` (#790)  * Backport `Objects.checkFromIndexSize` to `IOUtils`  Java 9 introduced `Objects.checkFromIndexSize` for validating the offset/length ranges used in `read` and `write` operations.  This PR adds an equivalent method, `IOUtils.checkFromIndexSize`, to provide the same validation in Commons IO. It simplifies range checks in stream implementations and makes the utility available to projects that still target Java 8.  * Add changelog entry  * fix: apply `IOUtils.checkIndexFromSize` to all streams  * fix: failing tests  * fix: inline static import  * fix: add usage examples to Javadoc  * fix: Javadoc for JDK 8 and 11  * fix: remove `@Override` from code snippet  There is no way to insert `@Override` in a Javadoc snippet without triggering a warning in either Java 8 or 21.  * fix: `ClosedReader` Javadoc and tests  * fix: revert `BrokenReader` and add tests  The tests are improved to ensure that the given exception is thrown **before** parameter validation.  * fix: remove `BrokenReader.read(char[]/CharBuffer)` overrides  * fix: revert `BrokenWriter`  Revert `BrokenWriter` and add test cases to ensure the exception is thrown **before** parameter validation.  * fix: Checkstyle failures  * fix: revert `ClosedWriter` and add tests  * fix: revert `FilterCollectionWriter` changes  * fix: fix `NullAppendable` Javadoc  * fix: fix `NullOutputStream` Javadoc and enhance tests  * fix: fix `NullWriter` Javadoc and enhance tests  * fix: `NullInputStream` Javadoc  * fix: `ClosedOutputStream` Javadoc  * fix: `StringBuilderWriter` behavior and Javadoc  * fix: restore `NullWriter` comment  * fix: `checkFromToIndex` logical or  * fix: document `IndexOutOfBoundsException`  * fix: `ClosedInputStream` and `ThresholdingOutputStream` javadoc",1
src/main/java/org/apache/commons/io/output/AppendableWriter.java,2,2,4,8,53,11,8,4,2,2,1,5,3,commons-io,https://github.com/apache/commons-io.git,6d3ce61418fe49031c6b75f58253a2d5a9eceddc,13087b25ec3fd5af0bce5e0220b81b4620991291,"Backport `Objects.checkFromIndexSize` to `IOUtils` (#790)  * Backport `Objects.checkFromIndexSize` to `IOUtils`  Java 9 introduced `Objects.checkFromIndexSize` for validating the offset/length ranges used in `read` and `write` operations.  This PR adds an equivalent method, `IOUtils.checkFromIndexSize`, to provide the same validation in Commons IO. It simplifies range checks in stream implementations and makes the utility available to projects that still target Java 8.  * Add changelog entry  * fix: apply `IOUtils.checkIndexFromSize` to all streams  * fix: failing tests  * fix: inline static import  * fix: add usage examples to Javadoc  * fix: Javadoc for JDK 8 and 11  * fix: remove `@Override` from code snippet  There is no way to insert `@Override` in a Javadoc snippet without triggering a warning in either Java 8 or 21.  * fix: `ClosedReader` Javadoc and tests  * fix: revert `BrokenReader` and add tests  The tests are improved to ensure that the given exception is thrown **before** parameter validation.  * fix: remove `BrokenReader.read(char[]/CharBuffer)` overrides  * fix: revert `BrokenWriter`  Revert `BrokenWriter` and add test cases to ensure the exception is thrown **before** parameter validation.  * fix: Checkstyle failures  * fix: revert `ClosedWriter` and add tests  * fix: revert `FilterCollectionWriter` changes  * fix: fix `NullAppendable` Javadoc  * fix: fix `NullOutputStream` Javadoc and enhance tests  * fix: fix `NullWriter` Javadoc and enhance tests  * fix: `NullInputStream` Javadoc  * fix: `ClosedOutputStream` Javadoc  * fix: `StringBuilderWriter` behavior and Javadoc  * fix: restore `NullWriter` comment  * fix: `checkFromToIndex` logical or  * fix: document `IndexOutOfBoundsException`  * fix: `ClosedInputStream` and `ThresholdingOutputStream` javadoc",1
src/main/java/org/apache/commons/io/output/ByteArrayOutputStream.java,0,2,7,2,73,61,9,11,8,8,0,1,3,commons-io,https://github.com/apache/commons-io.git,6d3ce61418fe49031c6b75f58253a2d5a9eceddc,13087b25ec3fd5af0bce5e0220b81b4620991291,"Backport `Objects.checkFromIndexSize` to `IOUtils` (#790)  * Backport `Objects.checkFromIndexSize` to `IOUtils`  Java 9 introduced `Objects.checkFromIndexSize` for validating the offset/length ranges used in `read` and `write` operations.  This PR adds an equivalent method, `IOUtils.checkFromIndexSize`, to provide the same validation in Commons IO. It simplifies range checks in stream implementations and makes the utility available to projects that still target Java 8.  * Add changelog entry  * fix: apply `IOUtils.checkIndexFromSize` to all streams  * fix: failing tests  * fix: inline static import  * fix: add usage examples to Javadoc  * fix: Javadoc for JDK 8 and 11  * fix: remove `@Override` from code snippet  There is no way to insert `@Override` in a Javadoc snippet without triggering a warning in either Java 8 or 21.  * fix: `ClosedReader` Javadoc and tests  * fix: revert `BrokenReader` and add tests  The tests are improved to ensure that the given exception is thrown **before** parameter validation.  * fix: remove `BrokenReader.read(char[]/CharBuffer)` overrides  * fix: revert `BrokenWriter`  Revert `BrokenWriter` and add test cases to ensure the exception is thrown **before** parameter validation.  * fix: Checkstyle failures  * fix: revert `ClosedWriter` and add tests  * fix: revert `FilterCollectionWriter` changes  * fix: fix `NullAppendable` Javadoc  * fix: fix `NullOutputStream` Javadoc and enhance tests  * fix: fix `NullWriter` Javadoc and enhance tests  * fix: `NullInputStream` Javadoc  * fix: `ClosedOutputStream` Javadoc  * fix: `StringBuilderWriter` behavior and Javadoc  * fix: restore `NullWriter` comment  * fix: `checkFromToIndex` logical or  * fix: document `IndexOutOfBoundsException`  * fix: `ClosedInputStream` and `ThresholdingOutputStream` javadoc",1
src/main/java/org/apache/commons/io/output/ChunkedOutputStream.java,3,2,9,12,55,43,5,8,5,5,1,11,3,commons-io,https://github.com/apache/commons-io.git,6d3ce61418fe49031c6b75f58253a2d5a9eceddc,13087b25ec3fd5af0bce5e0220b81b4620991291,"Backport `Objects.checkFromIndexSize` to `IOUtils` (#790)  * Backport `Objects.checkFromIndexSize` to `IOUtils`  Java 9 introduced `Objects.checkFromIndexSize` for validating the offset/length ranges used in `read` and `write` operations.  This PR adds an equivalent method, `IOUtils.checkFromIndexSize`, to provide the same validation in Commons IO. It simplifies range checks in stream implementations and makes the utility available to projects that still target Java 8.  * Add changelog entry  * fix: apply `IOUtils.checkIndexFromSize` to all streams  * fix: failing tests  * fix: inline static import  * fix: add usage examples to Javadoc  * fix: Javadoc for JDK 8 and 11  * fix: remove `@Override` from code snippet  There is no way to insert `@Override` in a Javadoc snippet without triggering a warning in either Java 8 or 21.  * fix: `ClosedReader` Javadoc and tests  * fix: revert `BrokenReader` and add tests  The tests are improved to ensure that the given exception is thrown **before** parameter validation.  * fix: remove `BrokenReader.read(char[]/CharBuffer)` overrides  * fix: revert `BrokenWriter`  Revert `BrokenWriter` and add test cases to ensure the exception is thrown **before** parameter validation.  * fix: Checkstyle failures  * fix: revert `ClosedWriter` and add tests  * fix: revert `FilterCollectionWriter` changes  * fix: fix `NullAppendable` Javadoc  * fix: fix `NullOutputStream` Javadoc and enhance tests  * fix: fix `NullWriter` Javadoc and enhance tests  * fix: `NullInputStream` Javadoc  * fix: `ClosedOutputStream` Javadoc  * fix: `StringBuilderWriter` behavior and Javadoc  * fix: restore `NullWriter` comment  * fix: `checkFromToIndex` logical or  * fix: document `IndexOutOfBoundsException`  * fix: `ClosedInputStream` and `ThresholdingOutputStream` javadoc",1
src/main/java/org/apache/commons/io/output/ChunkedWriter.java,1,2,5,2,30,2,0,4,2,2,1,8,3,commons-io,https://github.com/apache/commons-io.git,6d3ce61418fe49031c6b75f58253a2d5a9eceddc,13087b25ec3fd5af0bce5e0220b81b4620991291,"Backport `Objects.checkFromIndexSize` to `IOUtils` (#790)  * Backport `Objects.checkFromIndexSize` to `IOUtils`  Java 9 introduced `Objects.checkFromIndexSize` for validating the offset/length ranges used in `read` and `write` operations.  This PR adds an equivalent method, `IOUtils.checkFromIndexSize`, to provide the same validation in Commons IO. It simplifies range checks in stream implementations and makes the utility available to projects that still target Java 8.  * Add changelog entry  * fix: apply `IOUtils.checkIndexFromSize` to all streams  * fix: failing tests  * fix: inline static import  * fix: add usage examples to Javadoc  * fix: Javadoc for JDK 8 and 11  * fix: remove `@Override` from code snippet  There is no way to insert `@Override` in a Javadoc snippet without triggering a warning in either Java 8 or 21.  * fix: `ClosedReader` Javadoc and tests  * fix: revert `BrokenReader` and add tests  The tests are improved to ensure that the given exception is thrown **before** parameter validation.  * fix: remove `BrokenReader.read(char[]/CharBuffer)` overrides  * fix: revert `BrokenWriter`  Revert `BrokenWriter` and add test cases to ensure the exception is thrown **before** parameter validation.  * fix: Checkstyle failures  * fix: revert `ClosedWriter` and add tests  * fix: revert `FilterCollectionWriter` changes  * fix: fix `NullAppendable` Javadoc  * fix: fix `NullOutputStream` Javadoc and enhance tests  * fix: fix `NullWriter` Javadoc and enhance tests  * fix: `NullInputStream` Javadoc  * fix: `ClosedOutputStream` Javadoc  * fix: `StringBuilderWriter` behavior and Javadoc  * fix: restore `NullWriter` comment  * fix: `checkFromToIndex` logical or  * fix: document `IndexOutOfBoundsException`  * fix: `ClosedInputStream` and `ThresholdingOutputStream` javadoc",1
src/main/java/org/apache/commons/io/output/ClosedOutputStream.java,0,2,6,0,22,4,0,1,1,1,0,2,2,commons-io,https://github.com/apache/commons-io.git,6d3ce61418fe49031c6b75f58253a2d5a9eceddc,13087b25ec3fd5af0bce5e0220b81b4620991291,"Backport `Objects.checkFromIndexSize` to `IOUtils` (#790)  * Backport `Objects.checkFromIndexSize` to `IOUtils`  Java 9 introduced `Objects.checkFromIndexSize` for validating the offset/length ranges used in `read` and `write` operations.  This PR adds an equivalent method, `IOUtils.checkFromIndexSize`, to provide the same validation in Commons IO. It simplifies range checks in stream implementations and makes the utility available to projects that still target Java 8.  * Add changelog entry  * fix: apply `IOUtils.checkIndexFromSize` to all streams  * fix: failing tests  * fix: inline static import  * fix: add usage examples to Javadoc  * fix: Javadoc for JDK 8 and 11  * fix: remove `@Override` from code snippet  There is no way to insert `@Override` in a Javadoc snippet without triggering a warning in either Java 8 or 21.  * fix: `ClosedReader` Javadoc and tests  * fix: revert `BrokenReader` and add tests  The tests are improved to ensure that the given exception is thrown **before** parameter validation.  * fix: remove `BrokenReader.read(char[]/CharBuffer)` overrides  * fix: revert `BrokenWriter`  Revert `BrokenWriter` and add test cases to ensure the exception is thrown **before** parameter validation.  * fix: Checkstyle failures  * fix: revert `ClosedWriter` and add tests  * fix: revert `FilterCollectionWriter` changes  * fix: fix `NullAppendable` Javadoc  * fix: fix `NullOutputStream` Javadoc and enhance tests  * fix: fix `NullWriter` Javadoc and enhance tests  * fix: `NullInputStream` Javadoc  * fix: `ClosedOutputStream` Javadoc  * fix: `StringBuilderWriter` behavior and Javadoc  * fix: restore `NullWriter` comment  * fix: `checkFromToIndex` logical or  * fix: document `IndexOutOfBoundsException`  * fix: `ClosedInputStream` and `ThresholdingOutputStream` javadoc",1
src/main/java/org/apache/commons/io/output/ClosedWriter.java,0,2,6,0,21,4,0,1,1,1,0,2,2,commons-io,https://github.com/apache/commons-io.git,6d3ce61418fe49031c6b75f58253a2d5a9eceddc,13087b25ec3fd5af0bce5e0220b81b4620991291,"Backport `Objects.checkFromIndexSize` to `IOUtils` (#790)  * Backport `Objects.checkFromIndexSize` to `IOUtils`  Java 9 introduced `Objects.checkFromIndexSize` for validating the offset/length ranges used in `read` and `write` operations.  This PR adds an equivalent method, `IOUtils.checkFromIndexSize`, to provide the same validation in Commons IO. It simplifies range checks in stream implementations and makes the utility available to projects that still target Java 8.  * Add changelog entry  * fix: apply `IOUtils.checkIndexFromSize` to all streams  * fix: failing tests  * fix: inline static import  * fix: add usage examples to Javadoc  * fix: Javadoc for JDK 8 and 11  * fix: remove `@Override` from code snippet  There is no way to insert `@Override` in a Javadoc snippet without triggering a warning in either Java 8 or 21.  * fix: `ClosedReader` Javadoc and tests  * fix: revert `BrokenReader` and add tests  The tests are improved to ensure that the given exception is thrown **before** parameter validation.  * fix: remove `BrokenReader.read(char[]/CharBuffer)` overrides  * fix: revert `BrokenWriter`  Revert `BrokenWriter` and add test cases to ensure the exception is thrown **before** parameter validation.  * fix: Checkstyle failures  * fix: revert `ClosedWriter` and add tests  * fix: revert `FilterCollectionWriter` changes  * fix: fix `NullAppendable` Javadoc  * fix: fix `NullOutputStream` Javadoc and enhance tests  * fix: fix `NullWriter` Javadoc and enhance tests  * fix: `NullInputStream` Javadoc  * fix: `ClosedOutputStream` Javadoc  * fix: `StringBuilderWriter` behavior and Javadoc  * fix: restore `NullWriter` comment  * fix: `checkFromToIndex` logical or  * fix: document `IndexOutOfBoundsException`  * fix: `ClosedInputStream` and `ThresholdingOutputStream` javadoc",1
src/main/java/org/apache/commons/io/output/NullAppendable.java,0,1,2,0,19,8,3,1,1,1,0,1,2,commons-io,https://github.com/apache/commons-io.git,6d3ce61418fe49031c6b75f58253a2d5a9eceddc,13087b25ec3fd5af0bce5e0220b81b4620991291,"Backport `Objects.checkFromIndexSize` to `IOUtils` (#790)  * Backport `Objects.checkFromIndexSize` to `IOUtils`  Java 9 introduced `Objects.checkFromIndexSize` for validating the offset/length ranges used in `read` and `write` operations.  This PR adds an equivalent method, `IOUtils.checkFromIndexSize`, to provide the same validation in Commons IO. It simplifies range checks in stream implementations and makes the utility available to projects that still target Java 8.  * Add changelog entry  * fix: apply `IOUtils.checkIndexFromSize` to all streams  * fix: failing tests  * fix: inline static import  * fix: add usage examples to Javadoc  * fix: Javadoc for JDK 8 and 11  * fix: remove `@Override` from code snippet  There is no way to insert `@Override` in a Javadoc snippet without triggering a warning in either Java 8 or 21.  * fix: `ClosedReader` Javadoc and tests  * fix: revert `BrokenReader` and add tests  The tests are improved to ensure that the given exception is thrown **before** parameter validation.  * fix: remove `BrokenReader.read(char[]/CharBuffer)` overrides  * fix: revert `BrokenWriter`  Revert `BrokenWriter` and add test cases to ensure the exception is thrown **before** parameter validation.  * fix: Checkstyle failures  * fix: revert `ClosedWriter` and add tests  * fix: revert `FilterCollectionWriter` changes  * fix: fix `NullAppendable` Javadoc  * fix: fix `NullOutputStream` Javadoc and enhance tests  * fix: fix `NullWriter` Javadoc and enhance tests  * fix: `NullInputStream` Javadoc  * fix: `ClosedOutputStream` Javadoc  * fix: `StringBuilderWriter` behavior and Javadoc  * fix: restore `NullWriter` comment  * fix: `checkFromToIndex` logical or  * fix: document `IndexOutOfBoundsException`  * fix: `ClosedInputStream` and `ThresholdingOutputStream` javadoc",1
src/main/java/org/apache/commons/io/output/NullOutputStream.java,0,2,3,0,20,8,0,3,3,3,0,2,2,commons-io,https://github.com/apache/commons-io.git,6d3ce61418fe49031c6b75f58253a2d5a9eceddc,13087b25ec3fd5af0bce5e0220b81b4620991291,"Backport `Objects.checkFromIndexSize` to `IOUtils` (#790)  * Backport `Objects.checkFromIndexSize` to `IOUtils`  Java 9 introduced `Objects.checkFromIndexSize` for validating the offset/length ranges used in `read` and `write` operations.  This PR adds an equivalent method, `IOUtils.checkFromIndexSize`, to provide the same validation in Commons IO. It simplifies range checks in stream implementations and makes the utility available to projects that still target Java 8.  * Add changelog entry  * fix: apply `IOUtils.checkIndexFromSize` to all streams  * fix: failing tests  * fix: inline static import  * fix: add usage examples to Javadoc  * fix: Javadoc for JDK 8 and 11  * fix: remove `@Override` from code snippet  There is no way to insert `@Override` in a Javadoc snippet without triggering a warning in either Java 8 or 21.  * fix: `ClosedReader` Javadoc and tests  * fix: revert `BrokenReader` and add tests  The tests are improved to ensure that the given exception is thrown **before** parameter validation.  * fix: remove `BrokenReader.read(char[]/CharBuffer)` overrides  * fix: revert `BrokenWriter`  Revert `BrokenWriter` and add test cases to ensure the exception is thrown **before** parameter validation.  * fix: Checkstyle failures  * fix: revert `ClosedWriter` and add tests  * fix: revert `FilterCollectionWriter` changes  * fix: fix `NullAppendable` Javadoc  * fix: fix `NullOutputStream` Javadoc and enhance tests  * fix: fix `NullWriter` Javadoc and enhance tests  * fix: `NullInputStream` Javadoc  * fix: `ClosedOutputStream` Javadoc  * fix: `StringBuilderWriter` behavior and Javadoc  * fix: restore `NullWriter` comment  * fix: `checkFromToIndex` logical or  * fix: document `IndexOutOfBoundsException`  * fix: `ClosedInputStream` and `ThresholdingOutputStream` javadoc",1
src/main/java/org/apache/commons/io/output/NullWriter.java,0,2,2,0,43,4,6,11,11,11,0,2,2,commons-io,https://github.com/apache/commons-io.git,6d3ce61418fe49031c6b75f58253a2d5a9eceddc,13087b25ec3fd5af0bce5e0220b81b4620991291,"Backport `Objects.checkFromIndexSize` to `IOUtils` (#790)  * Backport `Objects.checkFromIndexSize` to `IOUtils`  Java 9 introduced `Objects.checkFromIndexSize` for validating the offset/length ranges used in `read` and `write` operations.  This PR adds an equivalent method, `IOUtils.checkFromIndexSize`, to provide the same validation in Commons IO. It simplifies range checks in stream implementations and makes the utility available to projects that still target Java 8.  * Add changelog entry  * fix: apply `IOUtils.checkIndexFromSize` to all streams  * fix: failing tests  * fix: inline static import  * fix: add usage examples to Javadoc  * fix: Javadoc for JDK 8 and 11  * fix: remove `@Override` from code snippet  There is no way to insert `@Override` in a Javadoc snippet without triggering a warning in either Java 8 or 21.  * fix: `ClosedReader` Javadoc and tests  * fix: revert `BrokenReader` and add tests  The tests are improved to ensure that the given exception is thrown **before** parameter validation.  * fix: remove `BrokenReader.read(char[]/CharBuffer)` overrides  * fix: revert `BrokenWriter`  Revert `BrokenWriter` and add test cases to ensure the exception is thrown **before** parameter validation.  * fix: Checkstyle failures  * fix: revert `ClosedWriter` and add tests  * fix: revert `FilterCollectionWriter` changes  * fix: fix `NullAppendable` Javadoc  * fix: fix `NullOutputStream` Javadoc and enhance tests  * fix: fix `NullWriter` Javadoc and enhance tests  * fix: `NullInputStream` Javadoc  * fix: `ClosedOutputStream` Javadoc  * fix: `StringBuilderWriter` behavior and Javadoc  * fix: restore `NullWriter` comment  * fix: `checkFromToIndex` logical or  * fix: document `IndexOutOfBoundsException`  * fix: `ClosedInputStream` and `ThresholdingOutputStream` javadoc",1
src/main/java/org/apache/commons/io/output/StringBuilderWriter.java,0,2,6,6,57,31,10,14,12,12,0,4,3,commons-io,https://github.com/apache/commons-io.git,6d3ce61418fe49031c6b75f58253a2d5a9eceddc,13087b25ec3fd5af0bce5e0220b81b4620991291,"Backport `Objects.checkFromIndexSize` to `IOUtils` (#790)  * Backport `Objects.checkFromIndexSize` to `IOUtils`  Java 9 introduced `Objects.checkFromIndexSize` for validating the offset/length ranges used in `read` and `write` operations.  This PR adds an equivalent method, `IOUtils.checkFromIndexSize`, to provide the same validation in Commons IO. It simplifies range checks in stream implementations and makes the utility available to projects that still target Java 8.  * Add changelog entry  * fix: apply `IOUtils.checkIndexFromSize` to all streams  * fix: failing tests  * fix: inline static import  * fix: add usage examples to Javadoc  * fix: Javadoc for JDK 8 and 11  * fix: remove `@Override` from code snippet  There is no way to insert `@Override` in a Javadoc snippet without triggering a warning in either Java 8 or 21.  * fix: `ClosedReader` Javadoc and tests  * fix: revert `BrokenReader` and add tests  The tests are improved to ensure that the given exception is thrown **before** parameter validation.  * fix: remove `BrokenReader.read(char[]/CharBuffer)` overrides  * fix: revert `BrokenWriter`  Revert `BrokenWriter` and add test cases to ensure the exception is thrown **before** parameter validation.  * fix: Checkstyle failures  * fix: revert `ClosedWriter` and add tests  * fix: revert `FilterCollectionWriter` changes  * fix: fix `NullAppendable` Javadoc  * fix: fix `NullOutputStream` Javadoc and enhance tests  * fix: fix `NullWriter` Javadoc and enhance tests  * fix: `NullInputStream` Javadoc  * fix: `ClosedOutputStream` Javadoc  * fix: `StringBuilderWriter` behavior and Javadoc  * fix: restore `NullWriter` comment  * fix: `checkFromToIndex` logical or  * fix: document `IndexOutOfBoundsException`  * fix: `ClosedInputStream` and `ThresholdingOutputStream` javadoc",1
src/main/java/org/apache/commons/io/output/ThresholdingOutputStream.java,2,2,4,10,88,32,10,9,5,7,0,10,3,commons-io,https://github.com/apache/commons-io.git,6d3ce61418fe49031c6b75f58253a2d5a9eceddc,13087b25ec3fd5af0bce5e0220b81b4620991291,"Backport `Objects.checkFromIndexSize` to `IOUtils` (#790)  * Backport `Objects.checkFromIndexSize` to `IOUtils`  Java 9 introduced `Objects.checkFromIndexSize` for validating the offset/length ranges used in `read` and `write` operations.  This PR adds an equivalent method, `IOUtils.checkFromIndexSize`, to provide the same validation in Commons IO. It simplifies range checks in stream implementations and makes the utility available to projects that still target Java 8.  * Add changelog entry  * fix: apply `IOUtils.checkIndexFromSize` to all streams  * fix: failing tests  * fix: inline static import  * fix: add usage examples to Javadoc  * fix: Javadoc for JDK 8 and 11  * fix: remove `@Override` from code snippet  There is no way to insert `@Override` in a Javadoc snippet without triggering a warning in either Java 8 or 21.  * fix: `ClosedReader` Javadoc and tests  * fix: revert `BrokenReader` and add tests  The tests are improved to ensure that the given exception is thrown **before** parameter validation.  * fix: remove `BrokenReader.read(char[]/CharBuffer)` overrides  * fix: revert `BrokenWriter`  Revert `BrokenWriter` and add test cases to ensure the exception is thrown **before** parameter validation.  * fix: Checkstyle failures  * fix: revert `ClosedWriter` and add tests  * fix: revert `FilterCollectionWriter` changes  * fix: fix `NullAppendable` Javadoc  * fix: fix `NullOutputStream` Javadoc and enhance tests  * fix: fix `NullWriter` Javadoc and enhance tests  * fix: `NullInputStream` Javadoc  * fix: `ClosedOutputStream` Javadoc  * fix: `StringBuilderWriter` behavior and Javadoc  * fix: restore `NullWriter` comment  * fix: `checkFromToIndex` logical or  * fix: document `IndexOutOfBoundsException`  * fix: `ClosedInputStream` and `ThresholdingOutputStream` javadoc",1
src/main/java/org/apache/commons/io/output/UnsynchronizedByteArrayOutputStream.java,4,2,12,18,88,101,13,15,12,12,0,5,3,commons-io,https://github.com/apache/commons-io.git,6d3ce61418fe49031c6b75f58253a2d5a9eceddc,13087b25ec3fd5af0bce5e0220b81b4620991291,"Backport `Objects.checkFromIndexSize` to `IOUtils` (#790)  * Backport `Objects.checkFromIndexSize` to `IOUtils`  Java 9 introduced `Objects.checkFromIndexSize` for validating the offset/length ranges used in `read` and `write` operations.  This PR adds an equivalent method, `IOUtils.checkFromIndexSize`, to provide the same validation in Commons IO. It simplifies range checks in stream implementations and makes the utility available to projects that still target Java 8.  * Add changelog entry  * fix: apply `IOUtils.checkIndexFromSize` to all streams  * fix: failing tests  * fix: inline static import  * fix: add usage examples to Javadoc  * fix: Javadoc for JDK 8 and 11  * fix: remove `@Override` from code snippet  There is no way to insert `@Override` in a Javadoc snippet without triggering a warning in either Java 8 or 21.  * fix: `ClosedReader` Javadoc and tests  * fix: revert `BrokenReader` and add tests  The tests are improved to ensure that the given exception is thrown **before** parameter validation.  * fix: remove `BrokenReader.read(char[]/CharBuffer)` overrides  * fix: revert `BrokenWriter`  Revert `BrokenWriter` and add test cases to ensure the exception is thrown **before** parameter validation.  * fix: Checkstyle failures  * fix: revert `ClosedWriter` and add tests  * fix: revert `FilterCollectionWriter` changes  * fix: fix `NullAppendable` Javadoc  * fix: fix `NullOutputStream` Javadoc and enhance tests  * fix: fix `NullWriter` Javadoc and enhance tests  * fix: `NullInputStream` Javadoc  * fix: `ClosedOutputStream` Javadoc  * fix: `StringBuilderWriter` behavior and Javadoc  * fix: restore `NullWriter` comment  * fix: `checkFromToIndex` logical or  * fix: document `IndexOutOfBoundsException`  * fix: `ClosedInputStream` and `ThresholdingOutputStream` javadoc",1
src/main/java/org/apache/commons/io/output/WriterOutputStream.java,16,2,23,62,183,71,11,24,12,14,3,27,4,commons-io,https://github.com/apache/commons-io.git,6d3ce61418fe49031c6b75f58253a2d5a9eceddc,13087b25ec3fd5af0bce5e0220b81b4620991291,"Backport `Objects.checkFromIndexSize` to `IOUtils` (#790)  * Backport `Objects.checkFromIndexSize` to `IOUtils`  Java 9 introduced `Objects.checkFromIndexSize` for validating the offset/length ranges used in `read` and `write` operations.  This PR adds an equivalent method, `IOUtils.checkFromIndexSize`, to provide the same validation in Commons IO. It simplifies range checks in stream implementations and makes the utility available to projects that still target Java 8.  * Add changelog entry  * fix: apply `IOUtils.checkIndexFromSize` to all streams  * fix: failing tests  * fix: inline static import  * fix: add usage examples to Javadoc  * fix: Javadoc for JDK 8 and 11  * fix: remove `@Override` from code snippet  There is no way to insert `@Override` in a Javadoc snippet without triggering a warning in either Java 8 or 21.  * fix: `ClosedReader` Javadoc and tests  * fix: revert `BrokenReader` and add tests  The tests are improved to ensure that the given exception is thrown **before** parameter validation.  * fix: remove `BrokenReader.read(char[]/CharBuffer)` overrides  * fix: revert `BrokenWriter`  Revert `BrokenWriter` and add test cases to ensure the exception is thrown **before** parameter validation.  * fix: Checkstyle failures  * fix: revert `ClosedWriter` and add tests  * fix: revert `FilterCollectionWriter` changes  * fix: fix `NullAppendable` Javadoc  * fix: fix `NullOutputStream` Javadoc and enhance tests  * fix: fix `NullWriter` Javadoc and enhance tests  * fix: `NullInputStream` Javadoc  * fix: `ClosedOutputStream` Javadoc  * fix: `StringBuilderWriter` behavior and Javadoc  * fix: restore `NullWriter` comment  * fix: `checkFromToIndex` logical or  * fix: document `IndexOutOfBoundsException`  * fix: `ClosedInputStream` and `ThresholdingOutputStream` javadoc",1
src/main/java/org/apache/commons/io/output/XmlStreamWriter.java,5,2,23,35,129,45,8,18,5,7,0,19,6,commons-io,https://github.com/apache/commons-io.git,6d3ce61418fe49031c6b75f58253a2d5a9eceddc,13087b25ec3fd5af0bce5e0220b81b4620991291,"Backport `Objects.checkFromIndexSize` to `IOUtils` (#790)  * Backport `Objects.checkFromIndexSize` to `IOUtils`  Java 9 introduced `Objects.checkFromIndexSize` for validating the offset/length ranges used in `read` and `write` operations.  This PR adds an equivalent method, `IOUtils.checkFromIndexSize`, to provide the same validation in Commons IO. It simplifies range checks in stream implementations and makes the utility available to projects that still target Java 8.  * Add changelog entry  * fix: apply `IOUtils.checkIndexFromSize` to all streams  * fix: failing tests  * fix: inline static import  * fix: add usage examples to Javadoc  * fix: Javadoc for JDK 8 and 11  * fix: remove `@Override` from code snippet  There is no way to insert `@Override` in a Javadoc snippet without triggering a warning in either Java 8 or 21.  * fix: `ClosedReader` Javadoc and tests  * fix: revert `BrokenReader` and add tests  The tests are improved to ensure that the given exception is thrown **before** parameter validation.  * fix: remove `BrokenReader.read(char[]/CharBuffer)` overrides  * fix: revert `BrokenWriter`  Revert `BrokenWriter` and add test cases to ensure the exception is thrown **before** parameter validation.  * fix: Checkstyle failures  * fix: revert `ClosedWriter` and add tests  * fix: revert `FilterCollectionWriter` changes  * fix: fix `NullAppendable` Javadoc  * fix: fix `NullOutputStream` Javadoc and enhance tests  * fix: fix `NullWriter` Javadoc and enhance tests  * fix: `NullInputStream` Javadoc  * fix: `ClosedOutputStream` Javadoc  * fix: `StringBuilderWriter` behavior and Javadoc  * fix: restore `NullWriter` comment  * fix: `checkFromToIndex` logical or  * fix: document `IndexOutOfBoundsException`  * fix: `ClosedInputStream` and `ThresholdingOutputStream` javadoc",1
src/main/java/org/apache/commons/io/channels/ByteArraySeekableByteChannel.java,2,1,12,20,161,28,13,21,6,9,1,24,5,commons-io,https://github.com/apache/commons-io.git,8080c7cb26b357598c636fc50f52a76995d2949b,2b755f3b94b673f53fb858a48db78384361c9ac2,"Add NIO channel support to `AbstractStreamBuilder` (#784)  * feat: add NIO channel support to `AbstractStreamBuilder`  Some builders derived from `AbstractStreamBuilder` (for example, `SevenZFile.Builder` in Commons Compress) need to produce a `SeekableByteChannel` as their data source. Until now this required ad-hoc `instanceof` switches across different origin types.  This change integrates channel support directly into the origin/builder abstraction, leading to a cleaner and more object-oriented design.  ### Key changes  * Add `getReadableByteChannel()` and `getWritableByteChannel()` to `AbstractOrigin` and propagate to `AbstractStreamBuilder`. * Introduce `ChannelOrigin`, an `AbstractOrigin` implementation backed by an existing `ReadableByteChannel`/`WritableByteChannel`. * Add `ByteArrayChannel`, a simple in-memory `SeekableByteChannel` implementation. * Extend unit tests to cover the new methods and types.  * fix: cleanup on Windows  * fix: checkstyle violation  * fix: merge `ByteArrayChannel` and `ByteArraySeekableByteChannel`  * fix: failing test  * fix: remove irrelevant changes  * fix: changelog  * fix: make `data` private  * fix: refine `ByteArraySeekableByteChannel` Javadoc  Clarifies the Javadoc to better reflect the intended usage patterns:  * `wrap(byte[])` is modeled after `ByteArrayInputStream` and is primarily for read-oriented use. * The public constructors `ByteArraySeekableByteChannel()` and `ByteArraySeekableByteChannel(int)` follow the pattern of `ByteArrayOutputStream` and are mainly suited for write-oriented use.  * fix: add missing `@Override` annotation  * fix: typo in default size value  * feat: add generic `getChannel(Class<C>)` accessor  Adds a type-safe `getChannel(Class<C>)` method that lets callers request any supported `Channel` subtype (e.g. `ReadableByteChannel`, `WritableByteChannel`, `SeekableByteChannel`) through a single entry point.  * fix: rename `doGetChannel` to `getChannel`  * fix: Javadoc  * fix: default capacity of `ByteArraySeekableByteChannel`  * fix: rename `getTestData` to `cloneTestData`  * docs: minimum channel type by origin  * fix: make `getChannel` final  * fix: don't clone `testData`  Cloning the test data is unnecessary as all but one test are not supposed to modify them.  * fix: test order",1
src/main/java/org/apache/commons/io/channels/CloseShieldChannel.java,4,2,7,12,41,33,4,8,3,3,1,4,4,commons-io,https://github.com/apache/commons-io.git,37cab2b8e2adf24fc5493812cb9dd41b90511098,b6d09eb723a2c34bc0df7e42e4e13ebf718687c9,"Add tests  - Remove unused exception from signature of CloseShieldChannelHandler.invokeObjectMethod(Object, Method, Object[]) - Test AsynchronousChannel - Test AsynchronousByteChannel - Test NetworkChannel - Test MulticastChannel - Test InterruptibleChannel - Add @SuppressWarnings value - Inline single use local variable - Javadoc - Sort members - Use final",1
src/main/java/org/apache/commons/io/channels/CloseShieldChannelHandler.java,9,1,10,27,81,15,18,15,3,3,0,8,6,commons-io,https://github.com/apache/commons-io.git,37cab2b8e2adf24fc5493812cb9dd41b90511098,b6d09eb723a2c34bc0df7e42e4e13ebf718687c9,"Add tests  - Remove unused exception from signature of CloseShieldChannelHandler.invokeObjectMethod(Object, Method, Object[]) - Test AsynchronousChannel - Test AsynchronousByteChannel - Test NetworkChannel - Test MulticastChannel - Test InterruptibleChannel - Add @SuppressWarnings value - Inline single use local variable - Javadoc - Sort members - Use final",1
src/main/java/org/apache/commons/io/FileSystem.java,10,1,5,34,193,144,60,40,23,23,3,36,5,commons-io,https://github.com/apache/commons-io.git,781032569517808bf7f17ea253b545fbbb4b30ab,cd20ecebc3facaf3c3b3eaba331d40b289ffe3b9,"feat: add length unit support in FileSystem limits (#781)  * feat: add length unit support in FileSystem limits  Different filesystems and operating systems measure file and path lengths in different units:  * macOS and Windows filesystems typically count **UTF-16 code units**. * Linux and other UNIX filesystems typically count **bytes**.  This change introduces explicit unit support so these limits can be interpreted consistently.  ### Key changes  * **New API**    * Added a `LengthUnit` enum and `FileSystem.getLengthUnit()` to expose the unit of measure used by `getMaxFileNameLength()` and `getMaxPathLength()`.   * Added new overloads for `isLegalFileName` and `toLegalFileName` that accept a `Charset`, making conversions between bytes and UTF-16 explicit.  * **Adjusted defaults**    * Reduced the `GENERIC` filesystem defaults:      * File name length → **1020 bytes** (covers 255 UTF-16 characters encoded as up to 3 UTF-8 bytes).     * Path length → **1 MiB** (covers 32,767 UTF-16 code units, again at 3 UTF-8 bytes each).  * **Testing**    * Added unit tests to validate the new API and updated limits.  * fix: move name-length handling into `NameLengthStrategy`  * Refactors comparison and truncation logic into `LengthUnit`, renamed to `NameLengthStrategy`. * Makes the `NameLengthStrategy` value internal-only. * Improves Javadoc for `getMaxFileNameLength` and `getMaxPathLength` to clarify that staying within the reported limit is necessary but not sufficient for a name or path to be valid on all filesystems.  * fix: Javadoc of `getMaxPathLength`  * fix: do not truncate extension  * fix: checkstyle violations  * fix: make `nameLengthStrategy`  * fix: make `nameLengthStrategy` private (2)  * Fix PMD  * fix: rename `UTF16_CHARS` -> `UTF16_CODE_UNITS`  * fix: simplify `truncate`  * fix: switch MacOS to bytes  * fix: `testMaxNameLength_MatchesRealSystem` test  * fix: `testMaxNameLength_MatchesRealSystem`  * fix: improve `truncate` tests  * fix: try fix macOS tests  * fix: add support for grapheme clusters  * fix: tests on JDK 19 or earlier  ---------  Co-authored-by: Gary Gregory <garydgregory@users.noreply.github.com>",1
src/main/java/org/apache/commons/io/IOUtils.java,117,1,117,233,1052,1081,261,184,64,64,24,168,6,commons-io,https://github.com/apache/commons-io.git,2330b086d661d22644defcdfdd9355c3a126b638,aebc9bcae3f149d14d52740e82dc4fe0c95b5635,"Add toByteArray(InputStream input, int size, int bufferSize) (#776)  * feat: Add incremental `toByteArray` method  This introduces `toByteArray(InputStream input, int size, int bufferSize)`, which reads the stream in chunks of `bufferSize` instead of allocating the full array up front.  By reading incrementally, the method:  * Validates that the stream actually contains `size` bytes before completing the allocation. * Prevents excessive memory usage if a corrupted or malicious `size` value is provided. * Offers safer handling for untrusted input compared to the direct-allocation variant.  * fix: move back positivity check to helper method  * fix: changelog entry  * fix: Javadoc details  * fix: remove negative size check  * fix: exception message  * fix: restore parameter name  * fix: remove details and add guidance  * fix: simplify description  * fix: apply an incremental threshold to all `toByteArray` overloads  * Extends incremental (chunked) reading to all `toByteArray` variants when the requested size is unknown or exceeds 128 KiB. * The 128 KiB threshold matches the default buffer size used in CPython. * Updates Javadoc to emphasize that memory usage grows **proportionally** with the number of bytes actually **read**, making these methods suitable for large streams when sufficient memory is available.  * fix: Javadoc of constants  * fix: Formatting  * fix: restore previous `toByteArray(InputStream, int)` behavior  * fix: use default buffer size as chunk size  * fix: possible NPE  * fix: remove unrelated change  * fix: `toByteArray(InputStream)` Javadoc  * fix: Javadoc  * Fix comment formatting for SOFT_MAX_ARRAY_LENGTH  ---------  Co-authored-by: Gary Gregory <garydgregory@users.noreply.github.com>",1
src/main/java/org/apache/commons/io/input/BoundedInputStream.java,16,2,9,67,175,208,47,28,20,23,0,31,3,commons-io,https://github.com/apache/commons-io.git,86119d3c33770a2b8381c5dddb752ca5f29a7568,51932fe8861c2d79a357ba7cfe909856f514a610,"fix: respect read limit in BoundedInputStream.available() (#779)  * fix: correct `BoundedInputStream.getRemaining()` for unbounded streams  `BoundedInputStream.getRemaining()` previously returned `0` when no read limit was set, which was misleading. It now returns `Long.MAX_VALUE` to more clearly represent an unbounded stream.  The Javadoc was also updated to clarify that the method reflects only the configured limit and does **not** report the actual number of bytes available in the underlying stream.  * fix: respect read limit in `BoundedInputStream.available()`  `BoundedInputStream.available()` previously returned the underlying stream’s availability without applying the configured read limit. It now caps the reported value by the remaining bytes allowed by the bound.  Additional changes:  * Removed the `onMaxLength` call from `available()`, since `available()` does not consume data and cannot exceed the maximum count. * Reworked the `testAvailableAfterClose` and `testReadAfterClose` tests:    * Old versions relied too heavily on `CharSequenceInputStream`’s specific behavior.   * New parameterized tests cover all three typical cases of the underlying stream after close: no-op, return special value, or throw an exception. * Added a dedicated unit test for the corrected `available()` behavior.  * fix: formatting  * fix: Javadoc  * fix: Tests  * fix: test descriptions  * fix: replace toIntExact with cast  * Use consistent wording  * Use consistent wording  ---------  Co-authored-by: Gary Gregory <garydgregory@users.noreply.github.com>",1
src/main/java/org/apache/commons/io/input/ProxyInputStream.java,3,2,9,20,142,137,27,18,9,10,0,10,4,commons-io,https://github.com/apache/commons-io.git,51932fe8861c2d79a357ba7cfe909856f514a610,28873d13364509716b0ac520f31081b5f62f3263,"Inline private field `ProxyInputStream.exceptionHandler` (#780)  * chore: inline `ProxyInputStream.exceptionHandler` field  The private, final field `exceptionHandler` was always set to `Erase::rethrow` and had no way to be changed (no setter provided). By inlining its single usage, `handleIOException` becomes simpler and its behavior is clearly fixed, with changes only possible through subclassing.  * Inline private constant field ProxyInputStream.exceptionHandler #780  ---------  Co-authored-by: Gary Gregory <garydgregory@users.noreply.github.com>",1
src/main/java/org/apache/commons/io/input/BoundedInputStream.java,16,2,9,67,175,208,47,28,20,23,0,31,3,commons-io,https://github.com/apache/commons-io.git,43ff9047696d91680fd25efb737cb74df98dc9aa,5688edd0f7e21b8f1ed7f1ee0615946f01f69e58,Javadoc (Java 24 failure),1
src/main/java/org/apache/commons/io/output/AbstractByteArrayOutputStream.java,12,2,17,26,185,50,23,28,8,12,5,49,4,commons-io,https://github.com/apache/commons-io.git,0accfaa6bfc5be4a0aada228aa5845ae1b74d3f9,359ab3c626419c595c324e7824c2c2f8a4b08362,"Fix infinite loop in AbstractByteArrayOutputStream. (#758)  When an AbstractByteArrayOutputStream is initialized with a 0 size buffer and writeImpl(InputStream) is called an infinite loop may occur and eventually cause an OOM exception. This is due to passing 0 as the maximum bytes to read in InputStream#read which returns 0, then a new 0 size buffer is created, and then InputStream#read is called again therefore repeating the loop forever. Fix this infinite loop by updating needNewBuffer to use DEFAULT_SIZE as the initial buffer size instead of 0. This will allow InputStream#read to properly populate the buffer as expected and terminate the loop when EOF is reached. Set initial value of currentBufferIndex to -1 so it is properly initialized to 0 when needNewBuffer is called; unrelated to the infinite loop bug.  Co-authored-by: Alex Benusovich <abenusovich@revolutionehr.com>",1
src/main/java/org/apache/commons/collections4/list/LazyList.java,3,2,7,12,64,83,15,16,9,9,1,14,4,commons-collections,https://github.com/apache/commons-collections.git,7f0ec2c9e89085f819d150608739fd98a3de87ef,9791af338f5c71a82d647cc0ae5613baa5d1ab76,No need to end exception messages with an exclamation!,1
src/main/java/org/apache/commons/collections4/list/TreeList.java,3,2,24,115,606,290,86,138,52,66,4,131,6,commons-collections,https://github.com/apache/commons-collections.git,7f0ec2c9e89085f819d150608739fd98a3de87ef,9791af338f5c71a82d647cc0ae5613baa5d1ab76,No need to end exception messages with an exclamation!,1
src/main/java/org/apache/commons/collections4/trie/AbstractPatriciaTrie.java,21,2,73,246,1535,691,232,361,142,149,23,282,5,commons-collections,https://github.com/apache/commons-collections.git,7f0ec2c9e89085f819d150608739fd98a3de87ef,9791af338f5c71a82d647cc0ae5613baa5d1ab76,No need to end exception messages with an exclamation!,1
src/main/java/org/apache/commons/collections4/functors/FunctorUtils.java,4,2,9,6,71,86,14,19,11,11,4,6,4,commons-collections,https://github.com/apache/commons-collections.git,8f00daf0f280b50efa7ecaf749e8f2957f5aea09,8b9fe3c43fcca2d6a1964e9dc6e1e036dba5d3e5,Fix broken Javadoc HTML tags,1
src/main/java/org/apache/commons/collections4/multimap/AbstractMultiValuedMap.java,12,2,45,139,600,350,105,120,81,81,8,69,6,commons-collections,https://github.com/apache/commons-collections.git,8f00daf0f280b50efa7ecaf749e8f2957f5aea09,8b9fe3c43fcca2d6a1964e9dc6e1e036dba5d3e5,Fix broken Javadoc HTML tags,1
src/main/java/org/apache/commons/collections4/trie/AbstractBitwiseTrie.java,2,2,6,19,115,39,25,25,15,17,1,13,4,commons-collections,https://github.com/apache/commons-collections.git,4d9e0bd33a050cef05b0f65289770d8bddefad3e,b780c2989ebc3423ead8637c48afd20cbf9f805e,"[COLLECTIONS-885] PatriciaTrie. Prevent silent mutations, prevents CMEs when iterating. (#672)  * [COLLECTIONS-885] PatriciaTrie. Prevent silent mutate when creating views with subMap, headMap, tailMap, and prefixMap. Fixes shared usage where even simple read access among multiple iterating threads results in ConcurrentModificationExceptions.  * [COLLECTIONS-885] PatriciaTrie. Add threaded unit test to verify no ConcurrentModificationExceptions thrown by concurrent iterators.  * [COLLECTIONS-885] PatriciaTrie. Rename new test method.",1
src/main/java/org/apache/commons/collections4/trie/AbstractPatriciaTrie.java,21,2,73,232,1497,665,228,347,142,149,15,270,5,commons-collections,https://github.com/apache/commons-collections.git,4d9e0bd33a050cef05b0f65289770d8bddefad3e,b780c2989ebc3423ead8637c48afd20cbf9f805e,"[COLLECTIONS-885] PatriciaTrie. Prevent silent mutations, prevents CMEs when iterating. (#672)  * [COLLECTIONS-885] PatriciaTrie. Prevent silent mutate when creating views with subMap, headMap, tailMap, and prefixMap. Fixes shared usage where even simple read access among multiple iterating threads results in ConcurrentModificationExceptions.  * [COLLECTIONS-885] PatriciaTrie. Add threaded unit test to verify no ConcurrentModificationExceptions thrown by concurrent iterators.  * [COLLECTIONS-885] PatriciaTrie. Rename new test method.",1
src/main/java/org/apache/commons/collections4/Equator.java,0,1,0,0,5,8,2,0,0,0,0,0,2,commons-collections,https://github.com/apache/commons-collections.git,86e97e6d336ff00b8bea697041da0a4d7172e0db,86e97e6d336ff00b8bea697041da0a4d7172e0db,Javadoc  Add an empty line before a Javadoc comment,0
src/main/java/org/apache/commons/collections4/IterableGet.java,0,2,0,5,4,18,1,1,0,0,1,4,2,commons-collections,https://github.com/apache/commons-collections.git,86e97e6d336ff00b8bea697041da0a4d7172e0db,86e97e6d336ff00b8bea697041da0a4d7172e0db,Javadoc  Add an empty line before a Javadoc comment,0
src/main/java/org/apache/commons/collections4/IteratorUtils.java,53,2,64,111,481,997,181,121,79,79,10,24,5,commons-collections,https://github.com/apache/commons-collections.git,86e97e6d336ff00b8bea697041da0a4d7172e0db,86e97e6d336ff00b8bea697041da0a4d7172e0db,Javadoc  Add an empty line before a Javadoc comment,0
src/main/java/org/apache/commons/collections4/bag/SynchronizedBag.java,0,2,4,6,65,45,11,11,10,10,0,3,3,commons-collections,https://github.com/apache/commons-collections.git,86e97e6d336ff00b8bea697041da0a4d7172e0db,86e97e6d336ff00b8bea697041da0a4d7172e0db,Javadoc  Add an empty line before a Javadoc comment,0
src/main/java/org/apache/commons/collections4/bidimap/AbstractDualBidiMap.java,2,2,21,102,463,275,63,96,57,63,4,63,5,commons-collections,https://github.com/apache/commons-collections.git,86e97e6d336ff00b8bea697041da0a4d7172e0db,86e97e6d336ff00b8bea697041da0a4d7172e0db,Javadoc  Add an empty line before a Javadoc comment,0
src/main/java/org/apache/commons/collections4/bidimap/DualTreeBidiMap.java,0,2,22,57,256,201,40,50,38,38,1,29,4,commons-collections,https://github.com/apache/commons-collections.git,86e97e6d336ff00b8bea697041da0a4d7172e0db,86e97e6d336ff00b8bea697041da0a4d7172e0db,Javadoc  Add an empty line before a Javadoc comment,0
src/main/java/org/apache/commons/collections4/bidimap/TreeBidiMap.java,19,2,60,317,1245,557,165,267,134,139,17,164,6,commons-collections,https://github.com/apache/commons-collections.git,86e97e6d336ff00b8bea697041da0a4d7172e0db,86e97e6d336ff00b8bea697041da0a4d7172e0db,Javadoc  Add an empty line before a Javadoc comment,0
src/main/java/org/apache/commons/collections4/bloomfilter/CellExtractor.java,1,2,4,12,65,82,13,12,8,8,1,5,7,commons-collections,https://github.com/apache/commons-collections.git,86e97e6d336ff00b8bea697041da0a4d7172e0db,86e97e6d336ff00b8bea697041da0a4d7172e0db,Javadoc  Add an empty line before a Javadoc comment,0
src/main/java/org/apache/commons/collections4/collection/SynchronizedCollection.java,3,2,5,22,128,56,22,22,21,21,0,7,4,commons-collections,https://github.com/apache/commons-collections.git,86e97e6d336ff00b8bea697041da0a4d7172e0db,86e97e6d336ff00b8bea697041da0a4d7172e0db,Javadoc  Add an empty line before a Javadoc comment,0
src/main/java/org/apache/commons/collections4/comparators/ComparatorChain.java,4,1,12,28,131,100,16,31,15,16,1,27,6,commons-collections,https://github.com/apache/commons-collections.git,86e97e6d336ff00b8bea697041da0a4d7172e0db,86e97e6d336ff00b8bea697041da0a4d7172e0db,Javadoc  Add an empty line before a Javadoc comment,0
src/main/java/org/apache/commons/collections4/functors/AndPredicate.java,2,2,3,4,27,30,9,4,4,4,0,3,3,commons-collections,https://github.com/apache/commons-collections.git,86e97e6d336ff00b8bea697041da0a4d7172e0db,86e97e6d336ff00b8bea697041da0a4d7172e0db,Javadoc  Add an empty line before a Javadoc comment,0
src/main/java/org/apache/commons/collections4/functors/ForClosure.java,0,1,1,1,32,48,8,8,5,5,1,4,3,commons-collections,https://github.com/apache/commons-collections.git,86e97e6d336ff00b8bea697041da0a4d7172e0db,86e97e6d336ff00b8bea697041da0a4d7172e0db,Javadoc  Add an empty line before a Javadoc comment,0
src/main/java/org/apache/commons/collections4/functors/IfClosure.java,4,1,4,7,47,60,10,9,8,8,0,4,3,commons-collections,https://github.com/apache/commons-collections.git,86e97e6d336ff00b8bea697041da0a4d7172e0db,86e97e6d336ff00b8bea697041da0a4d7172e0db,Javadoc  Add an empty line before a Javadoc comment,0
src/main/java/org/apache/commons/collections4/functors/IfTransformer.java,5,2,4,8,47,58,13,8,7,7,0,4,3,commons-collections,https://github.com/apache/commons-collections.git,86e97e6d336ff00b8bea697041da0a4d7172e0db,86e97e6d336ff00b8bea697041da0a4d7172e0db,Javadoc  Add an empty line before a Javadoc comment,0
src/main/java/org/apache/commons/collections4/functors/InstantiateFactory.java,1,1,10,5,60,58,5,12,5,5,0,8,3,commons-collections,https://github.com/apache/commons-collections.git,86e97e6d336ff00b8bea697041da0a4d7172e0db,86e97e6d336ff00b8bea697041da0a4d7172e0db,Javadoc  Add an empty line before a Javadoc comment,0
src/main/java/org/apache/commons/collections4/functors/InstantiateTransformer.java,0,2,10,4,53,70,7,12,5,5,0,7,4,commons-collections,https://github.com/apache/commons-collections.git,86e97e6d336ff00b8bea697041da0a4d7172e0db,86e97e6d336ff00b8bea697041da0a4d7172e0db,Javadoc  Add an empty line before a Javadoc comment,0
src/main/java/org/apache/commons/collections4/functors/InvokerTransformer.java,2,1,9,10,58,68,8,11,5,5,0,9,3,commons-collections,https://github.com/apache/commons-collections.git,86e97e6d336ff00b8bea697041da0a4d7172e0db,86e97e6d336ff00b8bea697041da0a4d7172e0db,Javadoc  Add an empty line before a Javadoc comment,0
src/main/java/org/apache/commons/collections4/functors/OrPredicate.java,2,2,3,4,27,30,7,4,4,4,0,3,3,commons-collections,https://github.com/apache/commons-collections.git,86e97e6d336ff00b8bea697041da0a4d7172e0db,86e97e6d336ff00b8bea697041da0a4d7172e0db,Javadoc  Add an empty line before a Javadoc comment,0
src/main/java/org/apache/commons/collections4/functors/PrototypeFactory.java,0,2,19,15,99,71,10,19,7,7,0,11,6,commons-collections,https://github.com/apache/commons-collections.git,86e97e6d336ff00b8bea697041da0a4d7172e0db,86e97e6d336ff00b8bea697041da0a4d7172e0db,Javadoc  Add an empty line before a Javadoc comment,0
src/main/java/org/apache/commons/collections4/functors/SwitchClosure.java,7,1,6,15,73,89,13,14,8,8,2,12,4,commons-collections,https://github.com/apache/commons-collections.git,86e97e6d336ff00b8bea697041da0a4d7172e0db,86e97e6d336ff00b8bea697041da0a4d7172e0db,Javadoc  Add an empty line before a Javadoc comment,0
src/main/java/org/apache/commons/collections4/functors/SwitchTransformer.java,7,2,6,16,82,97,19,15,8,8,2,12,4,commons-collections,https://github.com/apache/commons-collections.git,86e97e6d336ff00b8bea697041da0a4d7172e0db,86e97e6d336ff00b8bea697041da0a4d7172e0db,Javadoc  Add an empty line before a Javadoc comment,0
src/main/java/org/apache/commons/collections4/functors/WhileClosure.java,2,1,3,5,37,46,8,8,6,6,1,4,3,commons-collections,https://github.com/apache/commons-collections.git,86e97e6d336ff00b8bea697041da0a4d7172e0db,86e97e6d336ff00b8bea697041da0a4d7172e0db,Javadoc  Add an empty line before a Javadoc comment,0
src/main/java/org/apache/commons/collections4/iterators/ArrayIterator.java,3,1,8,3,65,18,12,15,11,11,0,6,3,commons-collections,https://github.com/apache/commons-collections.git,86e97e6d336ff00b8bea697041da0a4d7172e0db,86e97e6d336ff00b8bea697041da0a4d7172e0db,Javadoc  Add an empty line before a Javadoc comment,0
src/main/java/org/apache/commons/collections4/iterators/EnumerationIterator.java,0,2,5,3,45,24,6,10,7,8,0,5,3,commons-collections,https://github.com/apache/commons-collections.git,86e97e6d336ff00b8bea697041da0a4d7172e0db,86e97e6d336ff00b8bea697041da0a4d7172e0db,Javadoc  Add an empty line before a Javadoc comment,0
src/main/java/org/apache/commons/collections4/iterators/ListIteratorWrapper.java,3,2,12,20,132,62,23,21,3,6,1,18,4,commons-collections,https://github.com/apache/commons-collections.git,86e97e6d336ff00b8bea697041da0a4d7172e0db,86e97e6d336ff00b8bea697041da0a4d7172e0db,Javadoc  Add an empty line before a Javadoc comment,0
src/main/java/org/apache/commons/collections4/iterators/LoopingIterator.java,1,2,6,8,39,40,7,8,6,6,0,2,3,commons-collections,https://github.com/apache/commons-collections.git,86e97e6d336ff00b8bea697041da0a4d7172e0db,86e97e6d336ff00b8bea697041da0a4d7172e0db,Javadoc  Add an empty line before a Javadoc comment,0
src/main/java/org/apache/commons/collections4/iterators/LoopingListIterator.java,1,1,9,24,93,68,18,22,12,13,1,4,4,commons-collections,https://github.com/apache/commons-collections.git,86e97e6d336ff00b8bea697041da0a4d7172e0db,86e97e6d336ff00b8bea697041da0a4d7172e0db,Javadoc  Add an empty line before a Javadoc comment,0
src/main/java/org/apache/commons/collections4/iterators/NodeListIterator.java,2,1,7,6,32,10,2,6,4,5,0,2,3,commons-collections,https://github.com/apache/commons-collections.git,86e97e6d336ff00b8bea697041da0a4d7172e0db,86e97e6d336ff00b8bea697041da0a4d7172e0db,Javadoc  Add an empty line before a Javadoc comment,0
src/main/java/org/apache/commons/collections4/iterators/ObjectArrayIterator.java,0,1,8,0,61,19,12,15,10,10,0,5,3,commons-collections,https://github.com/apache/commons-collections.git,86e97e6d336ff00b8bea697041da0a4d7172e0db,86e97e6d336ff00b8bea697041da0a4d7172e0db,Javadoc  Add an empty line before a Javadoc comment,0
src/main/java/org/apache/commons/collections4/iterators/ObjectGraphIterator.java,0,2,8,11,99,73,11,27,7,10,1,18,5,commons-collections,https://github.com/apache/commons-collections.git,86e97e6d336ff00b8bea697041da0a4d7172e0db,86e97e6d336ff00b8bea697041da0a4d7172e0db,Javadoc  Add an empty line before a Javadoc comment,0
src/main/java/org/apache/commons/collections4/iterators/ReverseListIterator.java,1,1,7,15,69,16,13,15,11,12,0,9,3,commons-collections,https://github.com/apache/commons-collections.git,86e97e6d336ff00b8bea697041da0a4d7172e0db,86e97e6d336ff00b8bea697041da0a4d7172e0db,Javadoc  Add an empty line before a Javadoc comment,0
src/main/java/org/apache/commons/collections4/iterators/SingletonIterator.java,0,1,5,0,44,10,6,9,4,6,0,7,3,commons-collections,https://github.com/apache/commons-collections.git,86e97e6d336ff00b8bea697041da0a4d7172e0db,86e97e6d336ff00b8bea697041da0a4d7172e0db,Javadoc  Add an empty line before a Javadoc comment,0
src/main/java/org/apache/commons/collections4/iterators/TransformIterator.java,0,2,2,4,44,26,9,11,11,11,0,5,2,commons-collections,https://github.com/apache/commons-collections.git,86e97e6d336ff00b8bea697041da0a4d7172e0db,86e97e6d336ff00b8bea697041da0a4d7172e0db,Javadoc  Add an empty line before a Javadoc comment,0
src/main/java/org/apache/commons/collections4/keyvalue/AbstractKeyValue.java,0,1,2,4,36,8,10,6,4,6,0,7,2,commons-collections,https://github.com/apache/commons-collections.git,86e97e6d336ff00b8bea697041da0a4d7172e0db,86e97e6d336ff00b8bea697041da0a4d7172e0db,Javadoc  Add an empty line before a Javadoc comment,0
src/main/java/org/apache/commons/collections4/list/AbstractLinkedList.java,6,2,31,71,634,248,86,137,81,88,16,102,4,commons-collections,https://github.com/apache/commons-collections.git,86e97e6d336ff00b8bea697041da0a4d7172e0db,86e97e6d336ff00b8bea697041da0a4d7172e0db,Javadoc  Add an empty line before a Javadoc comment,0
src/main/java/org/apache/commons/collections4/list/AbstractLinkedListJava21.java,6,2,31,71,631,266,78,137,81,88,16,102,4,commons-collections,https://github.com/apache/commons-collections.git,86e97e6d336ff00b8bea697041da0a4d7172e0db,86e97e6d336ff00b8bea697041da0a4d7172e0db,Javadoc  Add an empty line before a Javadoc comment,0
src/main/java/org/apache/commons/collections4/list/CursorableLinkedList.java,0,2,12,46,250,221,17,56,35,35,6,43,6,commons-collections,https://github.com/apache/commons-collections.git,86e97e6d336ff00b8bea697041da0a4d7172e0db,86e97e6d336ff00b8bea697041da0a4d7172e0db,Javadoc  Add an empty line before a Javadoc comment,0
src/main/java/org/apache/commons/collections4/list/TreeList.java,3,2,24,113,603,290,86,137,51,65,4,131,6,commons-collections,https://github.com/apache/commons-collections.git,86e97e6d336ff00b8bea697041da0a4d7172e0db,86e97e6d336ff00b8bea697041da0a4d7172e0db,Javadoc  Add an empty line before a Javadoc comment,0
src/main/java/org/apache/commons/collections4/map/AbstractHashedMap.java,7,2,33,100,743,477,126,162,87,92,20,157,6,commons-collections,https://github.com/apache/commons-collections.git,86e97e6d336ff00b8bea697041da0a4d7172e0db,86e97e6d336ff00b8bea697041da0a4d7172e0db,Javadoc  Add an empty line before a Javadoc comment,0
src/main/java/org/apache/commons/collections4/map/AbstractLinkedMap.java,1,2,24,31,315,264,58,75,48,49,4,44,5,commons-collections,https://github.com/apache/commons-collections.git,86e97e6d336ff00b8bea697041da0a4d7172e0db,86e97e6d336ff00b8bea697041da0a4d7172e0db,Javadoc  Add an empty line before a Javadoc comment,0
src/main/java/org/apache/commons/collections4/map/AbstractReferenceMap.java,7,2,26,75,570,377,102,112,66,69,8,75,5,commons-collections,https://github.com/apache/commons-collections.git,86e97e6d336ff00b8bea697041da0a4d7172e0db,86e97e6d336ff00b8bea697041da0a4d7172e0db,Javadoc  Add an empty line before a Javadoc comment,0
src/main/java/org/apache/commons/collections4/map/CompositeMap.java,6,2,11,38,192,147,38,47,21,21,14,33,6,commons-collections,https://github.com/apache/commons-collections.git,86e97e6d336ff00b8bea697041da0a4d7172e0db,86e97e6d336ff00b8bea697041da0a4d7172e0db,Javadoc  Add an empty line before a Javadoc comment,0
src/main/java/org/apache/commons/collections4/map/ConcurrentReferenceHashMap.java,24,2,37,129,1097,769,158,232,123,129,37,241,8,commons-collections,https://github.com/apache/commons-collections.git,86e97e6d336ff00b8bea697041da0a4d7172e0db,86e97e6d336ff00b8bea697041da0a4d7172e0db,Javadoc  Add an empty line before a Javadoc comment,0
src/main/java/org/apache/commons/collections4/map/Flat3Map.java,5,2,39,123,933,325,147,186,59,62,3,178,5,commons-collections,https://github.com/apache/commons-collections.git,86e97e6d336ff00b8bea697041da0a4d7172e0db,86e97e6d336ff00b8bea697041da0a4d7172e0db,Javadoc  Add an empty line before a Javadoc comment,0
src/main/java/org/apache/commons/collections4/map/LRUMap.java,0,2,14,16,192,133,18,43,25,25,2,50,6,commons-collections,https://github.com/apache/commons-collections.git,86e97e6d336ff00b8bea697041da0a4d7172e0db,86e97e6d336ff00b8bea697041da0a4d7172e0db,Javadoc  Add an empty line before a Javadoc comment,0
src/main/java/org/apache/commons/collections4/map/MultiValueMap.java,1,2,29,54,277,259,51,56,31,31,6,36,6,commons-collections,https://github.com/apache/commons-collections.git,86e97e6d336ff00b8bea697041da0a4d7172e0db,86e97e6d336ff00b8bea697041da0a4d7172e0db,Javadoc  Add an empty line before a Javadoc comment,0
src/main/java/org/apache/commons/collections4/map/SingletonMap.java,4,2,30,42,292,123,69,62,46,48,0,27,4,commons-collections,https://github.com/apache/commons-collections.git,86e97e6d336ff00b8bea697041da0a4d7172e0db,86e97e6d336ff00b8bea697041da0a4d7172e0db,Javadoc  Add an empty line before a Javadoc comment,0
src/main/java/org/apache/commons/collections4/map/TransformedMap.java,0,2,6,20,87,111,19,15,10,10,1,10,3,commons-collections,https://github.com/apache/commons-collections.git,86e97e6d336ff00b8bea697041da0a4d7172e0db,86e97e6d336ff00b8bea697041da0a4d7172e0db,Javadoc  Add an empty line before a Javadoc comment,0
src/main/java/org/apache/commons/collections4/multiset/AbstractMapMultiSet.java,1,2,18,57,330,142,39,64,27,34,9,64,4,commons-collections,https://github.com/apache/commons-collections.git,86e97e6d336ff00b8bea697041da0a4d7172e0db,86e97e6d336ff00b8bea697041da0a4d7172e0db,Javadoc  Add an empty line before a Javadoc comment,0
src/main/java/org/apache/commons/collections4/multiset/SynchronizedMultiSet.java,0,2,3,9,79,57,13,13,12,12,0,4,3,commons-collections,https://github.com/apache/commons-collections.git,86e97e6d336ff00b8bea697041da0a4d7172e0db,86e97e6d336ff00b8bea697041da0a4d7172e0db,Javadoc  Add an empty line before a Javadoc comment,0
src/main/java/org/apache/commons/collections4/sequence/SequencesComparator.java,2,1,5,40,137,113,14,30,14,14,8,41,5,commons-collections,https://github.com/apache/commons-collections.git,86e97e6d336ff00b8bea697041da0a4d7172e0db,86e97e6d336ff00b8bea697041da0a4d7172e0db,Javadoc  Add an empty line before a Javadoc comment,0
src/main/java/org/apache/commons/collections4/splitmap/TransformedSplitMap.java,2,2,9,18,68,90,12,11,9,9,1,5,3,commons-collections,https://github.com/apache/commons-collections.git,86e97e6d336ff00b8bea697041da0a4d7172e0db,86e97e6d336ff00b8bea697041da0a4d7172e0db,Javadoc  Add an empty line before a Javadoc comment,0
src/main/java/org/apache/commons/collections4/trie/AbstractPatriciaTrie.java,21,2,73,232,1497,665,228,347,142,149,15,270,5,commons-collections,https://github.com/apache/commons-collections.git,86e97e6d336ff00b8bea697041da0a4d7172e0db,86e97e6d336ff00b8bea697041da0a4d7172e0db,Javadoc  Add an empty line before a Javadoc comment,0
src/main/java/org/apache/commons/collections4/MultiValuedMap.java,0,2,5,9,29,162,26,1,1,1,0,2,2,commons-collections,https://github.com/apache/commons-collections.git,9b122c48770ef1c3403864a88006d864e66f6520,fde741e259c9b9d37664303da01524aa2ab01abc,Better exception message,1
src/main/java/org/apache/commons/collections4/bloomfilter/LayerManager.java,8,2,11,42,163,251,43,40,26,29,2,12,6,commons-collections,https://github.com/apache/commons-collections.git,c4ad5f53ad36fcb249fb7683e09d6127a9484dcd,c1f3cb2382c6edb6324ab50e925af8ef52add786,Javadoc: Fix double the,1
src/main/java/org/apache/commons/collections4/ClosureUtils.java,6,2,13,11,86,236,32,18,17,17,1,7,3,commons-collections,https://github.com/apache/commons-collections.git,de7f14bf44c9eebf1314c69feeabadb4759c6261,9949ab1df31c4bf5c6c3ae51c1831ffbdb2fef9a,Fix malformed Javadoc comments,1
src/main/java/org/apache/commons/collections4/CollectionUtils.java,106,2,36,243,789,1617,180,194,87,87,32,95,5,commons-collections,https://github.com/apache/commons-collections.git,de7f14bf44c9eebf1314c69feeabadb4759c6261,9949ab1df31c4bf5c6c3ae51c1831ffbdb2fef9a,Fix malformed Javadoc comments,1
src/main/java/org/apache/commons/collections4/FactoryUtils.java,3,1,4,3,28,90,17,7,7,7,0,0,2,commons-collections,https://github.com/apache/commons-collections.git,de7f14bf44c9eebf1314c69feeabadb4759c6261,9949ab1df31c4bf5c6c3ae51c1831ffbdb2fef9a,Fix malformed Javadoc comments,1
src/main/java/org/apache/commons/collections4/FluentIterable.java,32,2,8,39,122,203,68,35,34,34,0,4,4,commons-collections,https://github.com/apache/commons-collections.git,de7f14bf44c9eebf1314c69feeabadb4759c6261,9949ab1df31c4bf5c6c3ae51c1831ffbdb2fef9a,Fix malformed Javadoc comments,1
src/main/java/org/apache/commons/collections4/IterableUtils.java,54,2,16,90,380,783,116,85,62,62,7,39,7,commons-collections,https://github.com/apache/commons-collections.git,de7f14bf44c9eebf1314c69feeabadb4759c6261,9949ab1df31c4bf5c6c3ae51c1831ffbdb2fef9a,Fix malformed Javadoc comments,1
src/main/java/org/apache/commons/collections4/IteratorUtils.java,53,2,64,111,481,975,181,121,79,79,10,24,5,commons-collections,https://github.com/apache/commons-collections.git,de7f14bf44c9eebf1314c69feeabadb4759c6261,9949ab1df31c4bf5c6c3ae51c1831ffbdb2fef9a,Fix malformed Javadoc comments,1
src/main/java/org/apache/commons/collections4/MapUtils.java,44,2,52,157,562,1244,222,156,100,100,13,61,6,commons-collections,https://github.com/apache/commons-collections.git,de7f14bf44c9eebf1314c69feeabadb4759c6261,9949ab1df31c4bf5c6c3ae51c1831ffbdb2fef9a,Fix malformed Javadoc comments,1
src/main/java/org/apache/commons/collections4/PredicateUtils.java,26,2,23,27,124,287,66,30,30,30,0,2,2,commons-collections,https://github.com/apache/commons-collections.git,de7f14bf44c9eebf1314c69feeabadb4759c6261,9949ab1df31c4bf5c6c3ae51c1831ffbdb2fef9a,Fix malformed Javadoc comments,1
src/main/java/org/apache/commons/collections4/TransformerUtils.java,24,2,18,29,120,312,51,25,24,24,1,7,3,commons-collections,https://github.com/apache/commons-collections.git,de7f14bf44c9eebf1314c69feeabadb4759c6261,9949ab1df31c4bf5c6c3ae51c1831ffbdb2fef9a,Fix malformed Javadoc comments,1
src/main/java/org/apache/commons/collections4/bag/package-info.java,0,1,0,0,1,30,0,0,0,0,0,0,1,commons-collections,https://github.com/apache/commons-collections.git,de7f14bf44c9eebf1314c69feeabadb4759c6261,9949ab1df31c4bf5c6c3ae51c1831ffbdb2fef9a,Fix malformed Javadoc comments,1
src/main/java/org/apache/commons/collections4/bidimap/package-info.java,0,1,0,0,1,26,0,0,0,0,0,0,1,commons-collections,https://github.com/apache/commons-collections.git,de7f14bf44c9eebf1314c69feeabadb4759c6261,9949ab1df31c4bf5c6c3ae51c1831ffbdb2fef9a,Fix malformed Javadoc comments,1
src/main/java/org/apache/commons/collections4/bloomfilter/LayeredBloomFilter.java,3,2,14,33,170,79,49,35,34,34,0,16,4,commons-collections,https://github.com/apache/commons-collections.git,de7f14bf44c9eebf1314c69feeabadb4759c6261,9949ab1df31c4bf5c6c3ae51c1831ffbdb2fef9a,Fix malformed Javadoc comments,1
src/main/java/org/apache/commons/collections4/collection/package-info.java,0,1,0,0,1,22,0,0,0,0,0,0,1,commons-collections,https://github.com/apache/commons-collections.git,de7f14bf44c9eebf1314c69feeabadb4759c6261,9949ab1df31c4bf5c6c3ae51c1831ffbdb2fef9a,Fix malformed Javadoc comments,1
src/main/java/org/apache/commons/collections4/keyvalue/package-info.java,0,1,0,0,1,12,0,0,0,0,0,0,0,commons-collections,https://github.com/apache/commons-collections.git,de7f14bf44c9eebf1314c69feeabadb4759c6261,9949ab1df31c4bf5c6c3ae51c1831ffbdb2fef9a,Fix malformed Javadoc comments,1
src/main/java/org/apache/commons/collections4/map/Flat3Map.java,5,2,39,123,933,315,147,186,59,62,3,178,5,commons-collections,https://github.com/apache/commons-collections.git,de7f14bf44c9eebf1314c69feeabadb4759c6261,9949ab1df31c4bf5c6c3ae51c1831ffbdb2fef9a,Fix malformed Javadoc comments,1
src/main/java/org/apache/commons/collections4/map/MultiKeyMap.java,30,2,15,130,458,357,84,98,40,40,21,132,4,commons-collections,https://github.com/apache/commons-collections.git,de7f14bf44c9eebf1314c69feeabadb4759c6261,9949ab1df31c4bf5c6c3ae51c1831ffbdb2fef9a,Fix malformed Javadoc comments,1
src/main/java/org/apache/commons/collections4/map/SingletonMap.java,4,2,30,42,292,117,69,62,46,48,0,27,4,commons-collections,https://github.com/apache/commons-collections.git,de7f14bf44c9eebf1314c69feeabadb4759c6261,9949ab1df31c4bf5c6c3ae51c1831ffbdb2fef9a,Fix malformed Javadoc comments,1
src/main/java/org/apache/commons/collections4/map/package-info.java,0,1,0,0,1,49,0,0,0,0,0,0,1,commons-collections,https://github.com/apache/commons-collections.git,de7f14bf44c9eebf1314c69feeabadb4759c6261,9949ab1df31c4bf5c6c3ae51c1831ffbdb2fef9a,Fix malformed Javadoc comments,1
src/main/java/org/apache/commons/collections4/multimap/package-info.java,0,1,0,0,1,20,0,0,0,0,0,0,1,commons-collections,https://github.com/apache/commons-collections.git,de7f14bf44c9eebf1314c69feeabadb4759c6261,9949ab1df31c4bf5c6c3ae51c1831ffbdb2fef9a,Fix malformed Javadoc comments,1
src/main/java/org/apache/commons/collections4/multiset/package-info.java,0,1,0,0,1,20,0,0,0,0,0,0,1,commons-collections,https://github.com/apache/commons-collections.git,de7f14bf44c9eebf1314c69feeabadb4759c6261,9949ab1df31c4bf5c6c3ae51c1831ffbdb2fef9a,Fix malformed Javadoc comments,1
src/main/java/org/apache/commons/collections4/package-info.java,0,1,0,0,1,10,0,0,0,0,0,0,1,commons-collections,https://github.com/apache/commons-collections.git,de7f14bf44c9eebf1314c69feeabadb4759c6261,9949ab1df31c4bf5c6c3ae51c1831ffbdb2fef9a,Fix malformed Javadoc comments,1
src/main/java/org/apache/commons/collections4/queue/package-info.java,0,1,0,0,1,20,0,0,0,0,0,0,1,commons-collections,https://github.com/apache/commons-collections.git,de7f14bf44c9eebf1314c69feeabadb4759c6261,9949ab1df31c4bf5c6c3ae51c1831ffbdb2fef9a,Fix malformed Javadoc comments,1
src/main/java/org/apache/commons/collections4/set/package-info.java,0,1,0,0,1,24,0,0,0,0,0,0,1,commons-collections,https://github.com/apache/commons-collections.git,de7f14bf44c9eebf1314c69feeabadb4759c6261,9949ab1df31c4bf5c6c3ae51c1831ffbdb2fef9a,Fix malformed Javadoc comments,1
src/main/java/org/apache/commons/collections4/splitmap/package-info.java,0,1,0,0,1,12,0,0,0,0,0,0,1,commons-collections,https://github.com/apache/commons-collections.git,de7f14bf44c9eebf1314c69feeabadb4759c6261,9949ab1df31c4bf5c6c3ae51c1831ffbdb2fef9a,Fix malformed Javadoc comments,1
src/main/java/org/apache/commons/collections4/trie/AbstractPatriciaTrie.java,21,2,73,232,1497,647,228,347,142,149,15,270,5,commons-collections,https://github.com/apache/commons-collections.git,de7f14bf44c9eebf1314c69feeabadb4759c6261,9949ab1df31c4bf5c6c3ae51c1831ffbdb2fef9a,Fix malformed Javadoc comments,1
src/main/java/org/apache/commons/collections4/trie/package-info.java,0,1,0,0,1,18,0,0,0,0,0,0,1,commons-collections,https://github.com/apache/commons-collections.git,de7f14bf44c9eebf1314c69feeabadb4759c6261,9949ab1df31c4bf5c6c3ae51c1831ffbdb2fef9a,Fix malformed Javadoc comments,1
src/main/java/org/apache/commons/collections4/properties/SortedProperties.java,2,2,10,9,28,21,3,4,4,4,0,2,2,commons-collections,https://github.com/apache/commons-collections.git,415a24f56dd24ad49538f3116f50059e67a1e852,19119be9ab677d1b4b3b205fa03f5f0b28c93e9b,SortedProperties doesn't always process keys in sorted sequence  - Fix SortedProperties.keySet() returned an unsorted Set. - Fix SortedProperties.propertyNames() returned an unsorted Enumeration. - Fix SortedProperties.stringPropertyNames() returned an unsorted Set. - Fix SortedProperties.forEach() called its consumer out of order.,1
src/main/java/org/apache/commons/collections4/properties/PropertiesFactory.java,32,2,35,35,218,32,21,37,37,37,0,3,3,commons-collections,https://github.com/apache/commons-collections.git,ddef8cd637d7331d19ca099828fc67864a8d404b,923cd00d620838dc9ec4128c94c6156844773bde,Bump org.apache.commons:commons-parent from 85 to 87  - Fix UselessOverridingMethod in org.apache.commons.collections4.properties.PropertiesFactory,1
src/main/java/org/apache/commons/collections4/iterators/IteratorChain.java,1,2,7,10,98,88,9,26,12,14,3,9,4,commons-collections,https://github.com/apache/commons-collections.git,845c0e5400c5a804c972bdd9d60e6852f0c268f9,ec38f6fa7f867000eed81791c3078b327a451d89,"[collections-722] deeply nested chainedIterator performance problems fixed (#628)  * [collections-722] basically 'renovated' stale PR commons-collections/pull/308 from collections-770, ensures that rechaining chainedIterators multiple times now result in a single IteratorChain instance with all picked up underlying iterators, thus avoiding deeply nested imperformant IteratorChain instances. Additionally the UnmodifiableIterator gets a special treatment, so that SetUtils.SetView.iterator() also benefits from this solution. Raised test coverage.  * [collections-722] added 722 to changes.xml",1
src/main/java/org/apache/commons/collections4/iterators/UnmodifiableIterator.java,1,2,4,3,37,38,7,8,7,7,0,2,3,commons-collections,https://github.com/apache/commons-collections.git,845c0e5400c5a804c972bdd9d60e6852f0c268f9,ec38f6fa7f867000eed81791c3078b327a451d89,"[collections-722] deeply nested chainedIterator performance problems fixed (#628)  * [collections-722] basically 'renovated' stale PR commons-collections/pull/308 from collections-770, ensures that rechaining chainedIterators multiple times now result in a single IteratorChain instance with all picked up underlying iterators, thus avoiding deeply nested imperformant IteratorChain instances. Additionally the UnmodifiableIterator gets a special treatment, so that SetUtils.SetView.iterator() also benefits from this solution. Raised test coverage.  * [collections-722] added 722 to changes.xml",1
src/main/java/org/apache/commons/collections4/iterators/IteratorChain.java,1,2,6,11,86,86,9,22,13,14,3,8,4,commons-collections,https://github.com/apache/commons-collections.git,87408a08f812b88b73ec5732c2cae1204c69ad01,d8c59cdbc79d41b1309720d745a39735b334ae86,"[collections-838] Fix exponential `hasValue()` performance (#633)  Cache the result of hasNext() until next() or remove() is invoked.   This avoids repeated hasNext() calls on nested chained iterators,   significantly reducing overhead in deeply nested scenarios.",1
src/main/java/org/apache/commons/collections4/iterators/UnmodifiableIterator.java,1,2,4,3,31,30,5,6,5,5,0,2,3,commons-collections,https://github.com/apache/commons-collections.git,2a427b09048d9b5534a9b01f3417113f5c7f2025,ca46314b21922ecd42c03810ffc80ce62f502ade,Fix exception message in org.apache.commons.collections4.iterators.UnmodifiableIterator.remove() to match java.util.Iterator.remove(),1
src/main/java/org/apache/commons/collections4/functors/FunctorUtils.java,4,2,9,8,77,84,15,21,10,10,4,6,4,commons-collections,https://github.com/apache/commons-collections.git,293fcb194cddfc74c37bc8cd975832a0796840f7,6af02cebee8f50591a59b8b613684ba7272dc742,Fix exception message in org.apache.commons.collections4.functors.FunctorUtils.validate(Consumer<?>...),1
src/main/java/org/apache/commons/collections4/map/AbstractReferenceMap.java,7,2,26,74,570,377,102,112,66,69,8,75,5,commons-collections,https://github.com/apache/commons-collections.git,b01ed8d1c7e54332fe8587b2c4b223bafa397a46,759efd9238adb8e48c2f23576d4fca22870fb9f1,"org.apache.commons.collections4.map.AbstractReferenceMap.ReferenceEntry.toReference(ReferenceStrength, T, int) now throws IllegalArgumentException instead of Error",1
src/main/java/org/apache/commons/collections4/properties/AbstractPropertiesFactory.java,8,2,12,18,74,7,22,5,2,2,0,6,3,commons-collections,https://github.com/apache/commons-collections.git,7d15275d74b71be1fd366afa7a670b966b0d4fef,7d15275d74b71be1fd366afa7a670b966b0d4fef,Refactor AbstractPropertiesFactory.load(File|String) to use NIO  - Refactor AbstractPropertiesFactory.load(File) to use NIO - Refactor AbstractPropertiesFactory.load(String) to use NIO,0
src/main/java/org/apache/commons/collections4/collection/CompositeCollection.java,4,2,15,27,214,166,42,55,25,26,12,23,4,commons-collections,https://github.com/apache/commons-collections.git,105413ddf7ec57a35870176fba8911f3150be17b,5870ec73365cc11bcde0a9cdd2ca5055423eda05,Fix typos in Javadoc and comments,1
src/main/java/org/apache/commons/collections4/map/ConcurrentReferenceHashMap.java,11,2,43,121,1106,788,158,237,122,128,37,242,8,commons-collections,https://github.com/apache/commons-collections.git,cb3494e9c7a5e3591e99b7c570ff73073453ab9d,cb3494e9c7a5e3591e99b7c570ff73073453ab9d,"Javadoc: Use the semantic ""code"" HTML tag instead of ""tt"" style tag",0
src/main/java/org/apache/commons/collections4/ArrayStack.java,0,2,5,1,54,35,15,11,6,6,1,7,4,commons-collections,https://github.com/apache/commons-collections.git,95673e47cefd2d01e073369616c969c19a282176,95673e47cefd2d01e073369616c969c19a282176,Javadoc: Use semantic tag <strong> instead of style tag <b>,0
src/main/java/org/apache/commons/collections4/CollectionUtils.java,106,2,36,245,789,1617,180,194,87,87,32,95,5,commons-collections,https://github.com/apache/commons-collections.git,95673e47cefd2d01e073369616c969c19a282176,95673e47cefd2d01e073369616c969c19a282176,Javadoc: Use semantic tag <strong> instead of style tag <b>,0
src/main/java/org/apache/commons/collections4/IterableUtils.java,54,2,16,90,380,783,116,85,62,62,7,39,7,commons-collections,https://github.com/apache/commons-collections.git,95673e47cefd2d01e073369616c969c19a282176,95673e47cefd2d01e073369616c969c19a282176,Javadoc: Use semantic tag <strong> instead of style tag <b>,0
src/main/java/org/apache/commons/collections4/ListUtils.java,30,2,25,93,255,473,65,61,38,38,9,40,5,commons-collections,https://github.com/apache/commons-collections.git,95673e47cefd2d01e073369616c969c19a282176,95673e47cefd2d01e073369616c969c19a282176,Javadoc: Use semantic tag <strong> instead of style tag <b>,0
src/main/java/org/apache/commons/collections4/ListValuedMap.java,0,2,1,0,8,44,6,0,0,0,0,0,2,commons-collections,https://github.com/apache/commons-collections.git,95673e47cefd2d01e073369616c969c19a282176,95673e47cefd2d01e073369616c969c19a282176,Javadoc: Use semantic tag <strong> instead of style tag <b>,0
src/main/java/org/apache/commons/collections4/MultiValuedMap.java,0,2,4,9,26,160,25,0,0,0,0,2,2,commons-collections,https://github.com/apache/commons-collections.git,95673e47cefd2d01e073369616c969c19a282176,95673e47cefd2d01e073369616c969c19a282176,Javadoc: Use semantic tag <strong> instead of style tag <b>,0
src/main/java/org/apache/commons/collections4/SetUtils.java,33,2,22,67,212,365,70,50,41,41,3,12,4,commons-collections,https://github.com/apache/commons-collections.git,95673e47cefd2d01e073369616c969c19a282176,95673e47cefd2d01e073369616c969c19a282176,Javadoc: Use semantic tag <strong> instead of style tag <b>,0
src/main/java/org/apache/commons/collections4/bag/CollectionBag.java,0,2,6,14,78,94,19,15,9,9,3,10,5,commons-collections,https://github.com/apache/commons-collections.git,95673e47cefd2d01e073369616c969c19a282176,95673e47cefd2d01e073369616c969c19a282176,Javadoc: Use semantic tag <strong> instead of style tag <b>,0
src/main/java/org/apache/commons/collections4/collection/AbstractCollectionDecorator.java,1,2,5,16,82,46,16,19,18,19,0,3,2,commons-collections,https://github.com/apache/commons-collections.git,95673e47cefd2d01e073369616c969c19a282176,95673e47cefd2d01e073369616c969c19a282176,Javadoc: Use semantic tag <strong> instead of style tag <b>,0
src/main/java/org/apache/commons/collections4/comparators/ReverseComparator.java,0,1,3,8,36,31,9,8,5,5,0,3,3,commons-collections,https://github.com/apache/commons-collections.git,95673e47cefd2d01e073369616c969c19a282176,95673e47cefd2d01e073369616c969c19a282176,Javadoc: Use semantic tag <strong> instead of style tag <b>,0
src/main/java/org/apache/commons/collections4/functors/CloneTransformer.java,2,1,1,4,18,35,5,4,3,3,0,2,3,commons-collections,https://github.com/apache/commons-collections.git,95673e47cefd2d01e073369616c969c19a282176,95673e47cefd2d01e073369616c969c19a282176,Javadoc: Use semantic tag <strong> instead of style tag <b>,0
src/main/java/org/apache/commons/collections4/functors/ComparatorPredicate.java,6,2,6,14,56,123,9,7,6,6,0,16,3,commons-collections,https://github.com/apache/commons-collections.git,95673e47cefd2d01e073369616c969c19a282176,95673e47cefd2d01e073369616c969c19a282176,Javadoc: Use semantic tag <strong> instead of style tag <b>,0
src/main/java/org/apache/commons/collections4/functors/ForClosure.java,0,1,1,1,32,48,8,8,5,5,1,4,3,commons-collections,https://github.com/apache/commons-collections.git,95673e47cefd2d01e073369616c969c19a282176,95673e47cefd2d01e073369616c969c19a282176,Javadoc: Use semantic tag <strong> instead of style tag <b>,0
src/main/java/org/apache/commons/collections4/functors/InstantiateFactory.java,1,1,10,5,60,58,5,12,5,5,0,8,3,commons-collections,https://github.com/apache/commons-collections.git,95673e47cefd2d01e073369616c969c19a282176,95673e47cefd2d01e073369616c969c19a282176,Javadoc: Use semantic tag <strong> instead of style tag <b>,0
src/main/java/org/apache/commons/collections4/functors/InstantiateTransformer.java,0,2,10,4,53,70,7,12,5,5,0,7,4,commons-collections,https://github.com/apache/commons-collections.git,95673e47cefd2d01e073369616c969c19a282176,95673e47cefd2d01e073369616c969c19a282176,Javadoc: Use semantic tag <strong> instead of style tag <b>,0
src/main/java/org/apache/commons/collections4/functors/InvokerTransformer.java,2,1,9,10,58,68,8,11,5,5,0,9,3,commons-collections,https://github.com/apache/commons-collections.git,95673e47cefd2d01e073369616c969c19a282176,95673e47cefd2d01e073369616c969c19a282176,Javadoc: Use semantic tag <strong> instead of style tag <b>,0
src/main/java/org/apache/commons/collections4/functors/PrototypeFactory.java,0,2,19,15,99,71,10,19,7,7,0,11,6,commons-collections,https://github.com/apache/commons-collections.git,95673e47cefd2d01e073369616c969c19a282176,95673e47cefd2d01e073369616c969c19a282176,Javadoc: Use semantic tag <strong> instead of style tag <b>,0
src/main/java/org/apache/commons/collections4/functors/WhileClosure.java,2,1,3,5,37,46,8,8,6,6,1,4,3,commons-collections,https://github.com/apache/commons-collections.git,95673e47cefd2d01e073369616c969c19a282176,95673e47cefd2d01e073369616c969c19a282176,Javadoc: Use semantic tag <strong> instead of style tag <b>,0
src/main/java/org/apache/commons/collections4/functors/package-info.java,0,1,0,0,1,44,0,0,0,0,0,0,1,commons-collections,https://github.com/apache/commons-collections.git,95673e47cefd2d01e073369616c969c19a282176,95673e47cefd2d01e073369616c969c19a282176,Javadoc: Use semantic tag <strong> instead of style tag <b>,0
src/main/java/org/apache/commons/collections4/iterators/ArrayListIterator.java,3,2,7,4,63,30,12,14,11,11,0,4,3,commons-collections,https://github.com/apache/commons-collections.git,95673e47cefd2d01e073369616c969c19a282176,95673e47cefd2d01e073369616c969c19a282176,Javadoc: Use semantic tag <strong> instead of style tag <b>,0
src/main/java/org/apache/commons/collections4/iterators/LazyIteratorChain.java,1,2,1,6,46,53,8,9,2,4,1,9,4,commons-collections,https://github.com/apache/commons-collections.git,95673e47cefd2d01e073369616c969c19a282176,95673e47cefd2d01e073369616c969c19a282176,Javadoc: Use semantic tag <strong> instead of style tag <b>,0
src/main/java/org/apache/commons/collections4/iterators/ObjectArrayListIterator.java,0,2,6,1,60,30,12,14,11,11,0,5,3,commons-collections,https://github.com/apache/commons-collections.git,95673e47cefd2d01e073369616c969c19a282176,95673e47cefd2d01e073369616c969c19a282176,Javadoc: Use semantic tag <strong> instead of style tag <b>,0
src/main/java/org/apache/commons/collections4/keyvalue/MultiKey.java,7,2,9,13,125,89,24,27,20,20,2,33,4,commons-collections,https://github.com/apache/commons-collections.git,95673e47cefd2d01e073369616c969c19a282176,95673e47cefd2d01e073369616c969c19a282176,Javadoc: Use semantic tag <strong> instead of style tag <b>,0
src/main/java/org/apache/commons/collections4/list/CursorableLinkedList.java,0,2,12,46,250,221,17,56,35,35,6,43,6,commons-collections,https://github.com/apache/commons-collections.git,95673e47cefd2d01e073369616c969c19a282176,95673e47cefd2d01e073369616c969c19a282176,Javadoc: Use semantic tag <strong> instead of style tag <b>,0
src/main/java/org/apache/commons/collections4/list/NodeCachingLinkedList.java,2,2,5,10,94,49,11,17,11,12,2,18,3,commons-collections,https://github.com/apache/commons-collections.git,95673e47cefd2d01e073369616c969c19a282176,95673e47cefd2d01e073369616c969c19a282176,Javadoc: Use semantic tag <strong> instead of style tag <b>,0
src/main/java/org/apache/commons/collections4/map/StaticBucketMap.java,8,2,21,60,403,257,65,85,41,45,18,80,6,commons-collections,https://github.com/apache/commons-collections.git,95673e47cefd2d01e073369616c969c19a282176,95673e47cefd2d01e073369616c969c19a282176,Javadoc: Use semantic tag <strong> instead of style tag <b>,0
src/main/java/org/apache/commons/collections4/multimap/AbstractMultiValuedMap.java,12,2,45,139,600,350,105,120,81,81,8,69,6,commons-collections,https://github.com/apache/commons-collections.git,95673e47cefd2d01e073369616c969c19a282176,95673e47cefd2d01e073369616c969c19a282176,Javadoc: Use semantic tag <strong> instead of style tag <b>,0
src/main/java/org/apache/commons/collections4/multiset/AbstractMapMultiSet.java,1,2,18,57,330,142,39,64,27,34,9,64,4,commons-collections,https://github.com/apache/commons-collections.git,95673e47cefd2d01e073369616c969c19a282176,95673e47cefd2d01e073369616c969c19a282176,Javadoc: Use semantic tag <strong> instead of style tag <b>,0
src/main/java/org/apache/commons/collections4/IteratorUtils.java,53,2,61,111,468,944,176,117,76,76,10,25,5,commons-collections,https://github.com/apache/commons-collections.git,d591c85785eac742e3192d133a673c0a58baa9e7,d591c85785eac742e3192d133a673c0a58baa9e7,Refactor ExtendedIterator and FilterIterator with a new interface IteratorOperations  - Inspired by Apache Jena's ExtendedIterator and Claude Warren's ExtendedIterator - Add missing Javadoc,0
src/main/java/org/apache/commons/collections4/iterators/ExtendedIterator.java,1,2,7,12,67,142,22,16,14,14,0,2,4,commons-collections,https://github.com/apache/commons-collections.git,d591c85785eac742e3192d133a673c0a58baa9e7,d591c85785eac742e3192d133a673c0a58baa9e7,Refactor ExtendedIterator and FilterIterator with a new interface IteratorOperations  - Inspired by Apache Jena's ExtendedIterator and Claude Warren's ExtendedIterator - Add missing Javadoc,0
src/main/java/org/apache/commons/collections4/iterators/FilterIterator.java,2,2,6,6,69,33,13,16,10,12,1,14,4,commons-collections,https://github.com/apache/commons-collections.git,d591c85785eac742e3192d133a673c0a58baa9e7,d591c85785eac742e3192d133a673c0a58baa9e7,Refactor ExtendedIterator and FilterIterator with a new interface IteratorOperations  - Inspired by Apache Jena's ExtendedIterator and Claude Warren's ExtendedIterator - Add missing Javadoc,0
src/main/java/org/apache/commons/collections4/iterators/IteratorOperations.java,0,2,7,1,28,26,10,5,5,5,0,1,2,commons-collections,https://github.com/apache/commons-collections.git,d591c85785eac742e3192d133a673c0a58baa9e7,d591c85785eac742e3192d133a673c0a58baa9e7,Refactor ExtendedIterator and FilterIterator with a new interface IteratorOperations  - Inspired by Apache Jena's ExtendedIterator and Claude Warren's ExtendedIterator - Add missing Javadoc,0
src/main/java/org/apache/commons/collections4/iterators/FilterIterator.java,0,2,5,4,65,28,12,15,9,11,1,13,4,commons-collections,https://github.com/apache/commons-collections.git,7d24215db1ab92d8fa6f13e847bb6bc8b4e1389b,2817281db97345135af69d49c5af1cbf2a42ca05,Fix NullPointerException in FilterIterator.setNextObject()  Add missing test AbstractIteratorTest.testForEachRemaining(),1
src/main/java/org/apache/commons/collections4/Put.java,0,2,1,0,7,12,4,0,0,0,0,0,2,commons-collections,https://github.com/apache/commons-collections.git,2817281db97345135af69d49c5af1cbf2a42ca05,a67d21878b81c39de6028ff7032d18d74c87dcf8,Fix Javadoc warnings,1
src/main/java/org/apache/commons/collections4/list/TreeList.java,3,2,24,113,603,282,86,137,51,65,4,131,6,commons-collections,https://github.com/apache/commons-collections.git,f7ae1720cc5e7da9feb9ceef56e80cc2b29e46c0,799ef3db1d1e07cb99d452727fad485962cd8dda,Fix Javadoc warning  [WARNING] ...\commons-collections\src\main\java\org\apache\commons\collections4\list\TreeList.java:955: warning: overridden methods do not document exception type java.lang.NullPointerException (package java.lang class NullPointerException) [WARNING] * @throws NullPointerException {@inheritDoc} [WARNING] ^,1
src/main/java/org/apache/commons/collections4/iterators/IteratorChain.java,1,2,6,11,86,86,9,22,13,14,3,8,4,commons-collections,https://github.com/apache/commons-collections.git,74e207eceb14e52016d2d1f6f2b966c0afc10d9b,bb3c5c863f551b6d6239273c09f38dfa8221ed24,Fix Javadoc,1
src/main/java/org/apache/commons/collections4/iterators/IteratorChain.java,1,2,6,11,86,86,9,22,13,14,3,8,4,commons-collections,https://github.com/apache/commons-collections.git,bb3c5c863f551b6d6239273c09f38dfa8221ed24,f898f031925ce81a1bb750ee0017fd49b7c638c2,Fix Javadoc,1
src/main/java/org/apache/commons/collections4/iterators/IteratorChain.java,1,2,6,11,86,86,9,22,13,14,3,8,4,commons-collections,https://github.com/apache/commons-collections.git,d3f5d7f6a84e3cab22d89744e0c9905b3ecb4474,d3f5d7f6a84e3cab22d89744e0c9905b3ecb4474,Rename private isntance variable  Whitespace,0
src/main/java/org/apache/commons/collections4/IteratorUtils.java,48,2,56,103,449,816,169,113,72,72,10,25,5,commons-collections,https://github.com/apache/commons-collections.git,648f993f56090a93f061a3351a3e45fec31cfa60,99f65a305ef29c0af24d8c67e013d3612f3f4877,Fix generics in org.apache.commons.collections4.IteratorUtils.chainedIterator(Collection<? extends Iterator<? extends E>>),1
src/main/java/org/apache/commons/collections4/iterators/IteratorChain.java,1,2,6,11,87,86,9,22,13,14,3,8,4,commons-collections,https://github.com/apache/commons-collections.git,99f65a305ef29c0af24d8c67e013d3612f3f4877,2d8ad42bdecd27a2248876876f489725fa0fc5b1,Fix generics in IteratorChain.IteratorChain(Collection),1
src/main/java/org/apache/commons/collections4/bloomfilter/ArrayCountingBloomFilter.java,15,1,8,31,152,55,23,34,20,21,5,25,5,commons-collections,https://github.com/apache/commons-collections.git,5479a7d765a3c5431eef56d90d9767666f39e89c,32a0b7783a62bf1e3bc802e2ea829e9799480dac,"Fix generic typing for BloomFilter.copy()  Avoids guaranteed exceptions. For example:  SparseBloomFilter filter = new SimpleBloomFilter(Shape.fromNP(10000, 0.01)).copy();  After this commit, this type of broken code won't even compile.",1
src/main/java/org/apache/commons/collections4/bloomfilter/BloomFilter.java,17,2,3,32,83,148,37,17,11,11,0,13,4,commons-collections,https://github.com/apache/commons-collections.git,5479a7d765a3c5431eef56d90d9767666f39e89c,32a0b7783a62bf1e3bc802e2ea829e9799480dac,"Fix generic typing for BloomFilter.copy()  Avoids guaranteed exceptions. For example:  SparseBloomFilter filter = new SimpleBloomFilter(Shape.fromNP(10000, 0.01)).copy();  After this commit, this type of broken code won't even compile.",1
src/main/java/org/apache/commons/collections4/bloomfilter/BloomFilterExtractor.java,2,1,8,17,55,67,15,11,8,8,1,4,6,commons-collections,https://github.com/apache/commons-collections.git,5479a7d765a3c5431eef56d90d9767666f39e89c,32a0b7783a62bf1e3bc802e2ea829e9799480dac,"Fix generic typing for BloomFilter.copy()  Avoids guaranteed exceptions. For example:  SparseBloomFilter filter = new SimpleBloomFilter(Shape.fromNP(10000, 0.01)).copy();  After this commit, this type of broken code won't even compile.",1
src/main/java/org/apache/commons/collections4/bloomfilter/CountingBloomFilter.java,14,2,3,23,81,143,44,17,13,13,0,3,4,commons-collections,https://github.com/apache/commons-collections.git,5479a7d765a3c5431eef56d90d9767666f39e89c,32a0b7783a62bf1e3bc802e2ea829e9799480dac,"Fix generic typing for BloomFilter.copy()  Avoids guaranteed exceptions. For example:  SparseBloomFilter filter = new SimpleBloomFilter(Shape.fromNP(10000, 0.01)).copy();  After this commit, this type of broken code won't even compile.",1
src/main/java/org/apache/commons/collections4/bloomfilter/LayerManager.java,10,2,11,43,168,229,44,42,26,29,3,12,6,commons-collections,https://github.com/apache/commons-collections.git,5479a7d765a3c5431eef56d90d9767666f39e89c,32a0b7783a62bf1e3bc802e2ea829e9799480dac,"Fix generic typing for BloomFilter.copy()  Avoids guaranteed exceptions. For example:  SparseBloomFilter filter = new SimpleBloomFilter(Shape.fromNP(10000, 0.01)).copy();  After this commit, this type of broken code won't even compile.",1
src/main/java/org/apache/commons/collections4/bloomfilter/LayeredBloomFilter.java,3,2,14,33,171,69,48,35,34,34,0,16,4,commons-collections,https://github.com/apache/commons-collections.git,5479a7d765a3c5431eef56d90d9767666f39e89c,32a0b7783a62bf1e3bc802e2ea829e9799480dac,"Fix generic typing for BloomFilter.copy()  Avoids guaranteed exceptions. For example:  SparseBloomFilter filter = new SimpleBloomFilter(Shape.fromNP(10000, 0.01)).copy();  After this commit, this type of broken code won't even compile.",1
src/main/java/org/apache/commons/collections4/bloomfilter/SetOperations.java,6,1,1,12,58,41,25,12,12,12,0,12,3,commons-collections,https://github.com/apache/commons-collections.git,5479a7d765a3c5431eef56d90d9767666f39e89c,32a0b7783a62bf1e3bc802e2ea829e9799480dac,"Fix generic typing for BloomFilter.copy()  Avoids guaranteed exceptions. For example:  SparseBloomFilter filter = new SimpleBloomFilter(Shape.fromNP(10000, 0.01)).copy();  After this commit, this type of broken code won't even compile.",1
src/main/java/org/apache/commons/collections4/bloomfilter/SimpleBloomFilter.java,18,1,9,33,133,14,17,25,16,17,1,17,5,commons-collections,https://github.com/apache/commons-collections.git,5479a7d765a3c5431eef56d90d9767666f39e89c,32a0b7783a62bf1e3bc802e2ea829e9799480dac,"Fix generic typing for BloomFilter.copy()  Avoids guaranteed exceptions. For example:  SparseBloomFilter filter = new SimpleBloomFilter(Shape.fromNP(10000, 0.01)).copy();  After this commit, this type of broken code won't even compile.",1
src/main/java/org/apache/commons/collections4/bloomfilter/SparseBloomFilter.java,17,1,7,38,134,11,20,30,18,18,5,11,5,commons-collections,https://github.com/apache/commons-collections.git,5479a7d765a3c5431eef56d90d9767666f39e89c,32a0b7783a62bf1e3bc802e2ea829e9799480dac,"Fix generic typing for BloomFilter.copy()  Avoids guaranteed exceptions. For example:  SparseBloomFilter filter = new SimpleBloomFilter(Shape.fromNP(10000, 0.01)).copy();  After this commit, this type of broken code won't even compile.",1
src/main/java/org/apache/commons/collections4/bloomfilter/WrappedBloomFilter.java,0,1,2,21,96,0,22,23,23,23,0,1,2,commons-collections,https://github.com/apache/commons-collections.git,5479a7d765a3c5431eef56d90d9767666f39e89c,32a0b7783a62bf1e3bc802e2ea829e9799480dac,"Fix generic typing for BloomFilter.copy()  Avoids guaranteed exceptions. For example:  SparseBloomFilter filter = new SimpleBloomFilter(Shape.fromNP(10000, 0.01)).copy();  After this commit, this type of broken code won't even compile.",1
src/main/java/org/apache/commons/collections4/bloomfilter/BloomFilterExtractor.java,1,1,7,12,54,63,15,11,8,8,1,5,6,commons-collections,https://github.com/apache/commons-collections.git,caa771abcd5e0e6b4278c8c606747866a1c76b05,730d972cdebb13dd3a896eb5b90ebc9e1f594d5b,BloomFilterExtractor.flatten() should throw an exception instead of returning null,1
src/main/java/org/apache/commons/collections4/bloomfilter/BitMapExtractor.java,6,1,7,13,62,35,18,13,9,10,1,8,6,commons-collections,https://github.com/apache/commons-collections.git,2191713fdd2d41a5b92f38624b2a6d90db92ab97,2191713fdd2d41a5b92f38624b2a6d90db92ab97,Refactor internals for org.apache.commons.collections4.bloomfilter  Create new package-private methods to refactor commons code patterns,0
src/main/java/org/apache/commons/collections4/bloomfilter/BitMaps.java,0,1,0,2,35,81,16,10,10,10,0,4,2,commons-collections,https://github.com/apache/commons-collections.git,2191713fdd2d41a5b92f38624b2a6d90db92ab97,2191713fdd2d41a5b92f38624b2a6d90db92ab97,Refactor internals for org.apache.commons.collections4.bloomfilter  Create new package-private methods to refactor commons code patterns,0
src/main/java/org/apache/commons/collections4/bloomfilter/IndexFilter.java,5,1,6,10,60,34,8,11,4,5,1,9,5,commons-collections,https://github.com/apache/commons-collections.git,2191713fdd2d41a5b92f38624b2a6d90db92ab97,2191713fdd2d41a5b92f38624b2a6d90db92ab97,Refactor internals for org.apache.commons.collections4.bloomfilter  Create new package-private methods to refactor commons code patterns,0
src/main/java/org/apache/commons/collections4/bloomfilter/Shape.java,17,1,13,22,130,283,36,33,23,23,0,52,3,commons-collections,https://github.com/apache/commons-collections.git,2191713fdd2d41a5b92f38624b2a6d90db92ab97,2191713fdd2d41a5b92f38624b2a6d90db92ab97,Refactor internals for org.apache.commons.collections4.bloomfilter  Create new package-private methods to refactor commons code patterns,0
src/main/java/org/apache/commons/collections4/bloomfilter/SimpleBloomFilter.java,18,1,9,33,133,14,17,25,16,17,1,17,5,commons-collections,https://github.com/apache/commons-collections.git,2191713fdd2d41a5b92f38624b2a6d90db92ab97,2191713fdd2d41a5b92f38624b2a6d90db92ab97,Refactor internals for org.apache.commons.collections4.bloomfilter  Create new package-private methods to refactor commons code patterns,0
src/main/java/org/apache/commons/collections4/bloomfilter/SparseBloomFilter.java,17,1,7,38,134,11,20,30,18,18,5,11,5,commons-collections,https://github.com/apache/commons-collections.git,2191713fdd2d41a5b92f38624b2a6d90db92ab97,2191713fdd2d41a5b92f38624b2a6d90db92ab97,Refactor internals for org.apache.commons.collections4.bloomfilter  Create new package-private methods to refactor commons code patterns,0
src/main/java/org/apache/commons/collections4/bloomfilter/CountingBloomFilter.java,14,2,3,23,81,143,44,17,13,13,0,3,4,commons-collections,https://github.com/apache/commons-collections.git,a8a0bba75e0dece3bbf97dd8a652bae428c982e7,0dfce09f26c8b8b4a8e39f19e2bfdea1649f3ee9,Add and fix Checkstyle ParenPad,1
src/main/java/org/apache/commons/collections4/iterators/ArrayIterator.java,3,1,8,3,71,14,12,15,11,11,0,6,3,commons-collections,https://github.com/apache/commons-collections.git,a8a0bba75e0dece3bbf97dd8a652bae428c982e7,0dfce09f26c8b8b4a8e39f19e2bfdea1649f3ee9,Add and fix Checkstyle ParenPad,1
src/main/java/org/apache/commons/collections4/iterators/FilterListIterator.java,3,2,8,9,135,30,18,35,18,23,2,18,4,commons-collections,https://github.com/apache/commons-collections.git,a8a0bba75e0dece3bbf97dd8a652bae428c982e7,0dfce09f26c8b8b4a8e39f19e2bfdea1649f3ee9,Add and fix Checkstyle ParenPad,1
gson/src/main/java/com/google/gson/JsonArray.java,0,2,14,34,146,28,47,37,33,33,1,5,4,gson,https://github.com/google/gson.git,8260eddffe413c132b3a38e68446da6bd083220d,8260eddffe413c132b3a38e68446da6bd083220d,"docs: Correct @return tag in JsonArray.getAsCharacter javadoc (#3021)  The @return tag was a copy-paste from getAsShort, claiming the method returns ""this element as a primitive short"". The method actually returns a character (delegating to JsonElement.getAsCharacter on the single element), as the rest of the javadoc and the method signature indicate.",0
gson/src/main/java/com/google/gson/stream/JsonReader.java,25,1,37,91,1210,450,95,249,56,59,23,348,5,gson,https://github.com/google/gson.git,6bf8bf6cbf4d4f5f72f69262be890a5a5e28259d,e9a0f401b6dfca67e5ed225ca0aa5e5fe99b88e2,"fix: Include location info in NumberFormatException from JsonReader (#3000)  * fix: Include location info in NumberFormatException from JsonReader  JsonReader.nextDouble(), nextInt(), and nextLong() call Double.parseDouble() on peeked strings, but the NumberFormatException thrown by parseDouble() contains no JSON location information (line, column, path), making it difficult to locate the problematic value in the input.  Catch the NumberFormatException and rethrow with a message that includes the location string, consistent with other error messages in JsonReader.  Fixes #1564  * Chain the original NumberFormatException as cause  Address the ErrorProne UnusedException warning (-Werror on JDK 25 / Build Gson subset CI jobs) introduced when the three number-parsing catch blocks in JsonReader were added: set the caught exception as the cause of the rethrown one so debuggers still see the original parse failure.  * Collapse NumberFormatException message onto a single line for spotless  * Use 'var unused' for intentionally discarded nextName() in tests  ---------  Co-authored-by: Éamonn McManus <emcmanus@google.com>",1
gson/src/main/java/com/google/gson/internal/GsonTypes.java,15,2,34,104,466,150,72,123,55,55,7,87,7,gson,https://github.com/google/gson.git,53d703ee76ca3e951fa4a727307c1f28dbcaf3aa,53d703ee76ca3e951fa4a727307c1f28dbcaf3aa,Update outdated comment regarding serializable types (#3012),0
gson/src/main/java/com/google/gson/internal/bind/MapTypeAdapterFactory.java,8,2,29,79,167,109,11,22,3,3,6,38,6,gson,https://github.com/google/gson.git,f4d371d29c04066dbe7fdb31f642831f9c7f40cd,27d9ba1eeeeb156540cf5397504a4f9f256e911f,"Fix duplicate key detection when first value is null (#3006)  * Fix duplicate key detection when first value is null  MapTypeAdapterFactory detected duplicate map keys by checking the return value of Map.put(): `if (replaced != null)`. This missed duplicates where the first value was null, because Map.put() returns null (the previous value) which passed the != null check.  For example, {""a"":null,""a"":1} was silently accepted as {a=1} instead of throwing JsonSyntaxException(""duplicate key: a"").  Fix: check Map.containsKey() before put() instead of relying on the return value of put(). This correctly detects duplicates regardless of whether the first value is null.  Fixes both the object form and the array-of-entries form (enableComplexMapKeySerialization).  * Apply spotless formatting",1
gson/src/main/java/com/google/gson/stream/JsonReader.java,25,1,37,89,1201,448,95,247,56,59,22,347,5,gson,https://github.com/google/gson.git,1fa9b7a0a994b006b3be00e2df9de778e71e6807,b7d59549188867deb42e46073fb38735a5beda1c,"Validate that strings being parsed as integers consist of ASCII characters (#2995)  * Validate that strings being parsed as integers consist of ASCII characters.  This is technically an incompatible change, although it is unlikely that anyone will be affected by it. It also fixes a minor security issue.  Fixes https://github.com/google/gson/issues/2994.  * Verify that `Integer.parseInt` does accept non-ASCII digits.  * Move validation outside try/catch.  Suggested by @Marcono1234.",1
gson/src/main/java/com/google/gson/Gson.java,30,2,82,155,566,438,65,67,23,23,2,101,5,gson,https://github.com/google/gson.git,286843d4a90a4690e5e1f438c944569b3fbfb1d2,286843d4a90a4690e5e1f438c944569b3fbfb1d2,refactor: move derived adapters from Gson to TypeAdapters (#2951)  Co-authored-by: Marcono1234 <Marcono1234@users.noreply.github.com>,0
gson/src/main/java/com/google/gson/LongSerializationPolicy.java,0,1,3,1,32,12,7,6,4,4,0,0,4,gson,https://github.com/google/gson.git,286843d4a90a4690e5e1f438c944569b3fbfb1d2,286843d4a90a4690e5e1f438c944569b3fbfb1d2,refactor: move derived adapters from Gson to TypeAdapters (#2951)  Co-authored-by: Marcono1234 <Marcono1234@users.noreply.github.com>,0
gson/src/main/java/com/google/gson/internal/bind/TypeAdapters.java,19,2,83,252,924,295,82,105,32,32,10,129,7,gson,https://github.com/google/gson.git,286843d4a90a4690e5e1f438c944569b3fbfb1d2,286843d4a90a4690e5e1f438c944569b3fbfb1d2,refactor: move derived adapters from Gson to TypeAdapters (#2951)  Co-authored-by: Marcono1234 <Marcono1234@users.noreply.github.com>,0
gson/src/main/java/com/google/gson/internal/sql/SqlTypesSupport.java,4,2,8,7,58,12,2,4,2,2,0,15,5,gson,https://github.com/google/gson.git,286843d4a90a4690e5e1f438c944569b3fbfb1d2,286843d4a90a4690e5e1f438c944569b3fbfb1d2,refactor: move derived adapters from Gson to TypeAdapters (#2951)  Co-authored-by: Marcono1234 <Marcono1234@users.noreply.github.com>,0
gson/src/main/java/com/google/gson/Gson.java,36,2,86,199,690,470,82,84,27,27,5,111,5,gson,https://github.com/google/gson.git,c47db7bc13875db690bcfb76e02b1e1bbb3a3353,dfc1ce001b46cb1c022012aa08152852b67dbdc9,"Add type adapters for `java.time` classes (#2948)  * Add type adapters for `java.time` classes.  These adapters essentially freeze the JSON representation that `ReflectiveTypeAdapterFactory` established by default, based on the private fields of `java.time` classes. That's not a great representation, but it is understandable. Changing it to anything else would break compatibility with systems that are expecting the current format.  If Gson had been updated with `java.time` adapters at the time the `java.time` API was added, the representation would surely have been something else, probably ISO standard formats. We can still supply non-default adapters for that, but we'll still need to have these legacy adapters by default.  I've been meaning to make this change for a while, but the need to do so becomes more urgent with [this JDK commit](https://github.com/openjdk/jdk/commit/cc05530b813564a40c233eaaa80b906795c6d752) which makes a number of `java.time` fields `transient`. That means that the reflective-based adapter will no longer work with the classes that were changed.  * Apply a couple of Error Prone suggestions.  * Reformat a couple of source files.  * Fix another EP warning.  * Fix a particularly annoying EP warning/error.  * Update the Android API level.  I think it is time to do this, but obviously it should be a separate PR.  * Substantial rework.  * Move the new `TypeAdapter` implementations into a new class   `JavaTimeTypeAdapters`. This allows us to omit that class from Android   builds where it otherwise triggers warnings about SDK levels.  * Ensure that every `java.time` class that needs a `TypeAdapter` has   one. This doesn't include ""subpackages"" `java.time.*` like   `java.time.chrono`, where it doesn't appear that there are any classes   that are likely to be serialized to JSON.  * Fix the handling of `ZoneId` and its subclasses.  * refactor: slightly optimize ConstructorConstructor (#2950)  * refactor: slightly optimize ConstructorConstructor  * Update comments  Co-authored-by: Marcono1234 <Marcono1234@users.noreply.github.com>  * spotless apply  Co-authored-by: Marcono1234 <Marcono1234@users.noreply.github.com>  ---------  Co-authored-by: Marcono1234 <Marcono1234@users.noreply.github.com>  * Fix outdated comment (#2954)  * Compilation fixes.  I copied the internal version that was running on Google's infrastructure, and some adjustments were needed.  * Fix lint errors.  * Fix a particularly annoying lint error.  * Fix the fix.  * Further fixes.  This still doesn't pass with a local build, and I may need to debug an OSGi problem.  * Revert to Android API 23, but with gummy-bears-api.  * Annotate `JavaTimeTypeAdapters` to suppress animal-sniffer errors.  * Update `OSGiManifestIT` not to depend on order.  It appears that sometimes the clauses being checked for appear in the other order, possibly because of a `HashMap` or the like somewhere in the guts of OSGi. I haven't seen this on GitHub, but I do see it when running locally with Google's JDK, which has more hash randomization.  * Fix use of assignment expression.  * Remove the parser, which was overkill.  It's enough just to swap the two clauses of a line when they are not in the expected order.  Also, unrelatedly, update `protobuf-maven-plugin`.  * Use a local `@IgnoreJRERequirement`.  * Configure the local animal-sniffer annotation.  * Suppress IdentifierName warning.  * Update comments and undo an unnecessary split.  * Restore Math.toIntExact.  ---------  Co-authored-by: 木葉 Scarlet <93977077+MukjepScarlet@users.noreply.github.com> Co-authored-by: Marcono1234 <Marcono1234@users.noreply.github.com>",1
gson/src/main/java/com/google/gson/internal/bind/TypeAdapters.java,12,2,71,221,808,256,68,87,25,25,6,121,7,gson,https://github.com/google/gson.git,c47db7bc13875db690bcfb76e02b1e1bbb3a3353,dfc1ce001b46cb1c022012aa08152852b67dbdc9,"Add type adapters for `java.time` classes (#2948)  * Add type adapters for `java.time` classes.  These adapters essentially freeze the JSON representation that `ReflectiveTypeAdapterFactory` established by default, based on the private fields of `java.time` classes. That's not a great representation, but it is understandable. Changing it to anything else would break compatibility with systems that are expecting the current format.  If Gson had been updated with `java.time` adapters at the time the `java.time` API was added, the representation would surely have been something else, probably ISO standard formats. We can still supply non-default adapters for that, but we'll still need to have these legacy adapters by default.  I've been meaning to make this change for a while, but the need to do so becomes more urgent with [this JDK commit](https://github.com/openjdk/jdk/commit/cc05530b813564a40c233eaaa80b906795c6d752) which makes a number of `java.time` fields `transient`. That means that the reflective-based adapter will no longer work with the classes that were changed.  * Apply a couple of Error Prone suggestions.  * Reformat a couple of source files.  * Fix another EP warning.  * Fix a particularly annoying EP warning/error.  * Update the Android API level.  I think it is time to do this, but obviously it should be a separate PR.  * Substantial rework.  * Move the new `TypeAdapter` implementations into a new class   `JavaTimeTypeAdapters`. This allows us to omit that class from Android   builds where it otherwise triggers warnings about SDK levels.  * Ensure that every `java.time` class that needs a `TypeAdapter` has   one. This doesn't include ""subpackages"" `java.time.*` like   `java.time.chrono`, where it doesn't appear that there are any classes   that are likely to be serialized to JSON.  * Fix the handling of `ZoneId` and its subclasses.  * refactor: slightly optimize ConstructorConstructor (#2950)  * refactor: slightly optimize ConstructorConstructor  * Update comments  Co-authored-by: Marcono1234 <Marcono1234@users.noreply.github.com>  * spotless apply  Co-authored-by: Marcono1234 <Marcono1234@users.noreply.github.com>  ---------  Co-authored-by: Marcono1234 <Marcono1234@users.noreply.github.com>  * Fix outdated comment (#2954)  * Compilation fixes.  I copied the internal version that was running on Google's infrastructure, and some adjustments were needed.  * Fix lint errors.  * Fix a particularly annoying lint error.  * Fix the fix.  * Further fixes.  This still doesn't pass with a local build, and I may need to debug an OSGi problem.  * Revert to Android API 23, but with gummy-bears-api.  * Annotate `JavaTimeTypeAdapters` to suppress animal-sniffer errors.  * Update `OSGiManifestIT` not to depend on order.  It appears that sometimes the clauses being checked for appear in the other order, possibly because of a `HashMap` or the like somewhere in the guts of OSGi. I haven't seen this on GitHub, but I do see it when running locally with Google's JDK, which has more hash randomization.  * Fix use of assignment expression.  * Remove the parser, which was overkill.  It's enough just to swap the two clauses of a line when they are not in the expected order.  Also, unrelatedly, update `protobuf-maven-plugin`.  * Use a local `@IgnoreJRERequirement`.  * Configure the local animal-sniffer annotation.  * Suppress IdentifierName warning.  * Update comments and undo an unnecessary split.  * Restore Math.toIntExact.  ---------  Co-authored-by: 木葉 Scarlet <93977077+MukjepScarlet@users.noreply.github.com> Co-authored-by: Marcono1234 <Marcono1234@users.noreply.github.com>",1
gson/src/main/java/com/google/gson/internal/ConstructorConstructor.java,14,2,33,45,311,145,48,57,17,17,0,33,7,gson,https://github.com/google/gson.git,d437954171858e0efd53f7720acf480f11176535,e28fdb9303846b8c46fd5b8776f694149d0389d0,Fix outdated comment (#2954),1
gson/src/main/java/com/google/gson/internal/ConstructorConstructor.java,14,2,33,45,311,145,48,57,17,17,0,33,7,gson,https://github.com/google/gson.git,e28fdb9303846b8c46fd5b8776f694149d0389d0,e28fdb9303846b8c46fd5b8776f694149d0389d0,refactor: slightly optimize ConstructorConstructor (#2950)  * refactor: slightly optimize ConstructorConstructor  * Update comments  Co-authored-by: Marcono1234 <Marcono1234@users.noreply.github.com>  * spotless apply  Co-authored-by: Marcono1234 <Marcono1234@users.noreply.github.com>  ---------  Co-authored-by: Marcono1234 <Marcono1234@users.noreply.github.com>,0
gson/src/main/java/com/google/gson/ExclusionStrategy.java,0,1,4,9,5,38,6,5,5,5,0,9,2,gson,https://github.com/google/gson.git,2a213c5cdd47234efe4799232958d17b42a37889,2a213c5cdd47234efe4799232958d17b42a37889,style: unify interface methods by removing redundant 'public' (#2944),0
gson/src/main/java/com/google/gson/FieldNamingStrategy.java,1,1,4,1,11,2,3,1,1,1,0,0,2,gson,https://github.com/google/gson.git,2a213c5cdd47234efe4799232958d17b42a37889,2a213c5cdd47234efe4799232958d17b42a37889,style: unify interface methods by removing redundant 'public' (#2944),0
gson/src/main/java/com/google/gson/InstanceCreator.java,0,1,4,2,5,32,4,3,3,3,0,3,2,gson,https://github.com/google/gson.git,2a213c5cdd47234efe4799232958d17b42a37889,2a213c5cdd47234efe4799232958d17b42a37889,style: unify interface methods by removing redundant 'public' (#2944),0
gson/src/main/java/com/google/gson/JsonDeserializationContext.java,0,1,1,0,6,4,2,0,0,0,0,0,2,gson,https://github.com/google/gson.git,2a213c5cdd47234efe4799232958d17b42a37889,2a213c5cdd47234efe4799232958d17b42a37889,style: unify interface methods by removing redundant 'public' (#2944),0
gson/src/main/java/com/google/gson/JsonDeserializer.java,0,1,4,4,6,32,3,2,2,2,0,4,2,gson,https://github.com/google/gson.git,2a213c5cdd47234efe4799232958d17b42a37889,2a213c5cdd47234efe4799232958d17b42a37889,style: unify interface methods by removing redundant 'public' (#2944),0
gson/src/main/java/com/google/gson/JsonSerializationContext.java,0,1,1,0,6,0,2,0,0,0,0,0,2,gson,https://github.com/google/gson.git,2a213c5cdd47234efe4799232958d17b42a37889,2a213c5cdd47234efe4799232958d17b42a37889,style: unify interface methods by removing redundant 'public' (#2944),0
gson/src/main/java/com/google/gson/JsonSerializer.java,0,1,4,3,5,32,3,3,3,3,0,3,2,gson,https://github.com/google/gson.git,2a213c5cdd47234efe4799232958d17b42a37889,2a213c5cdd47234efe4799232958d17b42a37889,style: unify interface methods by removing redundant 'public' (#2944),0
gson/src/main/java/com/google/gson/ToNumberStrategy.java,0,1,2,0,6,20,1,0,0,0,0,1,2,gson,https://github.com/google/gson.git,2a213c5cdd47234efe4799232958d17b42a37889,2a213c5cdd47234efe4799232958d17b42a37889,style: unify interface methods by removing redundant 'public' (#2944),0
gson/src/main/java/com/google/gson/annotations/Expose.java,0,1,7,2,13,10,0,0,0,0,0,4,2,gson,https://github.com/google/gson.git,2a213c5cdd47234efe4799232958d17b42a37889,2a213c5cdd47234efe4799232958d17b42a37889,style: unify interface methods by removing redundant 'public' (#2944),0
gson/src/main/java/com/google/gson/internal/ObjectConstructor.java,0,1,0,0,4,2,0,0,0,0,0,0,1,gson,https://github.com/google/gson.git,2a213c5cdd47234efe4799232958d17b42a37889,2a213c5cdd47234efe4799232958d17b42a37889,style: unify interface methods by removing redundant 'public' (#2944),0
gson/src/main/java/com/google/gson/internal/Streams.java,3,2,25,12,118,2,11,15,5,7,0,8,5,gson,https://github.com/google/gson.git,1471917391b2cebaab70bbe68cd1dd50eb3d0b5d,50a93686df9e49dd20fecff222bb9ca169a29754,"Small modifications to make building a subset possible. (#2946)  * Small modifications to make building a subset possible.  The changes here make it possible to build a subset of Gson that includes `JsonReader`, `JsonWriter`, `JsonParser`, and `JsonElement` and its subclasses, but does not include the `Gson` class or the standard `TypeAdapter` classes. The idea is that this subset avoids the problematic uses of reflection that make Gson inappropriate for use on Android and similar platforms.  This change makes the class `com.google.gson.internal.bind.JsonElementTypeAdapter` public, which is convenient but of course means that people are going to start referencing it despite the `.internal.` in its name. However, they can already reference `TypeAdapters.JSON_ELEMENT` in the same directory, so we're not really exposing anything new.  * Fully qualify a type to avoid a javadoc error.  * Add a simple subset test.",1
gson/src/main/java/com/google/gson/internal/bind/JsonElementTypeAdapter.java,0,2,23,43,123,12,10,24,4,4,4,14,5,gson,https://github.com/google/gson.git,1471917391b2cebaab70bbe68cd1dd50eb3d0b5d,50a93686df9e49dd20fecff222bb9ca169a29754,"Small modifications to make building a subset possible. (#2946)  * Small modifications to make building a subset possible.  The changes here make it possible to build a subset of Gson that includes `JsonReader`, `JsonWriter`, `JsonParser`, and `JsonElement` and its subclasses, but does not include the `Gson` class or the standard `TypeAdapter` classes. The idea is that this subset avoids the problematic uses of reflection that make Gson inappropriate for use on Android and similar platforms.  This change makes the class `com.google.gson.internal.bind.JsonElementTypeAdapter` public, which is convenient but of course means that people are going to start referencing it despite the `.internal.` in its name. However, they can already reference `TypeAdapters.JSON_ELEMENT` in the same directory, so we're not really exposing anything new.  * Fully qualify a type to avoid a javadoc error.  * Add a simple subset test.",1
gson/src/main/java/com/google/gson/stream/JsonReader.java,25,1,40,89,1204,448,95,247,56,59,22,347,5,gson,https://github.com/google/gson.git,1471917391b2cebaab70bbe68cd1dd50eb3d0b5d,50a93686df9e49dd20fecff222bb9ca169a29754,"Small modifications to make building a subset possible. (#2946)  * Small modifications to make building a subset possible.  The changes here make it possible to build a subset of Gson that includes `JsonReader`, `JsonWriter`, `JsonParser`, and `JsonElement` and its subclasses, but does not include the `Gson` class or the standard `TypeAdapter` classes. The idea is that this subset avoids the problematic uses of reflection that make Gson inappropriate for use on Android and similar platforms.  This change makes the class `com.google.gson.internal.bind.JsonElementTypeAdapter` public, which is convenient but of course means that people are going to start referencing it despite the `.internal.` in its name. However, they can already reference `TypeAdapters.JSON_ELEMENT` in the same directory, so we're not really exposing anything new.  * Fully qualify a type to avoid a javadoc error.  * Add a simple subset test.",1
gson/src/main/java/com/google/gson/stream/JsonWriter.java,21,2,39,92,397,138,45,61,13,19,5,61,5,gson,https://github.com/google/gson.git,1471917391b2cebaab70bbe68cd1dd50eb3d0b5d,50a93686df9e49dd20fecff222bb9ca169a29754,"Small modifications to make building a subset possible. (#2946)  * Small modifications to make building a subset possible.  The changes here make it possible to build a subset of Gson that includes `JsonReader`, `JsonWriter`, `JsonParser`, and `JsonElement` and its subclasses, but does not include the `Gson` class or the standard `TypeAdapter` classes. The idea is that this subset avoids the problematic uses of reflection that make Gson inappropriate for use on Android and similar platforms.  This change makes the class `com.google.gson.internal.bind.JsonElementTypeAdapter` public, which is convenient but of course means that people are going to start referencing it despite the `.internal.` in its name. However, they can already reference `TypeAdapters.JSON_ELEMENT` in the same directory, so we're not really exposing anything new.  * Fully qualify a type to avoid a javadoc error.  * Add a simple subset test.",1
gson/src/main/java/com/google/gson/internal/GsonTypes.java,15,2,35,104,476,150,71,126,58,58,7,90,7,gson,https://github.com/google/gson.git,8c23cd363daec806d2e9b69665520043914782ac,5eab3eda9fff9db77b82eae621c26f1d7263386f,"Update sources to satisfy a new Error Prone check. (#2887)  * Update sources to satisfy a new Error Prone check.  The latest Error Prone release includes a new check `EffectivelyPrivate`, which flags class members that are public or protected when the enclosing class isn't. This is only a warning in Error Prone, but because we treat warnings as errors it currently breaks the build.  Nearly all cases were in private nested classes in tests. For the most part the members didn't need to be public. In a couple of places they were accessed through reflection in the test, and it was enough to change `getField` to `getDeclaredField` (etc). (`getField` only retrieves public fields.) I don't believe any of these tests depended on the public members for the correctness of what they were testing. Although `getField` works when the target field is public, regardless of the visibility of the containing class, actually reading or writing a field requires both the field and its containing class to be public unless `Field.setAccessible(true)` is called, and likewise for constructors and methods.",1
gson/src/main/java/com/google/gson/internal/ReflectionAccessFilterHelper.java,3,1,8,16,78,13,10,18,12,12,1,7,8,gson,https://github.com/google/gson.git,8c23cd363daec806d2e9b69665520043914782ac,5eab3eda9fff9db77b82eae621c26f1d7263386f,"Update sources to satisfy a new Error Prone check. (#2887)  * Update sources to satisfy a new Error Prone check.  The latest Error Prone release includes a new check `EffectivelyPrivate`, which flags class members that are public or protected when the enclosing class isn't. This is only a warning in Error Prone, but because we treat warnings as errors it currently breaks the build.  Nearly all cases were in private nested classes in tests. For the most part the members didn't need to be public. In a couple of places they were accessed through reflection in the test, and it was enough to change `getField` to `getDeclaredField` (etc). (`getField` only retrieves public fields.) I don't believe any of these tests depended on the public members for the correctness of what they were testing. Although `getField` works when the target field is public, regardless of the visibility of the containing class, actually reading or writing a field requires both the field and its containing class to be public unless `Field.setAccessible(true)` is called, and likewise for constructors and methods.",1
gson/src/main/java/com/google/gson/internal/bind/CollectionTypeAdapterFactory.java,2,2,14,19,73,44,5,8,3,3,2,13,4,gson,https://github.com/google/gson.git,8c23cd363daec806d2e9b69665520043914782ac,5eab3eda9fff9db77b82eae621c26f1d7263386f,"Update sources to satisfy a new Error Prone check. (#2887)  * Update sources to satisfy a new Error Prone check.  The latest Error Prone release includes a new check `EffectivelyPrivate`, which flags class members that are public or protected when the enclosing class isn't. This is only a warning in Error Prone, but because we treat warnings as errors it currently breaks the build.  Nearly all cases were in private nested classes in tests. For the most part the members didn't need to be public. In a couple of places they were accessed through reflection in the test, and it was enough to change `getField` to `getDeclaredField` (etc). (`getField` only retrieves public fields.) I don't believe any of these tests depended on the public members for the correctness of what they were testing. Although `getField` works when the target field is public, regardless of the visibility of the containing class, actually reading or writing a field requires both the field and its containing class to be public unless `Field.setAccessible(true)` is called, and likewise for constructors and methods.",1
gson/src/main/java/com/google/gson/internal/bind/MapTypeAdapterFactory.java,8,2,29,79,167,109,11,23,4,4,6,38,6,gson,https://github.com/google/gson.git,8c23cd363daec806d2e9b69665520043914782ac,5eab3eda9fff9db77b82eae621c26f1d7263386f,"Update sources to satisfy a new Error Prone check. (#2887)  * Update sources to satisfy a new Error Prone check.  The latest Error Prone release includes a new check `EffectivelyPrivate`, which flags class members that are public or protected when the enclosing class isn't. This is only a warning in Error Prone, but because we treat warnings as errors it currently breaks the build.  Nearly all cases were in private nested classes in tests. For the most part the members didn't need to be public. In a couple of places they were accessed through reflection in the test, and it was enough to change `getField` to `getDeclaredField` (etc). (`getField` only retrieves public fields.) I don't believe any of these tests depended on the public members for the correctness of what they were testing. Although `getField` works when the target field is public, regardless of the visibility of the containing class, actually reading or writing a field requires both the field and its containing class to be public unless `Field.setAccessible(true)` is called, and likewise for constructors and methods.",1
gson/src/main/java/com/google/gson/internal/bind/ReflectiveTypeAdapterFactory.java,40,2,54,118,505,151,21,72,22,22,7,78,7,gson,https://github.com/google/gson.git,8c23cd363daec806d2e9b69665520043914782ac,5eab3eda9fff9db77b82eae621c26f1d7263386f,"Update sources to satisfy a new Error Prone check. (#2887)  * Update sources to satisfy a new Error Prone check.  The latest Error Prone release includes a new check `EffectivelyPrivate`, which flags class members that are public or protected when the enclosing class isn't. This is only a warning in Error Prone, but because we treat warnings as errors it currently breaks the build.  Nearly all cases were in private nested classes in tests. For the most part the members didn't need to be public. In a couple of places they were accessed through reflection in the test, and it was enough to change `getField` to `getDeclaredField` (etc). (`getField` only retrieves public fields.) I don't believe any of these tests depended on the public members for the correctness of what they were testing. Although `getField` works when the target field is public, regardless of the visibility of the containing class, actually reading or writing a field requires both the field and its containing class to be public unless `Field.setAccessible(true)` is called, and likewise for constructors and methods.",1
gson/src/main/java/com/google/gson/internal/reflect/ReflectionHelper.java,10,2,18,55,225,78,19,41,25,25,3,30,5,gson,https://github.com/google/gson.git,8c23cd363daec806d2e9b69665520043914782ac,5eab3eda9fff9db77b82eae621c26f1d7263386f,"Update sources to satisfy a new Error Prone check. (#2887)  * Update sources to satisfy a new Error Prone check.  The latest Error Prone release includes a new check `EffectivelyPrivate`, which flags class members that are public or protected when the enclosing class isn't. This is only a warning in Error Prone, but because we treat warnings as errors it currently breaks the build.  Nearly all cases were in private nested classes in tests. For the most part the members didn't need to be public. In a couple of places they were accessed through reflection in the test, and it was enough to change `getField` to `getDeclaredField` (etc). (`getField` only retrieves public fields.) I don't believe any of these tests depended on the public members for the correctness of what they were testing. Although `getField` works when the target field is public, regardless of the visibility of the containing class, actually reading or writing a field requires both the field and its containing class to be public unless `Field.setAccessible(true)` is called, and likewise for constructors and methods.",1
gson/src/main/java/com/google/gson/GsonBuilder.java,31,1,52,81,355,212,61,51,35,35,1,88,4,gson,https://github.com/google/gson.git,676b005ace2a44fbf821157b6211197ddbcb614c,164ac9dfe1e9b056faf5e37ec1a2baaf4681dc4f,Remove internal class `GsonPreconditions` and improve exception messages (#2879),1
gson/src/main/java/com/google/gson/internal/GsonPreconditions.java,1,1,2,1,12,5,1,4,3,3,0,0,3,gson,https://github.com/google/gson.git,676b005ace2a44fbf821157b6211197ddbcb614c,164ac9dfe1e9b056faf5e37ec1a2baaf4681dc4f,Remove internal class `GsonPreconditions` and improve exception messages (#2879),1
gson/src/main/java/com/google/gson/internal/GsonTypes.java,15,2,31,104,467,150,71,121,58,58,7,90,7,gson,https://github.com/google/gson.git,676b005ace2a44fbf821157b6211197ddbcb614c,164ac9dfe1e9b056faf5e37ec1a2baaf4681dc4f,Remove internal class `GsonPreconditions` and improve exception messages (#2879),1
gson/src/main/java/com/google/gson/internal/bind/TreeTypeAdapter.java,3,2,20,23,141,76,14,15,10,10,0,19,3,gson,https://github.com/google/gson.git,676b005ace2a44fbf821157b6211197ddbcb614c,164ac9dfe1e9b056faf5e37ec1a2baaf4681dc4f,Remove internal class `GsonPreconditions` and improve exception messages (#2879),1
gson/src/main/java/com/google/gson/internal/bind/TreeTypeAdapter.java,3,2,20,23,141,76,14,15,10,10,0,19,3,gson,https://github.com/google/gson.git,81d15f545d98e902ff1ebdb9c239f1719b3bc3aa,e0dadb55f8bff55ffb232f1c6e3b8b0d83e9ecf8,Address some minor Error Prone warnings. (#2842),1
gson/src/main/java/com/google/gson/Gson.java,36,2,86,199,690,470,82,84,27,27,5,111,5,gson,https://github.com/google/gson.git,259c477cecaea8e73cd19e5207ba63edc04157da,259c477cecaea8e73cd19e5207ba63edc04157da,refactor: replace local StringWriter with StringBuilder (#2852),0
gson/src/main/java/com/google/gson/JsonElement.java,7,1,29,34,99,84,29,27,22,22,0,17,3,gson,https://github.com/google/gson.git,259c477cecaea8e73cd19e5207ba63edc04157da,259c477cecaea8e73cd19e5207ba63edc04157da,refactor: replace local StringWriter with StringBuilder (#2852),0
gson/src/main/java/com/google/gson/TypeAdapter.java,3,2,27,34,81,90,22,16,6,6,0,20,5,gson,https://github.com/google/gson.git,259c477cecaea8e73cd19e5207ba63edc04157da,259c477cecaea8e73cd19e5207ba63edc04157da,refactor: replace local StringWriter with StringBuilder (#2852),0
examples/android-proguard-example/src/com/google/gson/examples/android/GsonProguardExampleActivity.java,1,2,12,23,35,4,1,2,2,2,0,6,4,gson,https://github.com/google/gson.git,0eec6f35c59f164ee49ef175e38896db20296b44,4e65e6ab368d92638b4ca04521958dbf1d3753e7,"Remove outdated android-proguard-example (#2843)  * Remove outdated android-proguard-example  * Apply suggestions from code review  Co-authored-by: Marcono1234 <Marcono1234@users.noreply.github.com>  * Apply suggestions from code review  Co-authored-by: Marcono1234 <Marcono1234@users.noreply.github.com>  * Apply suggestions from code review  Co-authored-by: Marcono1234 <Marcono1234@users.noreply.github.com>  * Fix typos and revert a review change  * Correct the header to align with refs  * Try out the ref id for ProGuard / R8 header  * Revert ""Try out the ref id for ProGuard / R8 header""  This reverts commit e8f52fb490dc7b58d95c01447701b986e655a214.  * Rearrange  ---------  Co-authored-by: Marcono1234 <Marcono1234@users.noreply.github.com>",1
examples/android-proguard-example/src/com/google/gson/examples/android/model/Cart.java,0,1,7,15,76,12,9,19,8,8,2,11,5,gson,https://github.com/google/gson.git,0eec6f35c59f164ee49ef175e38896db20296b44,4e65e6ab368d92638b4ca04521958dbf1d3753e7,"Remove outdated android-proguard-example (#2843)  * Remove outdated android-proguard-example  * Apply suggestions from code review  Co-authored-by: Marcono1234 <Marcono1234@users.noreply.github.com>  * Apply suggestions from code review  Co-authored-by: Marcono1234 <Marcono1234@users.noreply.github.com>  * Apply suggestions from code review  Co-authored-by: Marcono1234 <Marcono1234@users.noreply.github.com>  * Fix typos and revert a review change  * Correct the header to align with refs  * Try out the ref id for ProGuard / R8 header  * Revert ""Try out the ref id for ProGuard / R8 header""  This reverts commit e8f52fb490dc7b58d95c01447701b986e655a214.  * Rearrange  ---------  Co-authored-by: Marcono1234 <Marcono1234@users.noreply.github.com>",1
examples/android-proguard-example/src/com/google/gson/examples/android/model/LineItem.java,1,1,0,1,30,0,5,6,6,6,0,4,2,gson,https://github.com/google/gson.git,0eec6f35c59f164ee49ef175e38896db20296b44,4e65e6ab368d92638b4ca04521958dbf1d3753e7,"Remove outdated android-proguard-example (#2843)  * Remove outdated android-proguard-example  * Apply suggestions from code review  Co-authored-by: Marcono1234 <Marcono1234@users.noreply.github.com>  * Apply suggestions from code review  Co-authored-by: Marcono1234 <Marcono1234@users.noreply.github.com>  * Apply suggestions from code review  Co-authored-by: Marcono1234 <Marcono1234@users.noreply.github.com>  * Fix typos and revert a review change  * Correct the header to align with refs  * Try out the ref id for ProGuard / R8 header  * Revert ""Try out the ref id for ProGuard / R8 header""  This reverts commit e8f52fb490dc7b58d95c01447701b986e655a214.  * Rearrange  ---------  Co-authored-by: Marcono1234 <Marcono1234@users.noreply.github.com>",1
gson/src/main/java/com/google/gson/GsonBuilder.java,31,1,52,81,355,212,61,51,35,35,1,88,4,gson,https://github.com/google/gson.git,45e5e141b1a39926e6b43c6eacd3dc0280321f71,45e5e141b1a39926e6b43c6eacd3dc0280321f71,"Rename `$Gson$Preconditions` and `$Gson$Types`. (#2838)  There might have been good reasons to use these weird names back in the day, but they cause problems and there doesn't seem to be a compelling reason to avoid the more obvious names `GsonPreconditions` and `GsonTypes`.",0
gson/src/main/java/com/google/gson/internal/ConstructorConstructor.java,14,2,38,50,302,147,47,56,16,16,0,31,7,gson,https://github.com/google/gson.git,45e5e141b1a39926e6b43c6eacd3dc0280321f71,45e5e141b1a39926e6b43c6eacd3dc0280321f71,"Rename `$Gson$Preconditions` and `$Gson$Types`. (#2838)  There might have been good reasons to use these weird names back in the day, but they cause problems and there doesn't seem to be a compelling reason to avoid the more obvious names `GsonPreconditions` and `GsonTypes`.",0
gson/src/main/java/com/google/gson/internal/GsonPreconditions.java,1,1,4,1,20,8,2,6,4,4,0,0,3,gson,https://github.com/google/gson.git,45e5e141b1a39926e6b43c6eacd3dc0280321f71,45e5e141b1a39926e6b43c6eacd3dc0280321f71,"Rename `$Gson$Preconditions` and `$Gson$Types`. (#2838)  There might have been good reasons to use these weird names back in the day, but they cause problems and there doesn't seem to be a compelling reason to avoid the more obvious names `GsonPreconditions` and `GsonTypes`.",0
gson/src/main/java/com/google/gson/internal/GsonTypes.java,15,2,31,104,467,150,71,121,58,58,7,90,7,gson,https://github.com/google/gson.git,45e5e141b1a39926e6b43c6eacd3dc0280321f71,45e5e141b1a39926e6b43c6eacd3dc0280321f71,"Rename `$Gson$Preconditions` and `$Gson$Types`. (#2838)  There might have been good reasons to use these weird names back in the day, but they cause problems and there doesn't seem to be a compelling reason to avoid the more obvious names `GsonPreconditions` and `GsonTypes`.",0
gson/src/main/java/com/google/gson/internal/bind/ArrayTypeAdapter.java,8,2,15,26,82,34,6,10,3,3,3,16,4,gson,https://github.com/google/gson.git,45e5e141b1a39926e6b43c6eacd3dc0280321f71,45e5e141b1a39926e6b43c6eacd3dc0280321f71,"Rename `$Gson$Preconditions` and `$Gson$Types`. (#2838)  There might have been good reasons to use these weird names back in the day, but they cause problems and there doesn't seem to be a compelling reason to avoid the more obvious names `GsonPreconditions` and `GsonTypes`.",0
gson/src/main/java/com/google/gson/internal/bind/CollectionTypeAdapterFactory.java,2,2,14,19,73,44,5,8,3,3,2,13,4,gson,https://github.com/google/gson.git,45e5e141b1a39926e6b43c6eacd3dc0280321f71,45e5e141b1a39926e6b43c6eacd3dc0280321f71,"Rename `$Gson$Preconditions` and `$Gson$Types`. (#2838)  There might have been good reasons to use these weird names back in the day, but they cause problems and there doesn't seem to be a compelling reason to avoid the more obvious names `GsonPreconditions` and `GsonTypes`.",0
gson/src/main/java/com/google/gson/internal/bind/MapTypeAdapterFactory.java,8,2,29,79,167,109,11,23,4,4,6,38,6,gson,https://github.com/google/gson.git,45e5e141b1a39926e6b43c6eacd3dc0280321f71,45e5e141b1a39926e6b43c6eacd3dc0280321f71,"Rename `$Gson$Preconditions` and `$Gson$Types`. (#2838)  There might have been good reasons to use these weird names back in the day, but they cause problems and there doesn't seem to be a compelling reason to avoid the more obvious names `GsonPreconditions` and `GsonTypes`.",0
gson/src/main/java/com/google/gson/internal/bind/ReflectiveTypeAdapterFactory.java,41,2,54,115,502,150,22,72,22,22,7,77,7,gson,https://github.com/google/gson.git,45e5e141b1a39926e6b43c6eacd3dc0280321f71,45e5e141b1a39926e6b43c6eacd3dc0280321f71,"Rename `$Gson$Preconditions` and `$Gson$Types`. (#2838)  There might have been good reasons to use these weird names back in the day, but they cause problems and there doesn't seem to be a compelling reason to avoid the more obvious names `GsonPreconditions` and `GsonTypes`.",0
gson/src/main/java/com/google/gson/internal/bind/TreeTypeAdapter.java,3,2,20,23,141,76,14,15,10,10,0,19,3,gson,https://github.com/google/gson.git,45e5e141b1a39926e6b43c6eacd3dc0280321f71,45e5e141b1a39926e6b43c6eacd3dc0280321f71,"Rename `$Gson$Preconditions` and `$Gson$Types`. (#2838)  There might have been good reasons to use these weird names back in the day, but they cause problems and there doesn't seem to be a compelling reason to avoid the more obvious names `GsonPreconditions` and `GsonTypes`.",0
gson/src/main/java/com/google/gson/reflect/TypeToken.java,23,1,20,79,275,162,32,71,29,29,11,47,5,gson,https://github.com/google/gson.git,45e5e141b1a39926e6b43c6eacd3dc0280321f71,45e5e141b1a39926e6b43c6eacd3dc0280321f71,"Rename `$Gson$Preconditions` and `$Gson$Types`. (#2838)  There might have been good reasons to use these weird names back in the day, but they cause problems and there doesn't seem to be a compelling reason to avoid the more obvious names `GsonPreconditions` and `GsonTypes`.",0
gson/src/main/java/com/google/gson/internal/LinkedTreeMap.java,8,2,25,30,493,284,41,92,48,50,4,135,5,gson,https://github.com/google/gson.git,ad5371eaa4af3555a6277c85a8ba27c09804b712,de190d7ef5feb4950d5daca819a625b39f3fd2f5,Fix findings that are new with the latest Error Prone. (#2834),1
gson/src/main/java/com/google/gson/internal/bind/TreeTypeAdapter.java,3,2,20,23,140,76,14,14,10,10,0,18,3,gson,https://github.com/google/gson.git,ad5371eaa4af3555a6277c85a8ba27c09804b712,de190d7ef5feb4950d5daca819a625b39f3fd2f5,Fix findings that are new with the latest Error Prone. (#2834),1
gson/src/main/java/com/google/gson/stream/JsonReader.java,25,1,40,89,1187,448,95,247,56,59,22,347,5,gson,https://github.com/google/gson.git,ad5371eaa4af3555a6277c85a8ba27c09804b712,de190d7ef5feb4950d5daca819a625b39f3fd2f5,Fix findings that are new with the latest Error Prone. (#2834),1
gson/src/main/java/com/google/gson/Gson.java,38,2,86,200,682,467,82,83,27,27,5,112,5,gson,https://github.com/google/gson.git,2549ba93fc48f4c29f1a5c82553ce666712f183a,f3232407812bca18ba54f7b8b41de9028ce64aba,"Fix ConstructorConstructor creating mismatching Collection and Map instances (#2068)  * Fix ConstructorConstructor creating mismatching Collection instances  * Support EnumMap deserialization  * Use LinkedTreeMap for maps with String supertype as key  * Fix test method name typo  * Fix `ProtoTypeAdapter` being unable to deserialize certain repeated fields  For example a `List<Long>` Protobuf field might internally have the Protobuf-internal `LongList` interface type. Previously Gson's ConstructorConstructor was nonetheless creating an ArrayList for this, which is wrong but worked. Now with the changes in ConstructorConstructor Gson will fail to create an instance, so this commit tries to solve this properly in ProtoTypeAdapter.  * Adjust tests  * Don't use LinkedTreeMap for String supertypes as key & small test fix  This reverts a previous commit of this pull request, and matches the original behavior again.  * Fix typo in exception message  * Adjust ConstructorConstructor for Java 8  * Use lambdas to make it more explicit which constructor overloads are used  * Don't use Unsafe to create Collection and Map instances",1
gson/src/main/java/com/google/gson/internal/ConstructorConstructor.java,14,1,43,49,270,114,38,47,12,12,0,27,7,gson,https://github.com/google/gson.git,2549ba93fc48f4c29f1a5c82553ce666712f183a,f3232407812bca18ba54f7b8b41de9028ce64aba,"Fix ConstructorConstructor creating mismatching Collection and Map instances (#2068)  * Fix ConstructorConstructor creating mismatching Collection instances  * Support EnumMap deserialization  * Use LinkedTreeMap for maps with String supertype as key  * Fix test method name typo  * Fix `ProtoTypeAdapter` being unable to deserialize certain repeated fields  For example a `List<Long>` Protobuf field might internally have the Protobuf-internal `LongList` interface type. Previously Gson's ConstructorConstructor was nonetheless creating an ArrayList for this, which is wrong but worked. Now with the changes in ConstructorConstructor Gson will fail to create an instance, so this commit tries to solve this properly in ProtoTypeAdapter.  * Adjust tests  * Don't use LinkedTreeMap for String supertypes as key & small test fix  This reverts a previous commit of this pull request, and matches the original behavior again.  * Fix typo in exception message  * Adjust ConstructorConstructor for Java 8  * Use lambdas to make it more explicit which constructor overloads are used  * Don't use Unsafe to create Collection and Map instances",1
gson/src/main/java/com/google/gson/internal/bind/CollectionTypeAdapterFactory.java,2,2,14,19,72,44,5,8,3,3,2,12,4,gson,https://github.com/google/gson.git,2549ba93fc48f4c29f1a5c82553ce666712f183a,f3232407812bca18ba54f7b8b41de9028ce64aba,"Fix ConstructorConstructor creating mismatching Collection and Map instances (#2068)  * Fix ConstructorConstructor creating mismatching Collection instances  * Support EnumMap deserialization  * Use LinkedTreeMap for maps with String supertype as key  * Fix test method name typo  * Fix `ProtoTypeAdapter` being unable to deserialize certain repeated fields  For example a `List<Long>` Protobuf field might internally have the Protobuf-internal `LongList` interface type. Previously Gson's ConstructorConstructor was nonetheless creating an ArrayList for this, which is wrong but worked. Now with the changes in ConstructorConstructor Gson will fail to create an instance, so this commit tries to solve this properly in ProtoTypeAdapter.  * Adjust tests  * Don't use LinkedTreeMap for String supertypes as key & small test fix  This reverts a previous commit of this pull request, and matches the original behavior again.  * Fix typo in exception message  * Adjust ConstructorConstructor for Java 8  * Use lambdas to make it more explicit which constructor overloads are used  * Don't use Unsafe to create Collection and Map instances",1
gson/src/main/java/com/google/gson/internal/bind/JsonAdapterAnnotationTypeAdapterFactory.java,3,1,16,20,122,64,11,20,9,9,0,27,4,gson,https://github.com/google/gson.git,2549ba93fc48f4c29f1a5c82553ce666712f183a,f3232407812bca18ba54f7b8b41de9028ce64aba,"Fix ConstructorConstructor creating mismatching Collection and Map instances (#2068)  * Fix ConstructorConstructor creating mismatching Collection instances  * Support EnumMap deserialization  * Use LinkedTreeMap for maps with String supertype as key  * Fix test method name typo  * Fix `ProtoTypeAdapter` being unable to deserialize certain repeated fields  For example a `List<Long>` Protobuf field might internally have the Protobuf-internal `LongList` interface type. Previously Gson's ConstructorConstructor was nonetheless creating an ArrayList for this, which is wrong but worked. Now with the changes in ConstructorConstructor Gson will fail to create an instance, so this commit tries to solve this properly in ProtoTypeAdapter.  * Adjust tests  * Don't use LinkedTreeMap for String supertypes as key & small test fix  This reverts a previous commit of this pull request, and matches the original behavior again.  * Fix typo in exception message  * Adjust ConstructorConstructor for Java 8  * Use lambdas to make it more explicit which constructor overloads are used  * Don't use Unsafe to create Collection and Map instances",1
gson/src/main/java/com/google/gson/internal/bind/MapTypeAdapterFactory.java,8,2,29,79,166,109,11,23,4,4,6,37,6,gson,https://github.com/google/gson.git,2549ba93fc48f4c29f1a5c82553ce666712f183a,f3232407812bca18ba54f7b8b41de9028ce64aba,"Fix ConstructorConstructor creating mismatching Collection and Map instances (#2068)  * Fix ConstructorConstructor creating mismatching Collection instances  * Support EnumMap deserialization  * Use LinkedTreeMap for maps with String supertype as key  * Fix test method name typo  * Fix `ProtoTypeAdapter` being unable to deserialize certain repeated fields  For example a `List<Long>` Protobuf field might internally have the Protobuf-internal `LongList` interface type. Previously Gson's ConstructorConstructor was nonetheless creating an ArrayList for this, which is wrong but worked. Now with the changes in ConstructorConstructor Gson will fail to create an instance, so this commit tries to solve this properly in ProtoTypeAdapter.  * Adjust tests  * Don't use LinkedTreeMap for String supertypes as key & small test fix  This reverts a previous commit of this pull request, and matches the original behavior again.  * Fix typo in exception message  * Adjust ConstructorConstructor for Java 8  * Use lambdas to make it more explicit which constructor overloads are used  * Don't use Unsafe to create Collection and Map instances",1
gson/src/main/java/com/google/gson/internal/bind/ReflectiveTypeAdapterFactory.java,41,2,54,115,502,150,22,72,22,22,7,77,7,gson,https://github.com/google/gson.git,2549ba93fc48f4c29f1a5c82553ce666712f183a,f3232407812bca18ba54f7b8b41de9028ce64aba,"Fix ConstructorConstructor creating mismatching Collection and Map instances (#2068)  * Fix ConstructorConstructor creating mismatching Collection instances  * Support EnumMap deserialization  * Use LinkedTreeMap for maps with String supertype as key  * Fix test method name typo  * Fix `ProtoTypeAdapter` being unable to deserialize certain repeated fields  For example a `List<Long>` Protobuf field might internally have the Protobuf-internal `LongList` interface type. Previously Gson's ConstructorConstructor was nonetheless creating an ArrayList for this, which is wrong but worked. Now with the changes in ConstructorConstructor Gson will fail to create an instance, so this commit tries to solve this properly in ProtoTypeAdapter.  * Adjust tests  * Don't use LinkedTreeMap for String supertypes as key & small test fix  This reverts a previous commit of this pull request, and matches the original behavior again.  * Fix typo in exception message  * Adjust ConstructorConstructor for Java 8  * Use lambdas to make it more explicit which constructor overloads are used  * Don't use Unsafe to create Collection and Map instances",1
proto/src/main/java/com/google/gson/protobuf/ProtoTypeAdapter.java,3,2,40,78,263,131,20,38,10,14,7,59,8,gson,https://github.com/google/gson.git,2549ba93fc48f4c29f1a5c82553ce666712f183a,f3232407812bca18ba54f7b8b41de9028ce64aba,"Fix ConstructorConstructor creating mismatching Collection and Map instances (#2068)  * Fix ConstructorConstructor creating mismatching Collection instances  * Support EnumMap deserialization  * Use LinkedTreeMap for maps with String supertype as key  * Fix test method name typo  * Fix `ProtoTypeAdapter` being unable to deserialize certain repeated fields  For example a `List<Long>` Protobuf field might internally have the Protobuf-internal `LongList` interface type. Previously Gson's ConstructorConstructor was nonetheless creating an ArrayList for this, which is wrong but worked. Now with the changes in ConstructorConstructor Gson will fail to create an instance, so this commit tries to solve this properly in ProtoTypeAdapter.  * Adjust tests  * Don't use LinkedTreeMap for String supertypes as key & small test fix  This reverts a previous commit of this pull request, and matches the original behavior again.  * Fix typo in exception message  * Adjust ConstructorConstructor for Java 8  * Use lambdas to make it more explicit which constructor overloads are used  * Don't use Unsafe to create Collection and Map instances",1
extras/src/main/java/com/google/gson/graph/GraphAdapterBuilder.java,3,1,30,53,200,118,12,28,7,10,3,45,8,gson,https://github.com/google/gson.git,c395dd1fdf2590c575965208f1b479dd76a6c926,016315c2bc1c37306e46f1cfa5ebd6cf4f0cc495,"Fix `GraphAdapterBuilder#addType(Type)` delegating to previous creator (#2811)  * Fix `GraphAdapterBuilder#addType(Type)` delegating to previous creator  When `addType(Type, InstanceCreator)` is used, it adds the creator to the `instanceCreators` map. However, previously that map was also used by the `constructorConstructor`. So when `addType(Type)` was used afterwards, instead of actually obtaining the default creator, it obtained the previously registered creator.  * Use lambdas  * Fix GraphAdapterBuilder reuse affecting previous adapters",1
extras/src/main/java/com/google/gson/graph/GraphAdapterBuilder.java,2,1,29,47,202,110,10,28,7,10,3,40,8,gson,https://github.com/google/gson.git,6422adf6e5c73ecc5fda7a0cb00b100aca9892fa,a85c2a1d353e65956a1042d706b35af82010487f,Fix TODO and add proper documentation for GraphAdapterBuilder (#2800),1
gson/src/main/java/com/google/gson/stream/JsonReader.java,25,1,40,89,1187,448,95,247,56,59,22,347,5,gson,https://github.com/google/gson.git,f44cd2b6bda2a0c0d7d27be226a792b5e3f39512,f44cd2b6bda2a0c0d7d27be226a792b5e3f39512,"Update spotless-maven-plugin. (#2801)  * Update spotless-maven-plugin.  Reformat some files whose canonical formatting has changed because of a change to google-java-format.",0
gson/src/main/java/com/google/gson/stream/JsonWriter.java,21,2,39,92,397,138,45,61,13,19,5,61,5,gson,https://github.com/google/gson.git,f44cd2b6bda2a0c0d7d27be226a792b5e3f39512,f44cd2b6bda2a0c0d7d27be226a792b5e3f39512,"Update spotless-maven-plugin. (#2801)  * Update spotless-maven-plugin.  Reformat some files whose canonical formatting has changed because of a change to google-java-format.",0
gson/src/main/java/com/google/gson/internal/bind/CollectionTypeAdapterFactory.java,2,2,14,19,74,42,5,8,3,3,2,11,4,gson,https://github.com/google/gson.git,10bdd6dc6a2f86151762e9c18d155970e90d14a9,ab9c54f40bc36abc4af670fff187a8b7436b8089,"Simplify collection type adapters slightly. (#2791)  * Simplify collection type adapters slightly.  By moving some computations to the factory, we can pass fewer parameters to the constructor.  * Fix formatting.",1
gson/src/main/java/com/google/gson/internal/bind/MapTypeAdapterFactory.java,8,2,29,79,166,105,11,23,4,4,6,33,6,gson,https://github.com/google/gson.git,10bdd6dc6a2f86151762e9c18d155970e90d14a9,ab9c54f40bc36abc4af670fff187a8b7436b8089,"Simplify collection type adapters slightly. (#2791)  * Simplify collection type adapters slightly.  By moving some computations to the factory, we can pass fewer parameters to the constructor.  * Fix formatting.",1
extras/src/main/java/com/google/gson/typeadapters/UtcDateTypeAdapter.java,8,2,25,78,188,25,10,30,4,4,2,60,7,gson,https://github.com/google/gson.git,23bf512e3581966e6bce5b92078c72619aa7ead8,23bf512e3581966e6bce5b92078c72619aa7ead8,Refactor switch-case to if-else in UtcDateTypeAdapter (#2760),0
metrics/src/main/java/com/google/gson/metrics/BagOfPrimitivesDeserializationBenchmark.java,1,1,16,31,85,5,0,14,0,2,6,23,7,gson,https://github.com/google/gson.git,48894530f1094f76b6cc0ea7c6b7e3df644578ac,48894530f1094f76b6cc0ea7c6b7e3df644578ac,Refactor if-else chains to switch in benchmark methods (#2756),0
metrics/src/main/java/com/google/gson/metrics/CollectionsDeserializationBenchmark.java,2,1,20,41,108,28,0,17,0,2,9,28,8,gson,https://github.com/google/gson.git,48894530f1094f76b6cc0ea7c6b7e3df644578ac,48894530f1094f76b6cc0ea7c6b7e3df644578ac,Refactor if-else chains to switch in benchmark methods (#2756),0
gson/src/main/java/com/google/gson/JsonIOException.java,0,2,0,0,13,0,0,3,3,3,0,1,2,gson,https://github.com/google/gson.git,9471163df1f972975878784d9fd3c646c8d0b840,afed86beaddf0812f4cdd038d99f461295e67a8a,"Fix some new Error Prone warnings. (#2753)  * Fix some new Error Prone warnings.  These break the build because we compile with `-Werror`.  The new warnings about class names are intrusive and should perhaps be refined.  * Update gson/src/test/java/com/google/gson/integration/OSGiManifestIT.java  Test name must end with `IT` despite Error Prone warning.  Co-authored-by: Marcono1234 <Marcono1234@users.noreply.github.com>  * Update test-shrinker/src/test/java/com/google/gson/it/ShrinkingIT.java  Co-authored-by: Marcono1234 <Marcono1234@users.noreply.github.com>  ---------  Co-authored-by: Marcono1234 <Marcono1234@users.noreply.github.com>",1
gson/src/main/java/com/google/gson/internal/$Gson$Preconditions.java,1,1,4,1,19,8,2,5,3,3,0,0,3,gson,https://github.com/google/gson.git,9471163df1f972975878784d9fd3c646c8d0b840,afed86beaddf0812f4cdd038d99f461295e67a8a,"Fix some new Error Prone warnings. (#2753)  * Fix some new Error Prone warnings.  These break the build because we compile with `-Werror`.  The new warnings about class names are intrusive and should perhaps be refined.  * Update gson/src/test/java/com/google/gson/integration/OSGiManifestIT.java  Test name must end with `IT` despite Error Prone warning.  Co-authored-by: Marcono1234 <Marcono1234@users.noreply.github.com>  * Update test-shrinker/src/test/java/com/google/gson/it/ShrinkingIT.java  Co-authored-by: Marcono1234 <Marcono1234@users.noreply.github.com>  ---------  Co-authored-by: Marcono1234 <Marcono1234@users.noreply.github.com>",1
gson/src/main/java/com/google/gson/internal/$Gson$Types.java,15,2,31,103,467,143,71,120,57,57,7,90,7,gson,https://github.com/google/gson.git,9471163df1f972975878784d9fd3c646c8d0b840,afed86beaddf0812f4cdd038d99f461295e67a8a,"Fix some new Error Prone warnings. (#2753)  * Fix some new Error Prone warnings.  These break the build because we compile with `-Werror`.  The new warnings about class names are intrusive and should perhaps be refined.  * Update gson/src/test/java/com/google/gson/integration/OSGiManifestIT.java  Test name must end with `IT` despite Error Prone warning.  Co-authored-by: Marcono1234 <Marcono1234@users.noreply.github.com>  * Update test-shrinker/src/test/java/com/google/gson/it/ShrinkingIT.java  Co-authored-by: Marcono1234 <Marcono1234@users.noreply.github.com>  ---------  Co-authored-by: Marcono1234 <Marcono1234@users.noreply.github.com>",1
gson/src/main/java/com/google/gson/internal/bind/util/ISO8601Utils.java,9,1,18,91,215,36,15,38,9,9,3,76,8,gson,https://github.com/google/gson.git,9471163df1f972975878784d9fd3c646c8d0b840,afed86beaddf0812f4cdd038d99f461295e67a8a,"Fix some new Error Prone warnings. (#2753)  * Fix some new Error Prone warnings.  These break the build because we compile with `-Werror`.  The new warnings about class names are intrusive and should perhaps be refined.  * Update gson/src/test/java/com/google/gson/integration/OSGiManifestIT.java  Test name must end with `IT` despite Error Prone warning.  Co-authored-by: Marcono1234 <Marcono1234@users.noreply.github.com>  * Update test-shrinker/src/test/java/com/google/gson/it/ShrinkingIT.java  Co-authored-by: Marcono1234 <Marcono1234@users.noreply.github.com>  ---------  Co-authored-by: Marcono1234 <Marcono1234@users.noreply.github.com>",1
extras/src/main/java/com/google/gson/graph/GraphAdapterBuilder.java,2,1,29,47,202,110,10,28,7,10,3,40,8,gson,https://github.com/google/gson.git,0eb681b1a3ed8e2241f926446abc9b62c5986bbf,58eaac338786f449335e389a7f3c73ed40252ea4,"Java 8 follow-up changes (#2747)  * Java 8 follow-up changes  * Fix Error Prone warnings  Note that for the `final` variable warnings, it seems some of those variables were made `final` intentionally, without the compiler requiring it. But for consistency I removed the `final` from them as well.  * Disable `UnnecessaryAnonymousClass` Error Prone pattern  Is disabled by default as well.  It seems what this pattern does is suggest to replace anonymous classes stored in constants with a corresponding method (with the intention that the developer then uses a method reference to that method). But it even does this when the anonymous class implements a custom functional type, and not a generic type such as `Function`.  For example it suggested to replace ``` private static final FieldNamingStrategy CUSTOM_FIELD_NAMING_STRATEGY =   new FieldNamingStrategy() {     @Override     public String translateName(Field f) {       return ""foo"";     }   }; ```  with a method ``` private static String customFieldNamingStrategy(Field f) {   return ""foo""; } ```  Which is probably not that helpful, and might not actually increase readability.  * Revert some changes for API not available yet in target Android version",1
extras/src/main/java/com/google/gson/typeadapters/RuntimeTypeAdapterFactory.java,3,2,25,53,142,154,11,21,7,8,2,28,5,gson,https://github.com/google/gson.git,0eb681b1a3ed8e2241f926446abc9b62c5986bbf,58eaac338786f449335e389a7f3c73ed40252ea4,"Java 8 follow-up changes (#2747)  * Java 8 follow-up changes  * Fix Error Prone warnings  Note that for the `final` variable warnings, it seems some of those variables were made `final` intentionally, without the compiler requiring it. But for consistency I removed the `final` from them as well.  * Disable `UnnecessaryAnonymousClass` Error Prone pattern  Is disabled by default as well.  It seems what this pattern does is suggest to replace anonymous classes stored in constants with a corresponding method (with the intention that the developer then uses a method reference to that method). But it even does this when the anonymous class implements a custom functional type, and not a generic type such as `Function`.  For example it suggested to replace ``` private static final FieldNamingStrategy CUSTOM_FIELD_NAMING_STRATEGY =   new FieldNamingStrategy() {     @Override     public String translateName(Field f) {       return ""foo"";     }   }; ```  with a method ``` private static String customFieldNamingStrategy(Field f) {   return ""foo""; } ```  Which is probably not that helpful, and might not actually increase readability.  * Revert some changes for API not available yet in target Android version",1
gson/src/main/java/com/google/gson/Gson.java,33,2,86,195,682,479,82,83,27,27,5,112,5,gson,https://github.com/google/gson.git,0eb681b1a3ed8e2241f926446abc9b62c5986bbf,58eaac338786f449335e389a7f3c73ed40252ea4,"Java 8 follow-up changes (#2747)  * Java 8 follow-up changes  * Fix Error Prone warnings  Note that for the `final` variable warnings, it seems some of those variables were made `final` intentionally, without the compiler requiring it. But for consistency I removed the `final` from them as well.  * Disable `UnnecessaryAnonymousClass` Error Prone pattern  Is disabled by default as well.  It seems what this pattern does is suggest to replace anonymous classes stored in constants with a corresponding method (with the intention that the developer then uses a method reference to that method). But it even does this when the anonymous class implements a custom functional type, and not a generic type such as `Function`.  For example it suggested to replace ``` private static final FieldNamingStrategy CUSTOM_FIELD_NAMING_STRATEGY =   new FieldNamingStrategy() {     @Override     public String translateName(Field f) {       return ""foo"";     }   }; ```  with a method ``` private static String customFieldNamingStrategy(Field f) {   return ""foo""; } ```  Which is probably not that helpful, and might not actually increase readability.  * Revert some changes for API not available yet in target Android version",1
gson/src/main/java/com/google/gson/TypeAdapterFactory.java,2,1,3,36,5,101,13,13,4,4,3,10,6,gson,https://github.com/google/gson.git,0eb681b1a3ed8e2241f926446abc9b62c5986bbf,58eaac338786f449335e389a7f3c73ed40252ea4,"Java 8 follow-up changes (#2747)  * Java 8 follow-up changes  * Fix Error Prone warnings  Note that for the `final` variable warnings, it seems some of those variables were made `final` intentionally, without the compiler requiring it. But for consistency I removed the `final` from them as well.  * Disable `UnnecessaryAnonymousClass` Error Prone pattern  Is disabled by default as well.  It seems what this pattern does is suggest to replace anonymous classes stored in constants with a corresponding method (with the intention that the developer then uses a method reference to that method). But it even does this when the anonymous class implements a custom functional type, and not a generic type such as `Function`.  For example it suggested to replace ``` private static final FieldNamingStrategy CUSTOM_FIELD_NAMING_STRATEGY =   new FieldNamingStrategy() {     @Override     public String translateName(Field f) {       return ""foo"";     }   }; ```  with a method ``` private static String customFieldNamingStrategy(Field f) {   return ""foo""; } ```  Which is probably not that helpful, and might not actually increase readability.  * Revert some changes for API not available yet in target Android version",1
gson/src/main/java/com/google/gson/internal/ConstructorConstructor.java,14,1,43,49,352,134,49,67,32,32,0,27,8,gson,https://github.com/google/gson.git,0eb681b1a3ed8e2241f926446abc9b62c5986bbf,58eaac338786f449335e389a7f3c73ed40252ea4,"Java 8 follow-up changes (#2747)  * Java 8 follow-up changes  * Fix Error Prone warnings  Note that for the `final` variable warnings, it seems some of those variables were made `final` intentionally, without the compiler requiring it. But for consistency I removed the `final` from them as well.  * Disable `UnnecessaryAnonymousClass` Error Prone pattern  Is disabled by default as well.  It seems what this pattern does is suggest to replace anonymous classes stored in constants with a corresponding method (with the intention that the developer then uses a method reference to that method). But it even does this when the anonymous class implements a custom functional type, and not a generic type such as `Function`.  For example it suggested to replace ``` private static final FieldNamingStrategy CUSTOM_FIELD_NAMING_STRATEGY =   new FieldNamingStrategy() {     @Override     public String translateName(Field f) {       return ""foo"";     }   }; ```  with a method ``` private static String customFieldNamingStrategy(Field f) {   return ""foo""; } ```  Which is probably not that helpful, and might not actually increase readability.  * Revert some changes for API not available yet in target Android version",1
gson/src/main/java/com/google/gson/internal/Excluder.java,4,1,21,30,177,43,30,37,13,14,3,30,5,gson,https://github.com/google/gson.git,0eb681b1a3ed8e2241f926446abc9b62c5986bbf,58eaac338786f449335e389a7f3c73ed40252ea4,"Java 8 follow-up changes (#2747)  * Java 8 follow-up changes  * Fix Error Prone warnings  Note that for the `final` variable warnings, it seems some of those variables were made `final` intentionally, without the compiler requiring it. But for consistency I removed the `final` from them as well.  * Disable `UnnecessaryAnonymousClass` Error Prone pattern  Is disabled by default as well.  It seems what this pattern does is suggest to replace anonymous classes stored in constants with a corresponding method (with the intention that the developer then uses a method reference to that method). But it even does this when the anonymous class implements a custom functional type, and not a generic type such as `Function`.  For example it suggested to replace ``` private static final FieldNamingStrategy CUSTOM_FIELD_NAMING_STRATEGY =   new FieldNamingStrategy() {     @Override     public String translateName(Field f) {       return ""foo"";     }   }; ```  with a method ``` private static String customFieldNamingStrategy(Field f) {   return ""foo""; } ```  Which is probably not that helpful, and might not actually increase readability.  * Revert some changes for API not available yet in target Android version",1
gson/src/main/java/com/google/gson/internal/NonNullElementWrapperList.java,1,2,7,17,85,15,15,19,18,18,0,1,3,gson,https://github.com/google/gson.git,0eb681b1a3ed8e2241f926446abc9b62c5986bbf,58eaac338786f449335e389a7f3c73ed40252ea4,"Java 8 follow-up changes (#2747)  * Java 8 follow-up changes  * Fix Error Prone warnings  Note that for the `final` variable warnings, it seems some of those variables were made `final` intentionally, without the compiler requiring it. But for consistency I removed the `final` from them as well.  * Disable `UnnecessaryAnonymousClass` Error Prone pattern  Is disabled by default as well.  It seems what this pattern does is suggest to replace anonymous classes stored in constants with a corresponding method (with the intention that the developer then uses a method reference to that method). But it even does this when the anonymous class implements a custom functional type, and not a generic type such as `Function`.  For example it suggested to replace ``` private static final FieldNamingStrategy CUSTOM_FIELD_NAMING_STRATEGY =   new FieldNamingStrategy() {     @Override     public String translateName(Field f) {       return ""foo"";     }   }; ```  with a method ``` private static String customFieldNamingStrategy(Field f) {   return ""foo""; } ```  Which is probably not that helpful, and might not actually increase readability.  * Revert some changes for API not available yet in target Android version",1
gson/src/main/java/com/google/gson/internal/ReflectionAccessFilterHelper.java,3,1,8,16,78,13,10,18,12,12,1,7,8,gson,https://github.com/google/gson.git,0eb681b1a3ed8e2241f926446abc9b62c5986bbf,58eaac338786f449335e389a7f3c73ed40252ea4,"Java 8 follow-up changes (#2747)  * Java 8 follow-up changes  * Fix Error Prone warnings  Note that for the `final` variable warnings, it seems some of those variables were made `final` intentionally, without the compiler requiring it. But for consistency I removed the `final` from them as well.  * Disable `UnnecessaryAnonymousClass` Error Prone pattern  Is disabled by default as well.  It seems what this pattern does is suggest to replace anonymous classes stored in constants with a corresponding method (with the intention that the developer then uses a method reference to that method). But it even does this when the anonymous class implements a custom functional type, and not a generic type such as `Function`.  For example it suggested to replace ``` private static final FieldNamingStrategy CUSTOM_FIELD_NAMING_STRATEGY =   new FieldNamingStrategy() {     @Override     public String translateName(Field f) {       return ""foo"";     }   }; ```  with a method ``` private static String customFieldNamingStrategy(Field f) {   return ""foo""; } ```  Which is probably not that helpful, and might not actually increase readability.  * Revert some changes for API not available yet in target Android version",1
gson/src/main/java/com/google/gson/internal/UnsafeAllocator.java,2,1,10,16,76,35,7,11,7,7,0,10,5,gson,https://github.com/google/gson.git,0eb681b1a3ed8e2241f926446abc9b62c5986bbf,58eaac338786f449335e389a7f3c73ed40252ea4,"Java 8 follow-up changes (#2747)  * Java 8 follow-up changes  * Fix Error Prone warnings  Note that for the `final` variable warnings, it seems some of those variables were made `final` intentionally, without the compiler requiring it. But for consistency I removed the `final` from them as well.  * Disable `UnnecessaryAnonymousClass` Error Prone pattern  Is disabled by default as well.  It seems what this pattern does is suggest to replace anonymous classes stored in constants with a corresponding method (with the intention that the developer then uses a method reference to that method). But it even does this when the anonymous class implements a custom functional type, and not a generic type such as `Function`.  For example it suggested to replace ``` private static final FieldNamingStrategy CUSTOM_FIELD_NAMING_STRATEGY =   new FieldNamingStrategy() {     @Override     public String translateName(Field f) {       return ""foo"";     }   }; ```  with a method ``` private static String customFieldNamingStrategy(Field f) {   return ""foo""; } ```  Which is probably not that helpful, and might not actually increase readability.  * Revert some changes for API not available yet in target Android version",1
gson/src/main/java/com/google/gson/internal/bind/EnumTypeAdapter.java,2,2,17,25,81,37,4,12,3,3,3,18,6,gson,https://github.com/google/gson.git,0eb681b1a3ed8e2241f926446abc9b62c5986bbf,58eaac338786f449335e389a7f3c73ed40252ea4,"Java 8 follow-up changes (#2747)  * Java 8 follow-up changes  * Fix Error Prone warnings  Note that for the `final` variable warnings, it seems some of those variables were made `final` intentionally, without the compiler requiring it. But for consistency I removed the `final` from them as well.  * Disable `UnnecessaryAnonymousClass` Error Prone pattern  Is disabled by default as well.  It seems what this pattern does is suggest to replace anonymous classes stored in constants with a corresponding method (with the intention that the developer then uses a method reference to that method). But it even does this when the anonymous class implements a custom functional type, and not a generic type such as `Function`.  For example it suggested to replace ``` private static final FieldNamingStrategy CUSTOM_FIELD_NAMING_STRATEGY =   new FieldNamingStrategy() {     @Override     public String translateName(Field f) {       return ""foo"";     }   }; ```  with a method ``` private static String customFieldNamingStrategy(Field f) {   return ""foo""; } ```  Which is probably not that helpful, and might not actually increase readability.  * Revert some changes for API not available yet in target Android version",1
gson/src/main/java/com/google/gson/internal/bind/JsonTreeReader.java,5,2,30,34,316,57,26,57,20,20,1,46,6,gson,https://github.com/google/gson.git,0eb681b1a3ed8e2241f926446abc9b62c5986bbf,58eaac338786f449335e389a7f3c73ed40252ea4,"Java 8 follow-up changes (#2747)  * Java 8 follow-up changes  * Fix Error Prone warnings  Note that for the `final` variable warnings, it seems some of those variables were made `final` intentionally, without the compiler requiring it. But for consistency I removed the `final` from them as well.  * Disable `UnnecessaryAnonymousClass` Error Prone pattern  Is disabled by default as well.  It seems what this pattern does is suggest to replace anonymous classes stored in constants with a corresponding method (with the intention that the developer then uses a method reference to that method). But it even does this when the anonymous class implements a custom functional type, and not a generic type such as `Function`.  For example it suggested to replace ``` private static final FieldNamingStrategy CUSTOM_FIELD_NAMING_STRATEGY =   new FieldNamingStrategy() {     @Override     public String translateName(Field f) {       return ""foo"";     }   }; ```  with a method ``` private static String customFieldNamingStrategy(Field f) {   return ""foo""; } ```  Which is probably not that helpful, and might not actually increase readability.  * Revert some changes for API not available yet in target Android version",1
gson/src/main/java/com/google/gson/internal/bind/NumberTypeAdapter.java,0,2,14,6,56,12,6,7,5,5,0,4,4,gson,https://github.com/google/gson.git,0eb681b1a3ed8e2241f926446abc9b62c5986bbf,58eaac338786f449335e389a7f3c73ed40252ea4,"Java 8 follow-up changes (#2747)  * Java 8 follow-up changes  * Fix Error Prone warnings  Note that for the `final` variable warnings, it seems some of those variables were made `final` intentionally, without the compiler requiring it. But for consistency I removed the `final` from them as well.  * Disable `UnnecessaryAnonymousClass` Error Prone pattern  Is disabled by default as well.  It seems what this pattern does is suggest to replace anonymous classes stored in constants with a corresponding method (with the intention that the developer then uses a method reference to that method). But it even does this when the anonymous class implements a custom functional type, and not a generic type such as `Function`.  For example it suggested to replace ``` private static final FieldNamingStrategy CUSTOM_FIELD_NAMING_STRATEGY =   new FieldNamingStrategy() {     @Override     public String translateName(Field f) {       return ""foo"";     }   }; ```  with a method ``` private static String customFieldNamingStrategy(Field f) {   return ""foo""; } ```  Which is probably not that helpful, and might not actually increase readability.  * Revert some changes for API not available yet in target Android version",1
gson/src/main/java/com/google/gson/internal/bind/ObjectTypeAdapter.java,0,2,19,24,134,36,16,22,7,7,2,17,5,gson,https://github.com/google/gson.git,0eb681b1a3ed8e2241f926446abc9b62c5986bbf,58eaac338786f449335e389a7f3c73ed40252ea4,"Java 8 follow-up changes (#2747)  * Java 8 follow-up changes  * Fix Error Prone warnings  Note that for the `final` variable warnings, it seems some of those variables were made `final` intentionally, without the compiler requiring it. But for consistency I removed the `final` from them as well.  * Disable `UnnecessaryAnonymousClass` Error Prone pattern  Is disabled by default as well.  It seems what this pattern does is suggest to replace anonymous classes stored in constants with a corresponding method (with the intention that the developer then uses a method reference to that method). But it even does this when the anonymous class implements a custom functional type, and not a generic type such as `Function`.  For example it suggested to replace ``` private static final FieldNamingStrategy CUSTOM_FIELD_NAMING_STRATEGY =   new FieldNamingStrategy() {     @Override     public String translateName(Field f) {       return ""foo"";     }   }; ```  with a method ``` private static String customFieldNamingStrategy(Field f) {   return ""foo""; } ```  Which is probably not that helpful, and might not actually increase readability.  * Revert some changes for API not available yet in target Android version",1
gson/src/main/java/com/google/gson/internal/bind/ReflectiveTypeAdapterFactory.java,39,2,54,113,503,154,22,72,22,22,7,77,7,gson,https://github.com/google/gson.git,0eb681b1a3ed8e2241f926446abc9b62c5986bbf,58eaac338786f449335e389a7f3c73ed40252ea4,"Java 8 follow-up changes (#2747)  * Java 8 follow-up changes  * Fix Error Prone warnings  Note that for the `final` variable warnings, it seems some of those variables were made `final` intentionally, without the compiler requiring it. But for consistency I removed the `final` from them as well.  * Disable `UnnecessaryAnonymousClass` Error Prone pattern  Is disabled by default as well.  It seems what this pattern does is suggest to replace anonymous classes stored in constants with a corresponding method (with the intention that the developer then uses a method reference to that method). But it even does this when the anonymous class implements a custom functional type, and not a generic type such as `Function`.  For example it suggested to replace ``` private static final FieldNamingStrategy CUSTOM_FIELD_NAMING_STRATEGY =   new FieldNamingStrategy() {     @Override     public String translateName(Field f) {       return ""foo"";     }   }; ```  with a method ``` private static String customFieldNamingStrategy(Field f) {   return ""foo""; } ```  Which is probably not that helpful, and might not actually increase readability.  * Revert some changes for API not available yet in target Android version",1
gson/src/main/java/com/google/gson/internal/bind/TypeAdapters.java,12,2,71,221,811,256,68,87,25,25,6,121,7,gson,https://github.com/google/gson.git,0eb681b1a3ed8e2241f926446abc9b62c5986bbf,58eaac338786f449335e389a7f3c73ed40252ea4,"Java 8 follow-up changes (#2747)  * Java 8 follow-up changes  * Fix Error Prone warnings  Note that for the `final` variable warnings, it seems some of those variables were made `final` intentionally, without the compiler requiring it. But for consistency I removed the `final` from them as well.  * Disable `UnnecessaryAnonymousClass` Error Prone pattern  Is disabled by default as well.  It seems what this pattern does is suggest to replace anonymous classes stored in constants with a corresponding method (with the intention that the developer then uses a method reference to that method). But it even does this when the anonymous class implements a custom functional type, and not a generic type such as `Function`.  For example it suggested to replace ``` private static final FieldNamingStrategy CUSTOM_FIELD_NAMING_STRATEGY =   new FieldNamingStrategy() {     @Override     public String translateName(Field f) {       return ""foo"";     }   }; ```  with a method ``` private static String customFieldNamingStrategy(Field f) {   return ""foo""; } ```  Which is probably not that helpful, and might not actually increase readability.  * Revert some changes for API not available yet in target Android version",1
gson/src/main/java/com/google/gson/internal/reflect/ReflectionHelper.java,10,2,18,55,225,78,19,41,25,25,3,30,5,gson,https://github.com/google/gson.git,0eb681b1a3ed8e2241f926446abc9b62c5986bbf,58eaac338786f449335e389a7f3c73ed40252ea4,"Java 8 follow-up changes (#2747)  * Java 8 follow-up changes  * Fix Error Prone warnings  Note that for the `final` variable warnings, it seems some of those variables were made `final` intentionally, without the compiler requiring it. But for consistency I removed the `final` from them as well.  * Disable `UnnecessaryAnonymousClass` Error Prone pattern  Is disabled by default as well.  It seems what this pattern does is suggest to replace anonymous classes stored in constants with a corresponding method (with the intention that the developer then uses a method reference to that method). But it even does this when the anonymous class implements a custom functional type, and not a generic type such as `Function`.  For example it suggested to replace ``` private static final FieldNamingStrategy CUSTOM_FIELD_NAMING_STRATEGY =   new FieldNamingStrategy() {     @Override     public String translateName(Field f) {       return ""foo"";     }   }; ```  with a method ``` private static String customFieldNamingStrategy(Field f) {   return ""foo""; } ```  Which is probably not that helpful, and might not actually increase readability.  * Revert some changes for API not available yet in target Android version",1
gson/src/main/java/com/google/gson/internal/sql/SqlTimestampTypeAdapter.java,0,2,12,5,39,18,3,4,3,3,0,4,4,gson,https://github.com/google/gson.git,0eb681b1a3ed8e2241f926446abc9b62c5986bbf,58eaac338786f449335e389a7f3c73ed40252ea4,"Java 8 follow-up changes (#2747)  * Java 8 follow-up changes  * Fix Error Prone warnings  Note that for the `final` variable warnings, it seems some of those variables were made `final` intentionally, without the compiler requiring it. But for consistency I removed the `final` from them as well.  * Disable `UnnecessaryAnonymousClass` Error Prone pattern  Is disabled by default as well.  It seems what this pattern does is suggest to replace anonymous classes stored in constants with a corresponding method (with the intention that the developer then uses a method reference to that method). But it even does this when the anonymous class implements a custom functional type, and not a generic type such as `Function`.  For example it suggested to replace ``` private static final FieldNamingStrategy CUSTOM_FIELD_NAMING_STRATEGY =   new FieldNamingStrategy() {     @Override     public String translateName(Field f) {       return ""foo"";     }   }; ```  with a method ``` private static String customFieldNamingStrategy(Field f) {   return ""foo""; } ```  Which is probably not that helpful, and might not actually increase readability.  * Revert some changes for API not available yet in target Android version",1
metrics/src/main/java/com/google/gson/metrics/BagOfPrimitives.java,2,1,1,3,67,8,7,9,3,7,0,16,3,gson,https://github.com/google/gson.git,0eb681b1a3ed8e2241f926446abc9b62c5986bbf,58eaac338786f449335e389a7f3c73ed40252ea4,"Java 8 follow-up changes (#2747)  * Java 8 follow-up changes  * Fix Error Prone warnings  Note that for the `final` variable warnings, it seems some of those variables were made `final` intentionally, without the compiler requiring it. But for consistency I removed the `final` from them as well.  * Disable `UnnecessaryAnonymousClass` Error Prone pattern  Is disabled by default as well.  It seems what this pattern does is suggest to replace anonymous classes stored in constants with a corresponding method (with the intention that the developer then uses a method reference to that method). But it even does this when the anonymous class implements a custom functional type, and not a generic type such as `Function`.  For example it suggested to replace ``` private static final FieldNamingStrategy CUSTOM_FIELD_NAMING_STRATEGY =   new FieldNamingStrategy() {     @Override     public String translateName(Field f) {       return ""foo"";     }   }; ```  with a method ``` private static String customFieldNamingStrategy(Field f) {   return ""foo""; } ```  Which is probably not that helpful, and might not actually increase readability.  * Revert some changes for API not available yet in target Android version",1
proto/src/main/java/com/google/gson/protobuf/ProtoTypeAdapter.java,3,2,40,78,263,131,20,38,10,14,7,59,8,gson,https://github.com/google/gson.git,0eb681b1a3ed8e2241f926446abc9b62c5986bbf,58eaac338786f449335e389a7f3c73ed40252ea4,"Java 8 follow-up changes (#2747)  * Java 8 follow-up changes  * Fix Error Prone warnings  Note that for the `final` variable warnings, it seems some of those variables were made `final` intentionally, without the compiler requiring it. But for consistency I removed the `final` from them as well.  * Disable `UnnecessaryAnonymousClass` Error Prone pattern  Is disabled by default as well.  It seems what this pattern does is suggest to replace anonymous classes stored in constants with a corresponding method (with the intention that the developer then uses a method reference to that method). But it even does this when the anonymous class implements a custom functional type, and not a generic type such as `Function`.  For example it suggested to replace ``` private static final FieldNamingStrategy CUSTOM_FIELD_NAMING_STRATEGY =   new FieldNamingStrategy() {     @Override     public String translateName(Field f) {       return ""foo"";     }   }; ```  with a method ``` private static String customFieldNamingStrategy(Field f) {   return ""foo""; } ```  Which is probably not that helpful, and might not actually increase readability.  * Revert some changes for API not available yet in target Android version",1
gson/src/main/java/com/google/gson/Gson.java,33,2,88,195,684,479,82,83,27,27,5,112,5,gson,https://github.com/google/gson.git,61609323da441e057e711362f93bc748f340f6cc,48889dba12f20c7e828469f2617e1bb49b6cfe30,"Fix a class loading deadlock involving `TypeAdapters`. (#2740)  * Fix a class loading deadlock involving `TypeAdapters`.  Fixes #2739.  * Remove deprecation of internal fields.  The idea was to discourage people from using these, but they have been there for a long time and the deprecation isn't going to have much effect. Meanwhile the deprecation required `@SuppressWarnings`, which was annoying.  Also move `JsonElementTypeFactory.ADAPTER` back into `TypeAdapters` so there is no further circular dependency between the two classes. I think it was harmless but it's easy enough to avoid.  * Omit unnecessary type qualificiation.",1
gson/src/main/java/com/google/gson/internal/Streams.java,3,2,23,10,108,2,11,15,7,9,0,8,5,gson,https://github.com/google/gson.git,61609323da441e057e711362f93bc748f340f6cc,48889dba12f20c7e828469f2617e1bb49b6cfe30,"Fix a class loading deadlock involving `TypeAdapters`. (#2740)  * Fix a class loading deadlock involving `TypeAdapters`.  Fixes #2739.  * Remove deprecation of internal fields.  The idea was to discourage people from using these, but they have been there for a long time and the deprecation isn't going to have much effect. Meanwhile the deprecation required `@SuppressWarnings`, which was annoying.  Also move `JsonElementTypeFactory.ADAPTER` back into `TypeAdapters` so there is no further circular dependency between the two classes. I think it was harmless but it's easy enough to avoid.  * Omit unnecessary type qualificiation.",1
gson/src/main/java/com/google/gson/internal/bind/EnumTypeAdapter.java,2,2,17,25,81,37,4,12,3,3,3,18,6,gson,https://github.com/google/gson.git,61609323da441e057e711362f93bc748f340f6cc,48889dba12f20c7e828469f2617e1bb49b6cfe30,"Fix a class loading deadlock involving `TypeAdapters`. (#2740)  * Fix a class loading deadlock involving `TypeAdapters`.  Fixes #2739.  * Remove deprecation of internal fields.  The idea was to discourage people from using these, but they have been there for a long time and the deprecation isn't going to have much effect. Meanwhile the deprecation required `@SuppressWarnings`, which was annoying.  Also move `JsonElementTypeFactory.ADAPTER` back into `TypeAdapters` so there is no further circular dependency between the two classes. I think it was harmless but it's easy enough to avoid.  * Omit unnecessary type qualificiation.",1
gson/src/main/java/com/google/gson/internal/bind/JsonElementTypeAdapter.java,1,2,24,44,126,12,10,24,4,4,4,15,5,gson,https://github.com/google/gson.git,61609323da441e057e711362f93bc748f340f6cc,48889dba12f20c7e828469f2617e1bb49b6cfe30,"Fix a class loading deadlock involving `TypeAdapters`. (#2740)  * Fix a class loading deadlock involving `TypeAdapters`.  Fixes #2739.  * Remove deprecation of internal fields.  The idea was to discourage people from using these, but they have been there for a long time and the deprecation isn't going to have much effect. Meanwhile the deprecation required `@SuppressWarnings`, which was annoying.  Also move `JsonElementTypeFactory.ADAPTER` back into `TypeAdapters` so there is no further circular dependency between the two classes. I think it was harmless but it's easy enough to avoid.  * Omit unnecessary type qualificiation.",1
gson/src/main/java/com/google/gson/internal/bind/TypeAdapters.java,12,2,71,224,812,274,68,87,25,25,6,124,7,gson,https://github.com/google/gson.git,61609323da441e057e711362f93bc748f340f6cc,48889dba12f20c7e828469f2617e1bb49b6cfe30,"Fix a class loading deadlock involving `TypeAdapters`. (#2740)  * Fix a class loading deadlock involving `TypeAdapters`.  Fixes #2739.  * Remove deprecation of internal fields.  The idea was to discourage people from using these, but they have been there for a long time and the deprecation isn't going to have much effect. Meanwhile the deprecation required `@SuppressWarnings`, which was annoying.  Also move `JsonElementTypeFactory.ADAPTER` back into `TypeAdapters` so there is no further circular dependency between the two classes. I think it was harmless but it's easy enough to avoid.  * Omit unnecessary type qualificiation.",1
gson/src/main/java/com/google/gson/internal/bind/EnumTypeAdapter.java,2,2,17,25,81,37,4,12,3,3,3,18,6,gson,https://github.com/google/gson.git,4e4c2fd6279536a6da84f42ca5adf0b7b208d786,4e4c2fd6279536a6da84f42ca5adf0b7b208d786,"EnumTypeAdapter constructor optimization (#2734)  * EnumTypeAdapter constructor optimization  * reuse the fields array  * add comment about the necessity of unconditionally trimming the fields array",0
gson/src/main/java/com/google/gson/internal/bind/JsonTreeReader.java,5,2,30,34,316,57,26,57,20,20,1,46,6,gson,https://github.com/google/gson.git,1039427ff0100293dd3cf967a53a55282c0fef6b,18cf79aad1474c82bf2b775af2f7ed1023a6a76b,"Add nesting limit for `JsonReader` (#2588)  * Add nesting limit for `JsonReader`  For now don't expose this as additional GsonBuilder method assuming that the default nesting limit is high enough for most users. Otherwise users can first obtain a JsonReader from `Gson.newJsonReader` and then set a custom nesting limit.  * Ignore nesting limit for `JsonTreeReader`  See comment in JsonTreeReaderTest for the rationale  * Fix formatting  * Add concrete example to nesting limit Javadoc  * Add comment about location being slightly incorrect",1
gson/src/main/java/com/google/gson/stream/JsonReader.java,25,1,37,89,1171,434,94,243,54,57,22,344,5,gson,https://github.com/google/gson.git,1039427ff0100293dd3cf967a53a55282c0fef6b,18cf79aad1474c82bf2b775af2f7ed1023a6a76b,"Add nesting limit for `JsonReader` (#2588)  * Add nesting limit for `JsonReader`  For now don't expose this as additional GsonBuilder method assuming that the default nesting limit is high enough for most users. Otherwise users can first obtain a JsonReader from `Gson.newJsonReader` and then set a custom nesting limit.  * Ignore nesting limit for `JsonTreeReader`  See comment in JsonTreeReaderTest for the rationale  * Fix formatting  * Add concrete example to nesting limit Javadoc  * Add comment about location being slightly incorrect",1
gson/src/main/java/com/google/gson/internal/$Gson$Types.java,15,2,31,103,466,143,71,120,57,57,7,89,7,gson,https://github.com/google/gson.git,e8cdabf296cd4c2c1550ed76cf27a1a8e0c4ec59,3621e51e0390d48062f80bb5677a46bc06bb0af8,Fix typeArguments array not being cloned when resolving ParameterizedType with changed owner (#2706),1
proto/src/main/java/com/google/gson/protobuf/ProtoTypeAdapter.java,3,2,40,78,263,131,20,38,10,14,7,59,8,gson,https://github.com/google/gson.git,3621e51e0390d48062f80bb5677a46bc06bb0af8,3621e51e0390d48062f80bb5677a46bc06bb0af8,"Allow reading `json_name` field option for proto serialization (#2701)  * Change the parameters for the `getCustSerializedName(FieldDescriptor)` method  In the other commits in this PR, I plan to introduce branching logic inside of the customization of the serialized name for fields. This change is a pure refactor that serves to isolate the business logic into a separate commit so as to make it easier to understand.  * Allow reading `json_name` field option for proto serialization  * Add tests for reading `json_name` field option  * Add some metadata to Javadoc according to contributing guidelines  * Remove @author annotation in Javadoc  * Update branch based on PR feedback on GitHub  * Update copyright year on test file",0
gson/src/main/java/com/google/gson/stream/JsonWriter.java,21,2,39,92,397,138,45,61,13,19,5,61,5,gson,https://github.com/google/gson.git,d4d6744f8c225709e1adcc38eaae4e968c476125,d4d6744f8c225709e1adcc38eaae4e968c476125,"Improve `JsonWriter#value(Number)` performance (#2702)  * Improve `JsonWriter#value(Number)` performance  For JDK number types other than `Float` and `Double` there is no need to check if the number string is NaN or Infinity.  * Refactor boolean expression",0
test-jpms/src/main/java/module-info.java,0,1,0,0,1,4,0,0,0,0,0,0,1,gson,https://github.com/google/gson.git,3e599c8fdbbd82472ad6dcedb735ea25237e7f5d,3e599c8fdbbd82472ad6dcedb735ea25237e7f5d,"Rename Maven integration test modules (#2691)  The new naming scheme `test-...` groups the modules in the file system and the IDE and therefore hopefully makes it easier to quickly see which modules are integration tests.",0
test-shrinker/src/main/java/com/example/ClassWithAdapter.java,0,2,7,9,37,2,2,3,1,2,0,3,4,gson,https://github.com/google/gson.git,3e599c8fdbbd82472ad6dcedb735ea25237e7f5d,3e599c8fdbbd82472ad6dcedb735ea25237e7f5d,"Rename Maven integration test modules (#2691)  The new naming scheme `test-...` groups the modules in the file system and the IDE and therefore hopefully makes it easier to quickly see which modules are integration tests.",0
test-shrinker/src/main/java/com/example/ClassWithExposeAnnotation.java,0,1,1,0,6,0,0,0,0,0,0,0,1,gson,https://github.com/google/gson.git,3e599c8fdbbd82472ad6dcedb735ea25237e7f5d,3e599c8fdbbd82472ad6dcedb735ea25237e7f5d,"Rename Maven integration test modules (#2691)  The new naming scheme `test-...` groups the modules in the file system and the IDE and therefore hopefully makes it easier to quickly see which modules are integration tests.",0
test-shrinker/src/main/java/com/example/ClassWithHasArgsConstructor.java,0,1,1,0,9,0,0,1,0,1,0,1,2,gson,https://github.com/google/gson.git,3e599c8fdbbd82472ad6dcedb735ea25237e7f5d,3e599c8fdbbd82472ad6dcedb735ea25237e7f5d,"Rename Maven integration test modules (#2691)  The new naming scheme `test-...` groups the modules in the file system and the IDE and therefore hopefully makes it easier to quickly see which modules are integration tests.",0
test-shrinker/src/main/java/com/example/ClassWithJsonAdapterAnnotation.java,4,2,25,9,107,18,7,6,6,6,0,12,5,gson,https://github.com/google/gson.git,3e599c8fdbbd82472ad6dcedb735ea25237e7f5d,3e599c8fdbbd82472ad6dcedb735ea25237e7f5d,"Rename Maven integration test modules (#2691)  The new naming scheme `test-...` groups the modules in the file system and the IDE and therefore hopefully makes it easier to quickly see which modules are integration tests.",0
test-shrinker/src/main/java/com/example/ClassWithNamedFields.java,0,1,0,0,8,0,0,1,0,1,0,2,2,gson,https://github.com/google/gson.git,3e599c8fdbbd82472ad6dcedb735ea25237e7f5d,3e599c8fdbbd82472ad6dcedb735ea25237e7f5d,"Rename Maven integration test modules (#2691)  The new naming scheme `test-...` groups the modules in the file system and the IDE and therefore hopefully makes it easier to quickly see which modules are integration tests.",0
test-shrinker/src/main/java/com/example/ClassWithNoArgsConstructor.java,0,1,1,0,9,0,0,1,0,1,0,1,2,gson,https://github.com/google/gson.git,3e599c8fdbbd82472ad6dcedb735ea25237e7f5d,3e599c8fdbbd82472ad6dcedb735ea25237e7f5d,"Rename Maven integration test modules (#2691)  The new naming scheme `test-...` groups the modules in the file system and the IDE and therefore hopefully makes it easier to quickly see which modules are integration tests.",0
test-shrinker/src/main/java/com/example/ClassWithSerializedName.java,0,1,1,0,11,0,0,1,0,1,0,2,2,gson,https://github.com/google/gson.git,3e599c8fdbbd82472ad6dcedb735ea25237e7f5d,3e599c8fdbbd82472ad6dcedb735ea25237e7f5d,"Rename Maven integration test modules (#2691)  The new naming scheme `test-...` groups the modules in the file system and the IDE and therefore hopefully makes it easier to quickly see which modules are integration tests.",0
test-shrinker/src/main/java/com/example/ClassWithUnreferencedHasArgsConstructor.java,0,1,1,0,9,0,0,1,0,1,0,1,2,gson,https://github.com/google/gson.git,3e599c8fdbbd82472ad6dcedb735ea25237e7f5d,3e599c8fdbbd82472ad6dcedb735ea25237e7f5d,"Rename Maven integration test modules (#2691)  The new naming scheme `test-...` groups the modules in the file system and the IDE and therefore hopefully makes it easier to quickly see which modules are integration tests.",0
test-shrinker/src/main/java/com/example/ClassWithUnreferencedNoArgsConstructor.java,0,1,1,0,9,0,0,1,0,1,0,1,2,gson,https://github.com/google/gson.git,3e599c8fdbbd82472ad6dcedb735ea25237e7f5d,3e599c8fdbbd82472ad6dcedb735ea25237e7f5d,"Rename Maven integration test modules (#2691)  The new naming scheme `test-...` groups the modules in the file system and the IDE and therefore hopefully makes it easier to quickly see which modules are integration tests.",0
test-shrinker/src/main/java/com/example/ClassWithVersionAnnotations.java,2,1,2,2,13,0,0,0,0,0,0,0,1,gson,https://github.com/google/gson.git,3e599c8fdbbd82472ad6dcedb735ea25237e7f5d,3e599c8fdbbd82472ad6dcedb735ea25237e7f5d,"Rename Maven integration test modules (#2691)  The new naming scheme `test-...` groups the modules in the file system and the IDE and therefore hopefully makes it easier to quickly see which modules are integration tests.",0
test-shrinker/src/main/java/com/example/EnumClass.java,0,1,0,0,5,0,0,0,0,0,0,0,1,gson,https://github.com/google/gson.git,3e599c8fdbbd82472ad6dcedb735ea25237e7f5d,3e599c8fdbbd82472ad6dcedb735ea25237e7f5d,"Rename Maven integration test modules (#2691)  The new naming scheme `test-...` groups the modules in the file system and the IDE and therefore hopefully makes it easier to quickly see which modules are integration tests.",0
test-shrinker/src/main/java/com/example/EnumClassWithSerializedName.java,0,1,1,0,8,0,0,0,0,0,0,0,1,gson,https://github.com/google/gson.git,3e599c8fdbbd82472ad6dcedb735ea25237e7f5d,3e599c8fdbbd82472ad6dcedb735ea25237e7f5d,"Rename Maven integration test modules (#2691)  The new naming scheme `test-...` groups the modules in the file system and the IDE and therefore hopefully makes it easier to quickly see which modules are integration tests.",0
test-shrinker/src/main/java/com/example/GenericClasses.java,0,2,8,1,55,10,5,5,5,5,0,4,4,gson,https://github.com/google/gson.git,3e599c8fdbbd82472ad6dcedb735ea25237e7f5d,3e599c8fdbbd82472ad6dcedb735ea25237e7f5d,"Rename Maven integration test modules (#2691)  The new naming scheme `test-...` groups the modules in the file system and the IDE and therefore hopefully makes it easier to quickly see which modules are integration tests.",0
test-shrinker/src/main/java/com/example/Main.java,40,1,34,82,238,81,13,18,18,18,0,26,4,gson,https://github.com/google/gson.git,3e599c8fdbbd82472ad6dcedb735ea25237e7f5d,3e599c8fdbbd82472ad6dcedb735ea25237e7f5d,"Rename Maven integration test modules (#2691)  The new naming scheme `test-...` groups the modules in the file system and the IDE and therefore hopefully makes it easier to quickly see which modules are integration tests.",0
test-shrinker/src/main/java/com/example/NoSerializedNameMain.java,3,1,6,8,35,0,3,5,2,5,0,5,3,gson,https://github.com/google/gson.git,3e599c8fdbbd82472ad6dcedb735ea25237e7f5d,3e599c8fdbbd82472ad6dcedb735ea25237e7f5d,"Rename Maven integration test modules (#2691)  The new naming scheme `test-...` groups the modules in the file system and the IDE and therefore hopefully makes it easier to quickly see which modules are integration tests.",0
test-shrinker/src/main/java/com/example/UnusedClass.java,0,1,1,0,7,2,0,1,0,1,0,0,2,gson,https://github.com/google/gson.git,3e599c8fdbbd82472ad6dcedb735ea25237e7f5d,3e599c8fdbbd82472ad6dcedb735ea25237e7f5d,"Rename Maven integration test modules (#2691)  The new naming scheme `test-...` groups the modules in the file system and the IDE and therefore hopefully makes it easier to quickly see which modules are integration tests.",0
gson/src/main/java/com/google/gson/ToNumberPolicy.java,3,1,10,13,54,0,5,4,0,0,0,3,6,gson,https://github.com/google/gson.git,454a49127f9416f45221eecf311eefdca50e4cdc,570d91194e223132982d56b6fa499af15fd7b1ea,"Improved Long-Double Number Policy (#2674)  * Improved Long-Double Number Policy  The Parsing of a Double value was always executing a `Long.parseLong(value)`, which generated a `NumberFormatException`.  Identifying that a Number is a Double or a Long can be easily achieve (in a naive way) looking for the decimal separator.  This simple change avoids the extra `NumberFormatException`  A simple JUnit test, parsing a `Long` or a `Double` 10K times shows the next values:  * Double (old parsing): ~42 ms * Double (new parsing): ~6 ms * Long (old parsing): ~7 ms * Long (new parsing): ~7 ms  As we can see, the parsing for `Long` values stays the same (±1ms), while the parsing for `Double` is dramatically improved.  Reducing the number of exceptions also has a positive side effect in memory consumption.  * Replace `contains(""."")` by `indexOf('.') >= 0`  The usage of `indexOf(char)` is slightly faster  * Rename exception variables",1
gson/src/main/java/com/google/gson/stream/JsonReader.java,25,1,37,89,1171,434,94,243,54,57,22,344,5,gson,https://github.com/google/gson.git,749d22f3690cde1f538f23228e48167d71725f4d,e838516c1ed0865623384ad308006c99c04607e8,Fix a Yoda condition to placate Error Prone. (#2673),1
metrics/src/main/java/com/google/gson/metrics/ParseBenchmark.java,3,1,56,61,403,40,14,21,10,12,5,23,5,gson,https://github.com/google/gson.git,18b08922537c16b0de1d503c82307d613aae0138,d32aca16eac0aab8f3b8e68193d316d8822e928e,"Bump the maven group with 11 updates (#2660)  * Bump the maven group with 11 updates  Bumps the maven group with 11 updates:  | Package | From | To | | --- | --- | --- | | [com.google.errorprone:error_prone_core](https://github.com/google/error-prone) | `2.25.0` | `2.26.1` | | [org.apache.maven.plugins:maven-compiler-plugin](https://github.com/apache/maven-compiler-plugin) | `3.12.1` | `3.13.0` | | [org.apache.maven.plugins:maven-gpg-plugin](https://github.com/apache/maven-gpg-plugin) | `3.1.0` | `3.2.2` | | [com.github.siom79.japicmp:japicmp-maven-plugin](https://github.com/siom79/japicmp) | `0.18.5` | `0.20.0` | | [com.google.errorprone:error_prone_annotations](https://github.com/google/error-prone) | `2.25.0` | `2.26.1` | | [com.google.guava:guava-testlib](https://github.com/google/guava) | `33.0.0-jre` | `33.1.0-jre` | | [org.moditect:moditect-maven-plugin](https://github.com/moditect/moditect) | `1.1.0` | `1.2.1.Final` | | com.android.tools:r8 | `8.2.47` | `8.3.37` | | [com.fasterxml.jackson.core:jackson-databind](https://github.com/FasterXML/jackson) | `2.16.1` | `2.17.0` | | [com.google.protobuf:protobuf-java](https://github.com/protocolbuffers/protobuf) | `3.25.3` | `4.26.1` | | [com.google.guava:guava](https://github.com/google/guava) | `33.0.0-jre` | `33.1.0-jre` |   Updates `com.google.errorprone:error_prone_core` from 2.25.0 to 2.26.1 - [Release notes](https://github.com/google/error-prone/releases) - [Commits](https://github.com/google/error-prone/compare/v2.25.0...v2.26.1)  Updates `org.apache.maven.plugins:maven-compiler-plugin` from 3.12.1 to 3.13.0 - [Release notes](https://github.com/apache/maven-compiler-plugin/releases) - [Commits](https://github.com/apache/maven-compiler-plugin/compare/maven-compiler-plugin-3.12.1...maven-compiler-plugin-3.13.0)  Updates `org.apache.maven.plugins:maven-gpg-plugin` from 3.1.0 to 3.2.2 - [Release notes](https://github.com/apache/maven-gpg-plugin/releases) - [Commits](https://github.com/apache/maven-gpg-plugin/compare/maven-gpg-plugin-3.1.0...maven-gpg-plugin-3.2.2)  Updates `com.github.siom79.japicmp:japicmp-maven-plugin` from 0.18.5 to 0.20.0 - [Release notes](https://github.com/siom79/japicmp/releases) - [Changelog](https://github.com/siom79/japicmp/blob/master/release.py) - [Commits](https://github.com/siom79/japicmp/compare/japicmp-base-0.18.5...japicmp-base-0.20.0)  Updates `com.google.errorprone:error_prone_annotations` from 2.25.0 to 2.26.1 - [Release notes](https://github.com/google/error-prone/releases) - [Commits](https://github.com/google/error-prone/compare/v2.25.0...v2.26.1)  Updates `com.google.guava:guava-testlib` from 33.0.0-jre to 33.1.0-jre - [Release notes](https://github.com/google/guava/releases) - [Commits](https://github.com/google/guava/commits)  Updates `org.moditect:moditect-maven-plugin` from 1.1.0 to 1.2.1.Final - [Release notes](https://github.com/moditect/moditect/releases) - [Commits](https://github.com/moditect/moditect/compare/1.1.0...1.2.1.Final)  Updates `com.android.tools:r8` from 8.2.47 to 8.3.37  Updates `com.fasterxml.jackson.core:jackson-databind` from 2.16.1 to 2.17.0 - [Commits](https://github.com/FasterXML/jackson/commits)  Updates `com.google.protobuf:protobuf-java` from 3.25.3 to 4.26.1 - [Release notes](https://github.com/protocolbuffers/protobuf/releases) - [Changelog](https://github.com/protocolbuffers/protobuf/blob/main/protobuf_release.bzl) - [Commits](https://github.com/protocolbuffers/protobuf/commits)  Updates `com.google.guava:guava` from 33.0.0-jre to 33.1.0-jre - [Release notes](https://github.com/google/guava/releases) - [Commits](https://github.com/google/guava/commits)  --- updated-dependencies: - dependency-name: com.google.errorprone:error_prone_core   dependency-type: direct:production   update-type: version-update:semver-minor   dependency-group: maven - dependency-name: org.apache.maven.plugins:maven-compiler-plugin   dependency-type: direct:production   update-type: version-update:semver-minor   dependency-group: maven - dependency-name: org.apache.maven.plugins:maven-gpg-plugin   dependency-type: direct:production   update-type: version-update:semver-minor   dependency-group: maven - dependency-name: com.github.siom79.japicmp:japicmp-maven-plugin   dependency-type: direct:production   update-type: version-update:semver-minor   dependency-group: maven - dependency-name: com.google.errorprone:error_prone_annotations   dependency-type: direct:production   update-type: version-update:semver-minor   dependency-group: maven - dependency-name: com.google.guava:guava-testlib   dependency-type: direct:development   update-type: version-update:semver-minor   dependency-group: maven - dependency-name: org.moditect:moditect-maven-plugin   dependency-type: direct:production   update-type: version-update:semver-minor   dependency-group: maven - dependency-name: com.android.tools:r8   dependency-type: direct:production   update-type: version-update:semver-minor   dependency-group: maven - dependency-name: com.fasterxml.jackson.core:jackson-databind   dependency-type: direct:production   update-type: version-update:semver-minor   dependency-group: maven - dependency-name: com.google.protobuf:protobuf-java   dependency-type: direct:production   update-type: version-update:semver-major   dependency-group: maven - dependency-name: com.google.guava:guava   dependency-type: direct:production   update-type: version-update:semver-minor   dependency-group: maven ...  Signed-off-by: dependabot[bot] <support@github.com>  * Fix a Jackson deprecation warning.  * Update to proto 4.26.1. (#2662)  Use `GeneratedMessage` rather than `GeneratedMessageV3` in proto tests. [Proto v26.0] made a number of incompatible API changes, including changing the base class for generated proto message code.  ---------  Signed-off-by: dependabot[bot] <support@github.com> Co-authored-by: dependabot[bot] <49699333+dependabot[bot]@users.noreply.github.com> Co-authored-by: Éamonn McManus <emcmanus@google.com>",1
gson/src/main/java/com/google/gson/JsonParser.java,7,1,19,21,63,28,8,10,1,1,1,20,4,gson,https://github.com/google/gson.git,20eea1e0f3b22c4a9fedad6852aa8301939b8c75,20eea1e0f3b22c4a9fedad6852aa8301939b8c75,"Add examples to the `JsonParser` documentation (#2647)  * Add examples to the `JsonParser` documentation  (#1972)  * Add examples of the three parse functions of `JsonParser`  * Improve `JsonReader` documentation (#2647)  * Change the filename parsed by`FileReader` and include the charset.  * Remove unnecessary catch clauses.  * Adjust the documentation format.  * Include information about the parsing mode.",0
gson/src/main/java/com/google/gson/GsonBuilder.java,31,1,53,82,359,214,61,52,35,35,1,88,4,gson,https://github.com/google/gson.git,ee61e3f020351f0498dd3ff8f8386b96454a4dfe,13be1d104d5a5d39a93ff8202de4e75adbfc40f6,"Add Troubleshooting Guide entry for custom adapter not being used (#2619)  * Add Troubleshooting Guide entry for custom adapter being unused  * Extend documentation  * Fix line endings  * Mention missing adapter in case of ""Expected BEGIN_OBJECT ..."" exception",1
gson/src/main/java/com/google/gson/Gson.java,33,2,86,195,682,479,82,83,27,27,5,112,5,gson,https://github.com/google/gson.git,13be1d104d5a5d39a93ff8202de4e75adbfc40f6,df0165b1bc125ceca97eae5749122ff206bb4c04,"Fix `GsonBuilder.setDateFormat` ignoring partial DEFAULT; deprecate `setDateFormat(int)` (#2556)  * Fix `GsonBuilder.setDateFormat` ignoring partial DEFAULT; deprecate `setDateFormat(int)`  * Remove date format methods not used by main code  * Adjust example",1
gson/src/main/java/com/google/gson/GsonBuilder.java,31,1,53,82,358,214,61,52,35,35,1,88,4,gson,https://github.com/google/gson.git,13be1d104d5a5d39a93ff8202de4e75adbfc40f6,df0165b1bc125ceca97eae5749122ff206bb4c04,"Fix `GsonBuilder.setDateFormat` ignoring partial DEFAULT; deprecate `setDateFormat(int)` (#2556)  * Fix `GsonBuilder.setDateFormat` ignoring partial DEFAULT; deprecate `setDateFormat(int)`  * Remove date format methods not used by main code  * Adjust example",1
gson/src/main/java/com/google/gson/internal/PreJava9DateFormatProvider.java,2,1,8,2,56,0,13,9,6,6,0,1,3,gson,https://github.com/google/gson.git,13be1d104d5a5d39a93ff8202de4e75adbfc40f6,df0165b1bc125ceca97eae5749122ff206bb4c04,"Fix `GsonBuilder.setDateFormat` ignoring partial DEFAULT; deprecate `setDateFormat(int)` (#2556)  * Fix `GsonBuilder.setDateFormat` ignoring partial DEFAULT; deprecate `setDateFormat(int)`  * Remove date format methods not used by main code  * Adjust example",1
gson/src/main/java/com/google/gson/internal/bind/DefaultDateTypeAdapter.java,16,2,27,44,152,55,15,25,14,14,1,14,5,gson,https://github.com/google/gson.git,13be1d104d5a5d39a93ff8202de4e75adbfc40f6,df0165b1bc125ceca97eae5749122ff206bb4c04,"Fix `GsonBuilder.setDateFormat` ignoring partial DEFAULT; deprecate `setDateFormat(int)` (#2556)  * Fix `GsonBuilder.setDateFormat` ignoring partial DEFAULT; deprecate `setDateFormat(int)`  * Remove date format methods not used by main code  * Adjust example",1
gson/src/main/java/com/google/gson/JsonPrimitive.java,17,2,9,47,163,14,37,40,24,24,0,11,3,gson,https://github.com/google/gson.git,db61bb07f04512b6fc21a5ce4d2b7cd380a1e7fc,29ea3198f4adc7dc7cd9b670a0da71e0b43feeee,"Adds support to `BigDecimal` in `JsonPrimitive#equals` (#2364)  * Adds support to `BigDecimal`  Adds to the JsonPrimitive#equals the possibility to support BigDecimal  * Adds test  Adds test to check if the equals work with BigDecimals. Code snippet from issue #904  * Implements review comments  Replaces the `.equals` method with the `compareTo` in the `JsonPrimitive#equals`  Change the ternary operator from `||` to `&&` so we are sure that both are `BigDecimal`  Implements tests  * Changes to follow the google-style-guide  * implements review comment  Co-authored-by: Marcono1234 <Marcono1234@users.noreply.github.com>  * Fixes the `OperatorPrecedence` warn  * Implements code improvements  - Extracts `thisAsDouble` & `otherAsDouble` variables to avoid double functions calls.  - Adds a comment to improve the code readability.  * Implements `BigDecimal` check in the `JsonPrimitive.equals()`  * Formats the code with `spotless:apply`  ---------  Co-authored-by: Marcono1234 <Marcono1234@users.noreply.github.com>",1
gson/src/main/java/com/google/gson/internal/$Gson$Types.java,14,2,31,102,466,144,71,120,57,57,7,89,7,gson,https://github.com/google/gson.git,11b273241250c3103a6ec52b45f792328f50479c,12406d04dc61817c9c7333da2b0f6705aa945fc2,"Fix $Gson$Types equals method for TypeVariable when its generic declaration is not a Class (#2599)  * Fix $Gson$Types equals method for TypeVariable when its generic declaration is not a Class  * Test $Gson$Types equals method with TypeVariable when its generic declaration is not a Class  * Add @SuppressWarnings in GsonTypesTest.java",1
gson/src/main/java/com/google/gson/internal/Excluder.java,2,1,20,32,189,52,34,41,16,18,3,31,5,gson,https://github.com/google/gson.git,46ab704221608fb6318d110f1b0c2abca73a9ea2,2032818ecb1a5d0932d4702ff36a8cc5b3bc20aa,"Support serializing anonymous and local class with custom adapter (#2498)  * Support serializing anonymous and local class with custom adapter  * Fix formatting and fix switched 'expected' and 'actual' in EnumTest  * Minor code improvements  ---------  Co-authored-by: Éamonn McManus <emcmanus@google.com>",1
gson/src/main/java/com/google/gson/internal/bind/ReflectiveTypeAdapterFactory.java,38,2,54,112,486,152,19,70,21,21,7,77,7,gson,https://github.com/google/gson.git,46ab704221608fb6318d110f1b0c2abca73a9ea2,2032818ecb1a5d0932d4702ff36a8cc5b3bc20aa,"Support serializing anonymous and local class with custom adapter (#2498)  * Support serializing anonymous and local class with custom adapter  * Fix formatting and fix switched 'expected' and 'actual' in EnumTest  * Minor code improvements  ---------  Co-authored-by: Éamonn McManus <emcmanus@google.com>",1
gson/src/main/java/com/google/gson/internal/reflect/ReflectionHelper.java,9,2,17,51,218,74,17,39,23,23,3,30,5,gson,https://github.com/google/gson.git,46ab704221608fb6318d110f1b0c2abca73a9ea2,2032818ecb1a5d0932d4702ff36a8cc5b3bc20aa,"Support serializing anonymous and local class with custom adapter (#2498)  * Support serializing anonymous and local class with custom adapter  * Fix formatting and fix switched 'expected' and 'actual' in EnumTest  * Minor code improvements  ---------  Co-authored-by: Éamonn McManus <emcmanus@google.com>",1
extras/src/main/java/com/google/gson/extras/examples/rawcollections/RawCollectionsExample.java,4,1,8,17,35,0,1,3,1,3,0,11,3,gson,https://github.com/google/gson.git,5187808233eff87bd2c8cc582d5ef545f755a5e5,2bcaaed875f98b367cc55e2b9c343e65553545a1,"Enable additional Error Prone checks & fix violations (#2561)  * Enable additional Error Prone checks & fix violations  Some of them also enforce additional Google Java Format requirements which are not handled by google-java-format, such as disallowing wildcard imports.  Not all experimental checks have been listed because some are not applicable, such as Dependency Injection framework checks, or checks related to Guava's immutable collections (since Gson's main code does not have a dependency on Guava).  Other checks have been omitted because they are probably not relevant (this was a subjective choice), or would require larger refactoring or would flag issues with the public API, which cannot be changed easily.  * Address review feedback  ---------  Co-authored-by: Éamonn McManus <emcmanus@google.com>",1
extras/src/main/java/com/google/gson/typeadapters/PostConstructAdapterFactory.java,0,2,12,13,55,23,3,9,2,2,2,6,5,gson,https://github.com/google/gson.git,5187808233eff87bd2c8cc582d5ef545f755a5e5,2bcaaed875f98b367cc55e2b9c343e65553545a1,"Enable additional Error Prone checks & fix violations (#2561)  * Enable additional Error Prone checks & fix violations  Some of them also enforce additional Google Java Format requirements which are not handled by google-java-format, such as disallowing wildcard imports.  Not all experimental checks have been listed because some are not applicable, such as Dependency Injection framework checks, or checks related to Guava's immutable collections (since Gson's main code does not have a dependency on Guava).  Other checks have been omitted because they are probably not relevant (this was a subjective choice), or would require larger refactoring or would flag issues with the public API, which cannot be changed easily.  * Address review feedback  ---------  Co-authored-by: Éamonn McManus <emcmanus@google.com>",1
extras/src/main/java/com/google/gson/typeadapters/UtcDateTypeAdapter.java,8,2,24,77,188,25,10,30,4,4,2,60,7,gson,https://github.com/google/gson.git,5187808233eff87bd2c8cc582d5ef545f755a5e5,2bcaaed875f98b367cc55e2b9c343e65553545a1,"Enable additional Error Prone checks & fix violations (#2561)  * Enable additional Error Prone checks & fix violations  Some of them also enforce additional Google Java Format requirements which are not handled by google-java-format, such as disallowing wildcard imports.  Not all experimental checks have been listed because some are not applicable, such as Dependency Injection framework checks, or checks related to Guava's immutable collections (since Gson's main code does not have a dependency on Guava).  Other checks have been omitted because they are probably not relevant (this was a subjective choice), or would require larger refactoring or would flag issues with the public API, which cannot be changed easily.  * Address review feedback  ---------  Co-authored-by: Éamonn McManus <emcmanus@google.com>",1
gson/src/main/java/com/google/gson/Gson.java,33,2,86,195,682,479,82,83,27,27,5,112,5,gson,https://github.com/google/gson.git,5187808233eff87bd2c8cc582d5ef545f755a5e5,2bcaaed875f98b367cc55e2b9c343e65553545a1,"Enable additional Error Prone checks & fix violations (#2561)  * Enable additional Error Prone checks & fix violations  Some of them also enforce additional Google Java Format requirements which are not handled by google-java-format, such as disallowing wildcard imports.  Not all experimental checks have been listed because some are not applicable, such as Dependency Injection framework checks, or checks related to Guava's immutable collections (since Gson's main code does not have a dependency on Guava).  Other checks have been omitted because they are probably not relevant (this was a subjective choice), or would require larger refactoring or would flag issues with the public API, which cannot be changed easily.  * Address review feedback  ---------  Co-authored-by: Éamonn McManus <emcmanus@google.com>",1
gson/src/main/java/com/google/gson/GsonBuilder.java,31,1,53,82,358,214,61,52,35,35,1,88,4,gson,https://github.com/google/gson.git,5187808233eff87bd2c8cc582d5ef545f755a5e5,2bcaaed875f98b367cc55e2b9c343e65553545a1,"Enable additional Error Prone checks & fix violations (#2561)  * Enable additional Error Prone checks & fix violations  Some of them also enforce additional Google Java Format requirements which are not handled by google-java-format, such as disallowing wildcard imports.  Not all experimental checks have been listed because some are not applicable, such as Dependency Injection framework checks, or checks related to Guava's immutable collections (since Gson's main code does not have a dependency on Guava).  Other checks have been omitted because they are probably not relevant (this was a subjective choice), or would require larger refactoring or would flag issues with the public API, which cannot be changed easily.  * Address review feedback  ---------  Co-authored-by: Éamonn McManus <emcmanus@google.com>",1
gson/src/main/java/com/google/gson/JsonPrimitive.java,17,2,9,47,163,14,37,40,24,24,0,11,3,gson,https://github.com/google/gson.git,5187808233eff87bd2c8cc582d5ef545f755a5e5,2bcaaed875f98b367cc55e2b9c343e65553545a1,"Enable additional Error Prone checks & fix violations (#2561)  * Enable additional Error Prone checks & fix violations  Some of them also enforce additional Google Java Format requirements which are not handled by google-java-format, such as disallowing wildcard imports.  Not all experimental checks have been listed because some are not applicable, such as Dependency Injection framework checks, or checks related to Guava's immutable collections (since Gson's main code does not have a dependency on Guava).  Other checks have been omitted because they are probably not relevant (this was a subjective choice), or would require larger refactoring or would flag issues with the public API, which cannot be changed easily.  * Address review feedback  ---------  Co-authored-by: Éamonn McManus <emcmanus@google.com>",1
gson/src/main/java/com/google/gson/TypeAdapter.java,2,2,26,33,73,90,20,14,5,5,0,20,5,gson,https://github.com/google/gson.git,5187808233eff87bd2c8cc582d5ef545f755a5e5,2bcaaed875f98b367cc55e2b9c343e65553545a1,"Enable additional Error Prone checks & fix violations (#2561)  * Enable additional Error Prone checks & fix violations  Some of them also enforce additional Google Java Format requirements which are not handled by google-java-format, such as disallowing wildcard imports.  Not all experimental checks have been listed because some are not applicable, such as Dependency Injection framework checks, or checks related to Guava's immutable collections (since Gson's main code does not have a dependency on Guava).  Other checks have been omitted because they are probably not relevant (this was a subjective choice), or would require larger refactoring or would flag issues with the public API, which cannot be changed easily.  * Address review feedback  ---------  Co-authored-by: Éamonn McManus <emcmanus@google.com>",1
gson/src/main/java/com/google/gson/internal/Excluder.java,2,1,20,32,189,52,34,41,16,18,3,31,5,gson,https://github.com/google/gson.git,5187808233eff87bd2c8cc582d5ef545f755a5e5,2bcaaed875f98b367cc55e2b9c343e65553545a1,"Enable additional Error Prone checks & fix violations (#2561)  * Enable additional Error Prone checks & fix violations  Some of them also enforce additional Google Java Format requirements which are not handled by google-java-format, such as disallowing wildcard imports.  Not all experimental checks have been listed because some are not applicable, such as Dependency Injection framework checks, or checks related to Guava's immutable collections (since Gson's main code does not have a dependency on Guava).  Other checks have been omitted because they are probably not relevant (this was a subjective choice), or would require larger refactoring or would flag issues with the public API, which cannot be changed easily.  * Address review feedback  ---------  Co-authored-by: Éamonn McManus <emcmanus@google.com>",1
gson/src/main/java/com/google/gson/internal/JavaVersion.java,5,1,1,10,54,6,12,14,7,7,1,9,5,gson,https://github.com/google/gson.git,5187808233eff87bd2c8cc582d5ef545f755a5e5,2bcaaed875f98b367cc55e2b9c343e65553545a1,"Enable additional Error Prone checks & fix violations (#2561)  * Enable additional Error Prone checks & fix violations  Some of them also enforce additional Google Java Format requirements which are not handled by google-java-format, such as disallowing wildcard imports.  Not all experimental checks have been listed because some are not applicable, such as Dependency Injection framework checks, or checks related to Guava's immutable collections (since Gson's main code does not have a dependency on Guava).  Other checks have been omitted because they are probably not relevant (this was a subjective choice), or would require larger refactoring or would flag issues with the public API, which cannot be changed easily.  * Address review feedback  ---------  Co-authored-by: Éamonn McManus <emcmanus@google.com>",1
gson/src/main/java/com/google/gson/internal/JsonReaderInternalAccess.java,0,1,2,0,7,0,0,0,0,0,0,0,1,gson,https://github.com/google/gson.git,5187808233eff87bd2c8cc582d5ef545f755a5e5,2bcaaed875f98b367cc55e2b9c343e65553545a1,"Enable additional Error Prone checks & fix violations (#2561)  * Enable additional Error Prone checks & fix violations  Some of them also enforce additional Google Java Format requirements which are not handled by google-java-format, such as disallowing wildcard imports.  Not all experimental checks have been listed because some are not applicable, such as Dependency Injection framework checks, or checks related to Guava's immutable collections (since Gson's main code does not have a dependency on Guava).  Other checks have been omitted because they are probably not relevant (this was a subjective choice), or would require larger refactoring or would flag issues with the public API, which cannot be changed easily.  * Address review feedback  ---------  Co-authored-by: Éamonn McManus <emcmanus@google.com>",1
gson/src/main/java/com/google/gson/internal/LinkedTreeMap.java,8,2,25,30,493,284,41,92,48,50,4,135,5,gson,https://github.com/google/gson.git,5187808233eff87bd2c8cc582d5ef545f755a5e5,2bcaaed875f98b367cc55e2b9c343e65553545a1,"Enable additional Error Prone checks & fix violations (#2561)  * Enable additional Error Prone checks & fix violations  Some of them also enforce additional Google Java Format requirements which are not handled by google-java-format, such as disallowing wildcard imports.  Not all experimental checks have been listed because some are not applicable, such as Dependency Injection framework checks, or checks related to Guava's immutable collections (since Gson's main code does not have a dependency on Guava).  Other checks have been omitted because they are probably not relevant (this was a subjective choice), or would require larger refactoring or would flag issues with the public API, which cannot be changed easily.  * Address review feedback  ---------  Co-authored-by: Éamonn McManus <emcmanus@google.com>",1
gson/src/main/java/com/google/gson/internal/NonNullElementWrapperList.java,1,2,7,17,84,15,15,19,18,18,0,1,3,gson,https://github.com/google/gson.git,5187808233eff87bd2c8cc582d5ef545f755a5e5,2bcaaed875f98b367cc55e2b9c343e65553545a1,"Enable additional Error Prone checks & fix violations (#2561)  * Enable additional Error Prone checks & fix violations  Some of them also enforce additional Google Java Format requirements which are not handled by google-java-format, such as disallowing wildcard imports.  Not all experimental checks have been listed because some are not applicable, such as Dependency Injection framework checks, or checks related to Guava's immutable collections (since Gson's main code does not have a dependency on Guava).  Other checks have been omitted because they are probably not relevant (this was a subjective choice), or would require larger refactoring or would flag issues with the public API, which cannot be changed easily.  * Address review feedback  ---------  Co-authored-by: Éamonn McManus <emcmanus@google.com>",1
gson/src/main/java/com/google/gson/internal/PreJava9DateFormatProvider.java,2,1,8,2,55,0,13,8,5,5,0,1,3,gson,https://github.com/google/gson.git,5187808233eff87bd2c8cc582d5ef545f755a5e5,2bcaaed875f98b367cc55e2b9c343e65553545a1,"Enable additional Error Prone checks & fix violations (#2561)  * Enable additional Error Prone checks & fix violations  Some of them also enforce additional Google Java Format requirements which are not handled by google-java-format, such as disallowing wildcard imports.  Not all experimental checks have been listed because some are not applicable, such as Dependency Injection framework checks, or checks related to Guava's immutable collections (since Gson's main code does not have a dependency on Guava).  Other checks have been omitted because they are probably not relevant (this was a subjective choice), or would require larger refactoring or would flag issues with the public API, which cannot be changed easily.  * Address review feedback  ---------  Co-authored-by: Éamonn McManus <emcmanus@google.com>",1
gson/src/main/java/com/google/gson/internal/Primitives.java,0,1,1,1,45,93,22,23,5,5,0,0,2,gson,https://github.com/google/gson.git,5187808233eff87bd2c8cc582d5ef545f755a5e5,2bcaaed875f98b367cc55e2b9c343e65553545a1,"Enable additional Error Prone checks & fix violations (#2561)  * Enable additional Error Prone checks & fix violations  Some of them also enforce additional Google Java Format requirements which are not handled by google-java-format, such as disallowing wildcard imports.  Not all experimental checks have been listed because some are not applicable, such as Dependency Injection framework checks, or checks related to Guava's immutable collections (since Gson's main code does not have a dependency on Guava).  Other checks have been omitted because they are probably not relevant (this was a subjective choice), or would require larger refactoring or would flag issues with the public API, which cannot be changed easily.  * Address review feedback  ---------  Co-authored-by: Éamonn McManus <emcmanus@google.com>",1
gson/src/main/java/com/google/gson/internal/Streams.java,3,2,23,10,107,2,11,15,7,9,0,8,5,gson,https://github.com/google/gson.git,5187808233eff87bd2c8cc582d5ef545f755a5e5,2bcaaed875f98b367cc55e2b9c343e65553545a1,"Enable additional Error Prone checks & fix violations (#2561)  * Enable additional Error Prone checks & fix violations  Some of them also enforce additional Google Java Format requirements which are not handled by google-java-format, such as disallowing wildcard imports.  Not all experimental checks have been listed because some are not applicable, such as Dependency Injection framework checks, or checks related to Guava's immutable collections (since Gson's main code does not have a dependency on Guava).  Other checks have been omitted because they are probably not relevant (this was a subjective choice), or would require larger refactoring or would flag issues with the public API, which cannot be changed easily.  * Address review feedback  ---------  Co-authored-by: Éamonn McManus <emcmanus@google.com>",1
gson/src/main/java/com/google/gson/internal/bind/DefaultDateTypeAdapter.java,16,2,27,44,152,55,15,25,14,14,1,14,5,gson,https://github.com/google/gson.git,5187808233eff87bd2c8cc582d5ef545f755a5e5,2bcaaed875f98b367cc55e2b9c343e65553545a1,"Enable additional Error Prone checks & fix violations (#2561)  * Enable additional Error Prone checks & fix violations  Some of them also enforce additional Google Java Format requirements which are not handled by google-java-format, such as disallowing wildcard imports.  Not all experimental checks have been listed because some are not applicable, such as Dependency Injection framework checks, or checks related to Guava's immutable collections (since Gson's main code does not have a dependency on Guava).  Other checks have been omitted because they are probably not relevant (this was a subjective choice), or would require larger refactoring or would flag issues with the public API, which cannot be changed easily.  * Address review feedback  ---------  Co-authored-by: Éamonn McManus <emcmanus@google.com>",1
gson/src/main/java/com/google/gson/internal/bind/JsonAdapterAnnotationTypeAdapterFactory.java,3,1,16,20,122,64,11,20,9,9,0,27,4,gson,https://github.com/google/gson.git,5187808233eff87bd2c8cc582d5ef545f755a5e5,2bcaaed875f98b367cc55e2b9c343e65553545a1,"Enable additional Error Prone checks & fix violations (#2561)  * Enable additional Error Prone checks & fix violations  Some of them also enforce additional Google Java Format requirements which are not handled by google-java-format, such as disallowing wildcard imports.  Not all experimental checks have been listed because some are not applicable, such as Dependency Injection framework checks, or checks related to Guava's immutable collections (since Gson's main code does not have a dependency on Guava).  Other checks have been omitted because they are probably not relevant (this was a subjective choice), or would require larger refactoring or would flag issues with the public API, which cannot be changed easily.  * Address review feedback  ---------  Co-authored-by: Éamonn McManus <emcmanus@google.com>",1
gson/src/main/java/com/google/gson/internal/bind/JsonTreeReader.java,5,2,30,34,316,57,26,57,20,20,1,46,6,gson,https://github.com/google/gson.git,5187808233eff87bd2c8cc582d5ef545f755a5e5,2bcaaed875f98b367cc55e2b9c343e65553545a1,"Enable additional Error Prone checks & fix violations (#2561)  * Enable additional Error Prone checks & fix violations  Some of them also enforce additional Google Java Format requirements which are not handled by google-java-format, such as disallowing wildcard imports.  Not all experimental checks have been listed because some are not applicable, such as Dependency Injection framework checks, or checks related to Guava's immutable collections (since Gson's main code does not have a dependency on Guava).  Other checks have been omitted because they are probably not relevant (this was a subjective choice), or would require larger refactoring or would flag issues with the public API, which cannot be changed easily.  * Address review feedback  ---------  Co-authored-by: Éamonn McManus <emcmanus@google.com>",1
gson/src/main/java/com/google/gson/internal/bind/JsonTreeWriter.java,7,2,39,26,202,12,18,27,7,8,0,15,4,gson,https://github.com/google/gson.git,5187808233eff87bd2c8cc582d5ef545f755a5e5,2bcaaed875f98b367cc55e2b9c343e65553545a1,"Enable additional Error Prone checks & fix violations (#2561)  * Enable additional Error Prone checks & fix violations  Some of them also enforce additional Google Java Format requirements which are not handled by google-java-format, such as disallowing wildcard imports.  Not all experimental checks have been listed because some are not applicable, such as Dependency Injection framework checks, or checks related to Guava's immutable collections (since Gson's main code does not have a dependency on Guava).  Other checks have been omitted because they are probably not relevant (this was a subjective choice), or would require larger refactoring or would flag issues with the public API, which cannot be changed easily.  * Address review feedback  ---------  Co-authored-by: Éamonn McManus <emcmanus@google.com>",1
gson/src/main/java/com/google/gson/internal/bind/ReflectiveTypeAdapterFactory.java,38,2,54,112,484,152,19,70,21,21,7,77,7,gson,https://github.com/google/gson.git,5187808233eff87bd2c8cc582d5ef545f755a5e5,2bcaaed875f98b367cc55e2b9c343e65553545a1,"Enable additional Error Prone checks & fix violations (#2561)  * Enable additional Error Prone checks & fix violations  Some of them also enforce additional Google Java Format requirements which are not handled by google-java-format, such as disallowing wildcard imports.  Not all experimental checks have been listed because some are not applicable, such as Dependency Injection framework checks, or checks related to Guava's immutable collections (since Gson's main code does not have a dependency on Guava).  Other checks have been omitted because they are probably not relevant (this was a subjective choice), or would require larger refactoring or would flag issues with the public API, which cannot be changed easily.  * Address review feedback  ---------  Co-authored-by: Éamonn McManus <emcmanus@google.com>",1
gson/src/main/java/com/google/gson/internal/bind/TypeAdapters.java,20,2,95,297,991,311,83,127,31,31,13,151,8,gson,https://github.com/google/gson.git,5187808233eff87bd2c8cc582d5ef545f755a5e5,2bcaaed875f98b367cc55e2b9c343e65553545a1,"Enable additional Error Prone checks & fix violations (#2561)  * Enable additional Error Prone checks & fix violations  Some of them also enforce additional Google Java Format requirements which are not handled by google-java-format, such as disallowing wildcard imports.  Not all experimental checks have been listed because some are not applicable, such as Dependency Injection framework checks, or checks related to Guava's immutable collections (since Gson's main code does not have a dependency on Guava).  Other checks have been omitted because they are probably not relevant (this was a subjective choice), or would require larger refactoring or would flag issues with the public API, which cannot be changed easily.  * Address review feedback  ---------  Co-authored-by: Éamonn McManus <emcmanus@google.com>",1
gson/src/main/java/com/google/gson/internal/bind/util/ISO8601Utils.java,9,1,18,91,210,36,15,37,8,8,3,76,8,gson,https://github.com/google/gson.git,5187808233eff87bd2c8cc582d5ef545f755a5e5,2bcaaed875f98b367cc55e2b9c343e65553545a1,"Enable additional Error Prone checks & fix violations (#2561)  * Enable additional Error Prone checks & fix violations  Some of them also enforce additional Google Java Format requirements which are not handled by google-java-format, such as disallowing wildcard imports.  Not all experimental checks have been listed because some are not applicable, such as Dependency Injection framework checks, or checks related to Guava's immutable collections (since Gson's main code does not have a dependency on Guava).  Other checks have been omitted because they are probably not relevant (this was a subjective choice), or would require larger refactoring or would flag issues with the public API, which cannot be changed easily.  * Address review feedback  ---------  Co-authored-by: Éamonn McManus <emcmanus@google.com>",1
gson/src/main/java/com/google/gson/stream/JsonReader.java,25,1,36,89,1165,432,94,243,54,57,22,343,5,gson,https://github.com/google/gson.git,5187808233eff87bd2c8cc582d5ef545f755a5e5,2bcaaed875f98b367cc55e2b9c343e65553545a1,"Enable additional Error Prone checks & fix violations (#2561)  * Enable additional Error Prone checks & fix violations  Some of them also enforce additional Google Java Format requirements which are not handled by google-java-format, such as disallowing wildcard imports.  Not all experimental checks have been listed because some are not applicable, such as Dependency Injection framework checks, or checks related to Guava's immutable collections (since Gson's main code does not have a dependency on Guava).  Other checks have been omitted because they are probably not relevant (this was a subjective choice), or would require larger refactoring or would flag issues with the public API, which cannot be changed easily.  * Address review feedback  ---------  Co-authored-by: Éamonn McManus <emcmanus@google.com>",1
gson/src/main/java/com/google/gson/stream/JsonScope.java,0,1,0,0,11,0,0,0,0,0,0,8,1,gson,https://github.com/google/gson.git,5187808233eff87bd2c8cc582d5ef545f755a5e5,2bcaaed875f98b367cc55e2b9c343e65553545a1,"Enable additional Error Prone checks & fix violations (#2561)  * Enable additional Error Prone checks & fix violations  Some of them also enforce additional Google Java Format requirements which are not handled by google-java-format, such as disallowing wildcard imports.  Not all experimental checks have been listed because some are not applicable, such as Dependency Injection framework checks, or checks related to Guava's immutable collections (since Gson's main code does not have a dependency on Guava).  Other checks have been omitted because they are probably not relevant (this was a subjective choice), or would require larger refactoring or would flag issues with the public API, which cannot be changed easily.  * Address review feedback  ---------  Co-authored-by: Éamonn McManus <emcmanus@google.com>",1
gson/src/main/java/com/google/gson/stream/JsonWriter.java,21,2,39,92,398,138,45,60,13,19,5,61,5,gson,https://github.com/google/gson.git,5187808233eff87bd2c8cc582d5ef545f755a5e5,2bcaaed875f98b367cc55e2b9c343e65553545a1,"Enable additional Error Prone checks & fix violations (#2561)  * Enable additional Error Prone checks & fix violations  Some of them also enforce additional Google Java Format requirements which are not handled by google-java-format, such as disallowing wildcard imports.  Not all experimental checks have been listed because some are not applicable, such as Dependency Injection framework checks, or checks related to Guava's immutable collections (since Gson's main code does not have a dependency on Guava).  Other checks have been omitted because they are probably not relevant (this was a subjective choice), or would require larger refactoring or would flag issues with the public API, which cannot be changed easily.  * Address review feedback  ---------  Co-authored-by: Éamonn McManus <emcmanus@google.com>",1
metrics/src/main/java/com/google/gson/metrics/NonUploadingCaliperRunner.java,2,1,1,2,17,3,2,3,2,2,0,3,4,gson,https://github.com/google/gson.git,5187808233eff87bd2c8cc582d5ef545f755a5e5,2bcaaed875f98b367cc55e2b9c343e65553545a1,"Enable additional Error Prone checks & fix violations (#2561)  * Enable additional Error Prone checks & fix violations  Some of them also enforce additional Google Java Format requirements which are not handled by google-java-format, such as disallowing wildcard imports.  Not all experimental checks have been listed because some are not applicable, such as Dependency Injection framework checks, or checks related to Guava's immutable collections (since Gson's main code does not have a dependency on Guava).  Other checks have been omitted because they are probably not relevant (this was a subjective choice), or would require larger refactoring or would flag issues with the public API, which cannot be changed easily.  * Address review feedback  ---------  Co-authored-by: Éamonn McManus <emcmanus@google.com>",1
metrics/src/main/java/com/google/gson/metrics/ParseBenchmark.java,3,1,54,64,404,40,14,21,10,12,5,23,5,gson,https://github.com/google/gson.git,5187808233eff87bd2c8cc582d5ef545f755a5e5,2bcaaed875f98b367cc55e2b9c343e65553545a1,"Enable additional Error Prone checks & fix violations (#2561)  * Enable additional Error Prone checks & fix violations  Some of them also enforce additional Google Java Format requirements which are not handled by google-java-format, such as disallowing wildcard imports.  Not all experimental checks have been listed because some are not applicable, such as Dependency Injection framework checks, or checks related to Guava's immutable collections (since Gson's main code does not have a dependency on Guava).  Other checks have been omitted because they are probably not relevant (this was a subjective choice), or would require larger refactoring or would flag issues with the public API, which cannot be changed easily.  * Address review feedback  ---------  Co-authored-by: Éamonn McManus <emcmanus@google.com>",1
proto/src/main/java/com/google/gson/protobuf/ProtoTypeAdapter.java,3,2,46,77,264,125,18,41,10,13,7,52,9,gson,https://github.com/google/gson.git,5187808233eff87bd2c8cc582d5ef545f755a5e5,2bcaaed875f98b367cc55e2b9c343e65553545a1,"Enable additional Error Prone checks & fix violations (#2561)  * Enable additional Error Prone checks & fix violations  Some of them also enforce additional Google Java Format requirements which are not handled by google-java-format, such as disallowing wildcard imports.  Not all experimental checks have been listed because some are not applicable, such as Dependency Injection framework checks, or checks related to Guava's immutable collections (since Gson's main code does not have a dependency on Guava).  Other checks have been omitted because they are probably not relevant (this was a subjective choice), or would require larger refactoring or would flag issues with the public API, which cannot be changed easily.  * Address review feedback  ---------  Co-authored-by: Éamonn McManus <emcmanus@google.com>",1
shrinker-test/src/main/java/com/example/GenericClasses.java,0,2,8,1,54,10,5,4,4,4,0,4,4,gson,https://github.com/google/gson.git,5187808233eff87bd2c8cc582d5ef545f755a5e5,2bcaaed875f98b367cc55e2b9c343e65553545a1,"Enable additional Error Prone checks & fix violations (#2561)  * Enable additional Error Prone checks & fix violations  Some of them also enforce additional Google Java Format requirements which are not handled by google-java-format, such as disallowing wildcard imports.  Not all experimental checks have been listed because some are not applicable, such as Dependency Injection framework checks, or checks related to Guava's immutable collections (since Gson's main code does not have a dependency on Guava).  Other checks have been omitted because they are probably not relevant (this was a subjective choice), or would require larger refactoring or would flag issues with the public API, which cannot be changed easily.  * Address review feedback  ---------  Co-authored-by: Éamonn McManus <emcmanus@google.com>",1
shrinker-test/src/main/java/com/example/Main.java,40,1,34,82,237,81,13,17,17,17,0,26,4,gson,https://github.com/google/gson.git,5187808233eff87bd2c8cc582d5ef545f755a5e5,2bcaaed875f98b367cc55e2b9c343e65553545a1,"Enable additional Error Prone checks & fix violations (#2561)  * Enable additional Error Prone checks & fix violations  Some of them also enforce additional Google Java Format requirements which are not handled by google-java-format, such as disallowing wildcard imports.  Not all experimental checks have been listed because some are not applicable, such as Dependency Injection framework checks, or checks related to Guava's immutable collections (since Gson's main code does not have a dependency on Guava).  Other checks have been omitted because they are probably not relevant (this was a subjective choice), or would require larger refactoring or would flag issues with the public API, which cannot be changed easily.  * Address review feedback  ---------  Co-authored-by: Éamonn McManus <emcmanus@google.com>",1
shrinker-test/src/main/java/com/example/NoSerializedNameMain.java,3,1,6,8,34,0,3,4,1,4,0,5,3,gson,https://github.com/google/gson.git,5187808233eff87bd2c8cc582d5ef545f755a5e5,2bcaaed875f98b367cc55e2b9c343e65553545a1,"Enable additional Error Prone checks & fix violations (#2561)  * Enable additional Error Prone checks & fix violations  Some of them also enforce additional Google Java Format requirements which are not handled by google-java-format, such as disallowing wildcard imports.  Not all experimental checks have been listed because some are not applicable, such as Dependency Injection framework checks, or checks related to Guava's immutable collections (since Gson's main code does not have a dependency on Guava).  Other checks have been omitted because they are probably not relevant (this was a subjective choice), or would require larger refactoring or would flag issues with the public API, which cannot be changed easily.  * Address review feedback  ---------  Co-authored-by: Éamonn McManus <emcmanus@google.com>",1
gson/src/main/java/com/google/gson/internal/bind/DefaultDateTypeAdapter.java,16,2,27,42,149,55,15,25,14,14,1,13,5,gson,https://github.com/google/gson.git,58d1a9f0eb396ff64a622532e2ba5c5c726165e6,5471932375be4bb0c27a8a1d38f9f4566d6da7db,"Fix DateFormat time zone is not restored and add Test. (#2549)  * Fix DateFormat time zone is not restored and add Test.  * delete the test and make sure mvn clean test -X can be SUCCESS  * delete the test and make sure mvn clean test -X can be SUCCESS  * add test  * restore the DateFormat time zone in SqlDateTypeAdapter and SqlTimeTypeAdapter  * Adjust the code according to the code review feedback.  * Adjust the code according to the code review feedback.  * Adjust the code according to the code review feedback.  * Adjust the Test  * fix Werror error  * Adjust the DefaultDateTypeAdapterTest according to the code review feedback.  ---------  Co-authored-by: Carpe-Wang <wangcarpe@126.com>",1
gson/src/main/java/com/google/gson/internal/sql/SqlDateTypeAdapter.java,0,2,17,11,59,13,4,6,3,3,0,5,4,gson,https://github.com/google/gson.git,58d1a9f0eb396ff64a622532e2ba5c5c726165e6,5471932375be4bb0c27a8a1d38f9f4566d6da7db,"Fix DateFormat time zone is not restored and add Test. (#2549)  * Fix DateFormat time zone is not restored and add Test.  * delete the test and make sure mvn clean test -X can be SUCCESS  * delete the test and make sure mvn clean test -X can be SUCCESS  * add test  * restore the DateFormat time zone in SqlDateTypeAdapter and SqlTimeTypeAdapter  * Adjust the code according to the code review feedback.  * Adjust the code according to the code review feedback.  * Adjust the code according to the code review feedback.  * Adjust the Test  * fix Werror error  * Adjust the DefaultDateTypeAdapterTest according to the code review feedback.  ---------  Co-authored-by: Carpe-Wang <wangcarpe@126.com>",1
gson/src/main/java/com/google/gson/internal/sql/SqlTimeTypeAdapter.java,0,2,19,10,59,13,4,6,3,3,0,5,4,gson,https://github.com/google/gson.git,58d1a9f0eb396ff64a622532e2ba5c5c726165e6,5471932375be4bb0c27a8a1d38f9f4566d6da7db,"Fix DateFormat time zone is not restored and add Test. (#2549)  * Fix DateFormat time zone is not restored and add Test.  * delete the test and make sure mvn clean test -X can be SUCCESS  * delete the test and make sure mvn clean test -X can be SUCCESS  * add test  * restore the DateFormat time zone in SqlDateTypeAdapter and SqlTimeTypeAdapter  * Adjust the code according to the code review feedback.  * Adjust the code according to the code review feedback.  * Adjust the code according to the code review feedback.  * Adjust the Test  * fix Werror error  * Adjust the DefaultDateTypeAdapterTest according to the code review feedback.  ---------  Co-authored-by: Carpe-Wang <wangcarpe@126.com>",1
examples/android-proguard-example/src/com/google/gson/examples/android/GsonProguardExampleActivity.java,1,2,12,23,35,4,1,2,2,2,0,6,4,gson,https://github.com/google/gson.git,08174e201980698a89f5f5996e10617d89ff09e1,66847264765180c849f945ca13704aa0eae79c58,"Perform minor code clean-up (#2544)  * Perform minor code clean-up  Notable changes: - Replace most usages of `<code>` with `{@code ...}` in Javadoc - Add proper summary sentence to `GsonBuilder.enableComplexMapKeySerialization` - Extend documentation for `GsonBuilder.setDateFormat` methods - Fix `TypeToken.isAssignableFrom(Type)` throwing AssertionError in some cases   Maybe the method should not throw an exception in the first place, but it   might not matter much since it is deprecated already anyway. - Remove outdated `throws NumberFormatException` from internal   `JsonReader.nextQuotedValue`; the behavior had been changed by   85ebaf7c3553a5d5c058fd6067824a7c5258d07f - Fix incorrect documentation on JsonScope fields - Fix unit tests having 'expected' and 'actual' switched - Use dedicated Truth methods instead of `isTrue()` / `isFalse()` - Use common helper methods in JsonWriterTest to avoid duplication  * Implement `toString()` for ReflectionAccessFilter constants  * Address most of the review comments  * Add comment about `source.scm.tag=HEAD` warning  Actually it looks like the warning is not actually caused by usage of `HEAD` as value, but rather because the project has a snapshot version during development (which is expected though), see https://github.com/apache/maven-artifact-plugin/blob/maven-artifact-plugin-3.5.0/src/main/java/org/apache/maven/plugins/artifact/buildinfo/BuildInfoWriter.java#L140  But this is not a problem either since during release a non-snapshot version is used.",1
gson/src/main/java/com/google/gson/Gson.java,33,2,86,195,682,503,82,83,27,27,5,112,5,gson,https://github.com/google/gson.git,08174e201980698a89f5f5996e10617d89ff09e1,66847264765180c849f945ca13704aa0eae79c58,"Perform minor code clean-up (#2544)  * Perform minor code clean-up  Notable changes: - Replace most usages of `<code>` with `{@code ...}` in Javadoc - Add proper summary sentence to `GsonBuilder.enableComplexMapKeySerialization` - Extend documentation for `GsonBuilder.setDateFormat` methods - Fix `TypeToken.isAssignableFrom(Type)` throwing AssertionError in some cases   Maybe the method should not throw an exception in the first place, but it   might not matter much since it is deprecated already anyway. - Remove outdated `throws NumberFormatException` from internal   `JsonReader.nextQuotedValue`; the behavior had been changed by   85ebaf7c3553a5d5c058fd6067824a7c5258d07f - Fix incorrect documentation on JsonScope fields - Fix unit tests having 'expected' and 'actual' switched - Use dedicated Truth methods instead of `isTrue()` / `isFalse()` - Use common helper methods in JsonWriterTest to avoid duplication  * Implement `toString()` for ReflectionAccessFilter constants  * Address most of the review comments  * Add comment about `source.scm.tag=HEAD` warning  Actually it looks like the warning is not actually caused by usage of `HEAD` as value, but rather because the project has a snapshot version during development (which is expected though), see https://github.com/apache/maven-artifact-plugin/blob/maven-artifact-plugin-3.5.0/src/main/java/org/apache/maven/plugins/artifact/buildinfo/BuildInfoWriter.java#L140  But this is not a problem either since during release a non-snapshot version is used.",1
gson/src/main/java/com/google/gson/GsonBuilder.java,31,1,53,82,358,214,61,52,35,35,1,88,4,gson,https://github.com/google/gson.git,08174e201980698a89f5f5996e10617d89ff09e1,66847264765180c849f945ca13704aa0eae79c58,"Perform minor code clean-up (#2544)  * Perform minor code clean-up  Notable changes: - Replace most usages of `<code>` with `{@code ...}` in Javadoc - Add proper summary sentence to `GsonBuilder.enableComplexMapKeySerialization` - Extend documentation for `GsonBuilder.setDateFormat` methods - Fix `TypeToken.isAssignableFrom(Type)` throwing AssertionError in some cases   Maybe the method should not throw an exception in the first place, but it   might not matter much since it is deprecated already anyway. - Remove outdated `throws NumberFormatException` from internal   `JsonReader.nextQuotedValue`; the behavior had been changed by   85ebaf7c3553a5d5c058fd6067824a7c5258d07f - Fix incorrect documentation on JsonScope fields - Fix unit tests having 'expected' and 'actual' switched - Use dedicated Truth methods instead of `isTrue()` / `isFalse()` - Use common helper methods in JsonWriterTest to avoid duplication  * Implement `toString()` for ReflectionAccessFilter constants  * Address most of the review comments  * Add comment about `source.scm.tag=HEAD` warning  Actually it looks like the warning is not actually caused by usage of `HEAD` as value, but rather because the project has a snapshot version during development (which is expected though), see https://github.com/apache/maven-artifact-plugin/blob/maven-artifact-plugin-3.5.0/src/main/java/org/apache/maven/plugins/artifact/buildinfo/BuildInfoWriter.java#L140  But this is not a problem either since during release a non-snapshot version is used.",1
gson/src/main/java/com/google/gson/ReflectionAccessFilter.java,4,1,6,4,48,62,5,8,8,8,0,5,3,gson,https://github.com/google/gson.git,08174e201980698a89f5f5996e10617d89ff09e1,66847264765180c849f945ca13704aa0eae79c58,"Perform minor code clean-up (#2544)  * Perform minor code clean-up  Notable changes: - Replace most usages of `<code>` with `{@code ...}` in Javadoc - Add proper summary sentence to `GsonBuilder.enableComplexMapKeySerialization` - Extend documentation for `GsonBuilder.setDateFormat` methods - Fix `TypeToken.isAssignableFrom(Type)` throwing AssertionError in some cases   Maybe the method should not throw an exception in the first place, but it   might not matter much since it is deprecated already anyway. - Remove outdated `throws NumberFormatException` from internal   `JsonReader.nextQuotedValue`; the behavior had been changed by   85ebaf7c3553a5d5c058fd6067824a7c5258d07f - Fix incorrect documentation on JsonScope fields - Fix unit tests having 'expected' and 'actual' switched - Use dedicated Truth methods instead of `isTrue()` / `isFalse()` - Use common helper methods in JsonWriterTest to avoid duplication  * Implement `toString()` for ReflectionAccessFilter constants  * Address most of the review comments  * Add comment about `source.scm.tag=HEAD` warning  Actually it looks like the warning is not actually caused by usage of `HEAD` as value, but rather because the project has a snapshot version during development (which is expected though), see https://github.com/apache/maven-artifact-plugin/blob/maven-artifact-plugin-3.5.0/src/main/java/org/apache/maven/plugins/artifact/buildinfo/BuildInfoWriter.java#L140  But this is not a problem either since during release a non-snapshot version is used.",1
gson/src/main/java/com/google/gson/TypeAdapter.java,2,2,26,33,73,98,20,14,5,5,0,20,5,gson,https://github.com/google/gson.git,08174e201980698a89f5f5996e10617d89ff09e1,66847264765180c849f945ca13704aa0eae79c58,"Perform minor code clean-up (#2544)  * Perform minor code clean-up  Notable changes: - Replace most usages of `<code>` with `{@code ...}` in Javadoc - Add proper summary sentence to `GsonBuilder.enableComplexMapKeySerialization` - Extend documentation for `GsonBuilder.setDateFormat` methods - Fix `TypeToken.isAssignableFrom(Type)` throwing AssertionError in some cases   Maybe the method should not throw an exception in the first place, but it   might not matter much since it is deprecated already anyway. - Remove outdated `throws NumberFormatException` from internal   `JsonReader.nextQuotedValue`; the behavior had been changed by   85ebaf7c3553a5d5c058fd6067824a7c5258d07f - Fix incorrect documentation on JsonScope fields - Fix unit tests having 'expected' and 'actual' switched - Use dedicated Truth methods instead of `isTrue()` / `isFalse()` - Use common helper methods in JsonWriterTest to avoid duplication  * Implement `toString()` for ReflectionAccessFilter constants  * Address most of the review comments  * Add comment about `source.scm.tag=HEAD` warning  Actually it looks like the warning is not actually caused by usage of `HEAD` as value, but rather because the project has a snapshot version during development (which is expected though), see https://github.com/apache/maven-artifact-plugin/blob/maven-artifact-plugin-3.5.0/src/main/java/org/apache/maven/plugins/artifact/buildinfo/BuildInfoWriter.java#L140  But this is not a problem either since during release a non-snapshot version is used.",1
gson/src/main/java/com/google/gson/reflect/TypeToken.java,23,1,20,80,275,162,32,71,29,29,11,47,5,gson,https://github.com/google/gson.git,08174e201980698a89f5f5996e10617d89ff09e1,66847264765180c849f945ca13704aa0eae79c58,"Perform minor code clean-up (#2544)  * Perform minor code clean-up  Notable changes: - Replace most usages of `<code>` with `{@code ...}` in Javadoc - Add proper summary sentence to `GsonBuilder.enableComplexMapKeySerialization` - Extend documentation for `GsonBuilder.setDateFormat` methods - Fix `TypeToken.isAssignableFrom(Type)` throwing AssertionError in some cases   Maybe the method should not throw an exception in the first place, but it   might not matter much since it is deprecated already anyway. - Remove outdated `throws NumberFormatException` from internal   `JsonReader.nextQuotedValue`; the behavior had been changed by   85ebaf7c3553a5d5c058fd6067824a7c5258d07f - Fix incorrect documentation on JsonScope fields - Fix unit tests having 'expected' and 'actual' switched - Use dedicated Truth methods instead of `isTrue()` / `isFalse()` - Use common helper methods in JsonWriterTest to avoid duplication  * Implement `toString()` for ReflectionAccessFilter constants  * Address most of the review comments  * Add comment about `source.scm.tag=HEAD` warning  Actually it looks like the warning is not actually caused by usage of `HEAD` as value, but rather because the project has a snapshot version during development (which is expected though), see https://github.com/apache/maven-artifact-plugin/blob/maven-artifact-plugin-3.5.0/src/main/java/org/apache/maven/plugins/artifact/buildinfo/BuildInfoWriter.java#L140  But this is not a problem either since during release a non-snapshot version is used.",1
gson/src/main/java/com/google/gson/stream/JsonReader.java,25,1,36,89,1165,432,94,243,54,57,22,343,5,gson,https://github.com/google/gson.git,08174e201980698a89f5f5996e10617d89ff09e1,66847264765180c849f945ca13704aa0eae79c58,"Perform minor code clean-up (#2544)  * Perform minor code clean-up  Notable changes: - Replace most usages of `<code>` with `{@code ...}` in Javadoc - Add proper summary sentence to `GsonBuilder.enableComplexMapKeySerialization` - Extend documentation for `GsonBuilder.setDateFormat` methods - Fix `TypeToken.isAssignableFrom(Type)` throwing AssertionError in some cases   Maybe the method should not throw an exception in the first place, but it   might not matter much since it is deprecated already anyway. - Remove outdated `throws NumberFormatException` from internal   `JsonReader.nextQuotedValue`; the behavior had been changed by   85ebaf7c3553a5d5c058fd6067824a7c5258d07f - Fix incorrect documentation on JsonScope fields - Fix unit tests having 'expected' and 'actual' switched - Use dedicated Truth methods instead of `isTrue()` / `isFalse()` - Use common helper methods in JsonWriterTest to avoid duplication  * Implement `toString()` for ReflectionAccessFilter constants  * Address most of the review comments  * Add comment about `source.scm.tag=HEAD` warning  Actually it looks like the warning is not actually caused by usage of `HEAD` as value, but rather because the project has a snapshot version during development (which is expected though), see https://github.com/apache/maven-artifact-plugin/blob/maven-artifact-plugin-3.5.0/src/main/java/org/apache/maven/plugins/artifact/buildinfo/BuildInfoWriter.java#L140  But this is not a problem either since during release a non-snapshot version is used.",1
gson/src/main/java/com/google/gson/stream/JsonScope.java,0,1,0,0,11,0,0,0,0,0,0,8,1,gson,https://github.com/google/gson.git,08174e201980698a89f5f5996e10617d89ff09e1,66847264765180c849f945ca13704aa0eae79c58,"Perform minor code clean-up (#2544)  * Perform minor code clean-up  Notable changes: - Replace most usages of `<code>` with `{@code ...}` in Javadoc - Add proper summary sentence to `GsonBuilder.enableComplexMapKeySerialization` - Extend documentation for `GsonBuilder.setDateFormat` methods - Fix `TypeToken.isAssignableFrom(Type)` throwing AssertionError in some cases   Maybe the method should not throw an exception in the first place, but it   might not matter much since it is deprecated already anyway. - Remove outdated `throws NumberFormatException` from internal   `JsonReader.nextQuotedValue`; the behavior had been changed by   85ebaf7c3553a5d5c058fd6067824a7c5258d07f - Fix incorrect documentation on JsonScope fields - Fix unit tests having 'expected' and 'actual' switched - Use dedicated Truth methods instead of `isTrue()` / `isFalse()` - Use common helper methods in JsonWriterTest to avoid duplication  * Implement `toString()` for ReflectionAccessFilter constants  * Address most of the review comments  * Add comment about `source.scm.tag=HEAD` warning  Actually it looks like the warning is not actually caused by usage of `HEAD` as value, but rather because the project has a snapshot version during development (which is expected though), see https://github.com/apache/maven-artifact-plugin/blob/maven-artifact-plugin-3.5.0/src/main/java/org/apache/maven/plugins/artifact/buildinfo/BuildInfoWriter.java#L140  But this is not a problem either since during release a non-snapshot version is used.",1
gson/src/main/java/com/google/gson/stream/JsonWriter.java,21,2,39,92,398,138,45,60,13,19,5,61,5,gson,https://github.com/google/gson.git,08174e201980698a89f5f5996e10617d89ff09e1,66847264765180c849f945ca13704aa0eae79c58,"Perform minor code clean-up (#2544)  * Perform minor code clean-up  Notable changes: - Replace most usages of `<code>` with `{@code ...}` in Javadoc - Add proper summary sentence to `GsonBuilder.enableComplexMapKeySerialization` - Extend documentation for `GsonBuilder.setDateFormat` methods - Fix `TypeToken.isAssignableFrom(Type)` throwing AssertionError in some cases   Maybe the method should not throw an exception in the first place, but it   might not matter much since it is deprecated already anyway. - Remove outdated `throws NumberFormatException` from internal   `JsonReader.nextQuotedValue`; the behavior had been changed by   85ebaf7c3553a5d5c058fd6067824a7c5258d07f - Fix incorrect documentation on JsonScope fields - Fix unit tests having 'expected' and 'actual' switched - Use dedicated Truth methods instead of `isTrue()` / `isFalse()` - Use common helper methods in JsonWriterTest to avoid duplication  * Implement `toString()` for ReflectionAccessFilter constants  * Address most of the review comments  * Add comment about `source.scm.tag=HEAD` warning  Actually it looks like the warning is not actually caused by usage of `HEAD` as value, but rather because the project has a snapshot version during development (which is expected though), see https://github.com/apache/maven-artifact-plugin/blob/maven-artifact-plugin-3.5.0/src/main/java/org/apache/maven/plugins/artifact/buildinfo/BuildInfoWriter.java#L140  But this is not a problem either since during release a non-snapshot version is used.",1
metrics/src/main/java/com/google/gson/metrics/ParseBenchmark.java,3,1,54,64,404,40,14,21,10,12,5,23,5,gson,https://github.com/google/gson.git,08174e201980698a89f5f5996e10617d89ff09e1,66847264765180c849f945ca13704aa0eae79c58,"Perform minor code clean-up (#2544)  * Perform minor code clean-up  Notable changes: - Replace most usages of `<code>` with `{@code ...}` in Javadoc - Add proper summary sentence to `GsonBuilder.enableComplexMapKeySerialization` - Extend documentation for `GsonBuilder.setDateFormat` methods - Fix `TypeToken.isAssignableFrom(Type)` throwing AssertionError in some cases   Maybe the method should not throw an exception in the first place, but it   might not matter much since it is deprecated already anyway. - Remove outdated `throws NumberFormatException` from internal   `JsonReader.nextQuotedValue`; the behavior had been changed by   85ebaf7c3553a5d5c058fd6067824a7c5258d07f - Fix incorrect documentation on JsonScope fields - Fix unit tests having 'expected' and 'actual' switched - Use dedicated Truth methods instead of `isTrue()` / `isFalse()` - Use common helper methods in JsonWriterTest to avoid duplication  * Implement `toString()` for ReflectionAccessFilter constants  * Address most of the review comments  * Add comment about `source.scm.tag=HEAD` warning  Actually it looks like the warning is not actually caused by usage of `HEAD` as value, but rather because the project has a snapshot version during development (which is expected though), see https://github.com/apache/maven-artifact-plugin/blob/maven-artifact-plugin-3.5.0/src/main/java/org/apache/maven/plugins/artifact/buildinfo/BuildInfoWriter.java#L140  But this is not a problem either since during release a non-snapshot version is used.",1
gson/src/main/java/com/google/gson/GsonBuilder.java,31,1,53,82,358,214,61,52,35,35,1,88,4,gson,https://github.com/google/gson.git,66847264765180c849f945ca13704aa0eae79c58,66847264765180c849f945ca13704aa0eae79c58,"Validate `GsonBuilder.setDateFormat` style arguments & extend tests (#2545)  `DateFormat` validates these arguments as well, but it is currently not documented, see https://bugs.openjdk.org/browse/JDK-8319628.  Also moves the other tests for `setDateFormat(String)` from DefaultTypeAdaptersTest to GsonBuilderTest.",0
gson/src/main/java/com/google/gson/GsonBuilder.java,31,1,52,82,352,212,60,50,34,34,1,88,4,gson,https://github.com/google/gson.git,335ff0f9ae2ed71714a937513d4e6aba1d4318a4,335ff0f9ae2ed71714a937513d4e6aba1d4318a4,"validating the date format, add test case, since NumberFormatExceptio… (#2538)  * validating the date format, add test case, since NumberFormatException extends IllegalArgumentException, it is only necessary to write IllegalArgumentException.  * Apply code formatting with Spotless  ---------  Co-authored-by: Carpe-Wang <wangcarpe@126.com>",0
gson/src/main/java/com/google/gson/internal/bind/util/ISO8601Utils.java,9,1,18,91,210,36,15,37,8,8,3,76,8,gson,https://github.com/google/gson.git,335ff0f9ae2ed71714a937513d4e6aba1d4318a4,335ff0f9ae2ed71714a937513d4e6aba1d4318a4,"validating the date format, add test case, since NumberFormatExceptio… (#2538)  * validating the date format, add test case, since NumberFormatException extends IllegalArgumentException, it is only necessary to write IllegalArgumentException.  * Apply code formatting with Spotless  ---------  Co-authored-by: Carpe-Wang <wangcarpe@126.com>",0
gson/src/main/java/com/google/gson/JsonArray.java,0,2,14,34,146,26,47,37,33,33,1,5,4,gson,https://github.com/google/gson.git,c7c645db2f73e5e392d117c391437ff15815f057,d58e2c93825a3a589d74ead0ce19d976b1065b5e,"Formatting follow-up (#2540)  * Formatting follow-up  - Adds formatting commits to .git-blame-ignore-revs so that they don't   distract during Git blame - Restores hard line breaks in Troubleshooting.md using `\` instead of   trailing spaces - Changes formatting of some string literals and comments - Fixes accidental Javadoc and comment issues introduced by manual changes   of formatting commit - Fixes license header in $Gson$Types.java erroneously being a Javadoc   comment and being reformatted - Slightly changes `JsonReader` `getPath` and `getPreviousPath` documentation   to help Javadoc detect first sentence as summary  * Remove `spotless:off` markers  * Add empty line before comment  * Check format for .github YAML files",1
gson/src/main/java/com/google/gson/internal/$Gson$Types.java,14,2,31,102,467,150,71,120,57,57,7,89,7,gson,https://github.com/google/gson.git,c7c645db2f73e5e392d117c391437ff15815f057,d58e2c93825a3a589d74ead0ce19d976b1065b5e,"Formatting follow-up (#2540)  * Formatting follow-up  - Adds formatting commits to .git-blame-ignore-revs so that they don't   distract during Git blame - Restores hard line breaks in Troubleshooting.md using `\` instead of   trailing spaces - Changes formatting of some string literals and comments - Fixes accidental Javadoc and comment issues introduced by manual changes   of formatting commit - Fixes license header in $Gson$Types.java erroneously being a Javadoc   comment and being reformatted - Slightly changes `JsonReader` `getPath` and `getPreviousPath` documentation   to help Javadoc detect first sentence as summary  * Remove `spotless:off` markers  * Add empty line before comment  * Check format for .github YAML files",1
gson/src/main/java/com/google/gson/internal/ConstructorConstructor.java,14,1,43,49,354,134,49,67,32,32,0,27,8,gson,https://github.com/google/gson.git,c7c645db2f73e5e392d117c391437ff15815f057,d58e2c93825a3a589d74ead0ce19d976b1065b5e,"Formatting follow-up (#2540)  * Formatting follow-up  - Adds formatting commits to .git-blame-ignore-revs so that they don't   distract during Git blame - Restores hard line breaks in Troubleshooting.md using `\` instead of   trailing spaces - Changes formatting of some string literals and comments - Fixes accidental Javadoc and comment issues introduced by manual changes   of formatting commit - Fixes license header in $Gson$Types.java erroneously being a Javadoc   comment and being reformatted - Slightly changes `JsonReader` `getPath` and `getPreviousPath` documentation   to help Javadoc detect first sentence as summary  * Remove `spotless:off` markers  * Add empty line before comment  * Check format for .github YAML files",1
gson/src/main/java/com/google/gson/internal/JavaVersion.java,5,1,1,10,54,6,12,14,7,7,1,9,5,gson,https://github.com/google/gson.git,c7c645db2f73e5e392d117c391437ff15815f057,d58e2c93825a3a589d74ead0ce19d976b1065b5e,"Formatting follow-up (#2540)  * Formatting follow-up  - Adds formatting commits to .git-blame-ignore-revs so that they don't   distract during Git blame - Restores hard line breaks in Troubleshooting.md using `\` instead of   trailing spaces - Changes formatting of some string literals and comments - Fixes accidental Javadoc and comment issues introduced by manual changes   of formatting commit - Fixes license header in $Gson$Types.java erroneously being a Javadoc   comment and being reformatted - Slightly changes `JsonReader` `getPath` and `getPreviousPath` documentation   to help Javadoc detect first sentence as summary  * Remove `spotless:off` markers  * Add empty line before comment  * Check format for .github YAML files",1
gson/src/main/java/com/google/gson/internal/UnsafeAllocator.java,2,1,10,16,76,35,7,11,7,7,0,10,5,gson,https://github.com/google/gson.git,c7c645db2f73e5e392d117c391437ff15815f057,d58e2c93825a3a589d74ead0ce19d976b1065b5e,"Formatting follow-up (#2540)  * Formatting follow-up  - Adds formatting commits to .git-blame-ignore-revs so that they don't   distract during Git blame - Restores hard line breaks in Troubleshooting.md using `\` instead of   trailing spaces - Changes formatting of some string literals and comments - Fixes accidental Javadoc and comment issues introduced by manual changes   of formatting commit - Fixes license header in $Gson$Types.java erroneously being a Javadoc   comment and being reformatted - Slightly changes `JsonReader` `getPath` and `getPreviousPath` documentation   to help Javadoc detect first sentence as summary  * Remove `spotless:off` markers  * Add empty line before comment  * Check format for .github YAML files",1
gson/src/main/java/com/google/gson/internal/bind/JsonAdapterAnnotationTypeAdapterFactory.java,3,1,16,20,122,64,11,20,9,9,0,27,4,gson,https://github.com/google/gson.git,c7c645db2f73e5e392d117c391437ff15815f057,d58e2c93825a3a589d74ead0ce19d976b1065b5e,"Formatting follow-up (#2540)  * Formatting follow-up  - Adds formatting commits to .git-blame-ignore-revs so that they don't   distract during Git blame - Restores hard line breaks in Troubleshooting.md using `\` instead of   trailing spaces - Changes formatting of some string literals and comments - Fixes accidental Javadoc and comment issues introduced by manual changes   of formatting commit - Fixes license header in $Gson$Types.java erroneously being a Javadoc   comment and being reformatted - Slightly changes `JsonReader` `getPath` and `getPreviousPath` documentation   to help Javadoc detect first sentence as summary  * Remove `spotless:off` markers  * Add empty line before comment  * Check format for .github YAML files",1
gson/src/main/java/com/google/gson/internal/bind/ReflectiveTypeAdapterFactory.java,38,2,54,112,490,152,19,70,21,21,7,77,7,gson,https://github.com/google/gson.git,c7c645db2f73e5e392d117c391437ff15815f057,d58e2c93825a3a589d74ead0ce19d976b1065b5e,"Formatting follow-up (#2540)  * Formatting follow-up  - Adds formatting commits to .git-blame-ignore-revs so that they don't   distract during Git blame - Restores hard line breaks in Troubleshooting.md using `\` instead of   trailing spaces - Changes formatting of some string literals and comments - Fixes accidental Javadoc and comment issues introduced by manual changes   of formatting commit - Fixes license header in $Gson$Types.java erroneously being a Javadoc   comment and being reformatted - Slightly changes `JsonReader` `getPath` and `getPreviousPath` documentation   to help Javadoc detect first sentence as summary  * Remove `spotless:off` markers  * Add empty line before comment  * Check format for .github YAML files",1
gson/src/main/java/com/google/gson/internal/bind/TypeAdapterRuntimeTypeWrapper.java,1,2,8,6,58,27,3,10,4,4,1,12,4,gson,https://github.com/google/gson.git,c7c645db2f73e5e392d117c391437ff15815f057,d58e2c93825a3a589d74ead0ce19d976b1065b5e,"Formatting follow-up (#2540)  * Formatting follow-up  - Adds formatting commits to .git-blame-ignore-revs so that they don't   distract during Git blame - Restores hard line breaks in Troubleshooting.md using `\` instead of   trailing spaces - Changes formatting of some string literals and comments - Fixes accidental Javadoc and comment issues introduced by manual changes   of formatting commit - Fixes license header in $Gson$Types.java erroneously being a Javadoc   comment and being reformatted - Slightly changes `JsonReader` `getPath` and `getPreviousPath` documentation   to help Javadoc detect first sentence as summary  * Remove `spotless:off` markers  * Add empty line before comment  * Check format for .github YAML files",1
gson/src/main/java/com/google/gson/internal/bind/TypeAdapters.java,20,2,95,297,991,311,83,127,31,31,13,151,8,gson,https://github.com/google/gson.git,c7c645db2f73e5e392d117c391437ff15815f057,d58e2c93825a3a589d74ead0ce19d976b1065b5e,"Formatting follow-up (#2540)  * Formatting follow-up  - Adds formatting commits to .git-blame-ignore-revs so that they don't   distract during Git blame - Restores hard line breaks in Troubleshooting.md using `\` instead of   trailing spaces - Changes formatting of some string literals and comments - Fixes accidental Javadoc and comment issues introduced by manual changes   of formatting commit - Fixes license header in $Gson$Types.java erroneously being a Javadoc   comment and being reformatted - Slightly changes `JsonReader` `getPath` and `getPreviousPath` documentation   to help Javadoc detect first sentence as summary  * Remove `spotless:off` markers  * Add empty line before comment  * Check format for .github YAML files",1
gson/src/main/java/com/google/gson/internal/bind/util/ISO8601Utils.java,9,1,18,91,215,36,15,39,8,8,3,78,8,gson,https://github.com/google/gson.git,c7c645db2f73e5e392d117c391437ff15815f057,d58e2c93825a3a589d74ead0ce19d976b1065b5e,"Formatting follow-up (#2540)  * Formatting follow-up  - Adds formatting commits to .git-blame-ignore-revs so that they don't   distract during Git blame - Restores hard line breaks in Troubleshooting.md using `\` instead of   trailing spaces - Changes formatting of some string literals and comments - Fixes accidental Javadoc and comment issues introduced by manual changes   of formatting commit - Fixes license header in $Gson$Types.java erroneously being a Javadoc   comment and being reformatted - Slightly changes `JsonReader` `getPath` and `getPreviousPath` documentation   to help Javadoc detect first sentence as summary  * Remove `spotless:off` markers  * Add empty line before comment  * Check format for .github YAML files",1
gson/src/main/java/com/google/gson/internal/reflect/ReflectionHelper.java,9,2,17,51,219,74,17,39,23,23,3,30,5,gson,https://github.com/google/gson.git,c7c645db2f73e5e392d117c391437ff15815f057,d58e2c93825a3a589d74ead0ce19d976b1065b5e,"Formatting follow-up (#2540)  * Formatting follow-up  - Adds formatting commits to .git-blame-ignore-revs so that they don't   distract during Git blame - Restores hard line breaks in Troubleshooting.md using `\` instead of   trailing spaces - Changes formatting of some string literals and comments - Fixes accidental Javadoc and comment issues introduced by manual changes   of formatting commit - Fixes license header in $Gson$Types.java erroneously being a Javadoc   comment and being reformatted - Slightly changes `JsonReader` `getPath` and `getPreviousPath` documentation   to help Javadoc detect first sentence as summary  * Remove `spotless:off` markers  * Add empty line before comment  * Check format for .github YAML files",1
gson/src/main/java/com/google/gson/reflect/TypeToken.java,23,1,20,80,277,162,32,71,29,29,11,47,5,gson,https://github.com/google/gson.git,c7c645db2f73e5e392d117c391437ff15815f057,d58e2c93825a3a589d74ead0ce19d976b1065b5e,"Formatting follow-up (#2540)  * Formatting follow-up  - Adds formatting commits to .git-blame-ignore-revs so that they don't   distract during Git blame - Restores hard line breaks in Troubleshooting.md using `\` instead of   trailing spaces - Changes formatting of some string literals and comments - Fixes accidental Javadoc and comment issues introduced by manual changes   of formatting commit - Fixes license header in $Gson$Types.java erroneously being a Javadoc   comment and being reformatted - Slightly changes `JsonReader` `getPath` and `getPreviousPath` documentation   to help Javadoc detect first sentence as summary  * Remove `spotless:off` markers  * Add empty line before comment  * Check format for .github YAML files",1
gson/src/main/java/com/google/gson/stream/JsonReader.java,25,1,36,89,1166,432,94,243,54,57,22,343,5,gson,https://github.com/google/gson.git,c7c645db2f73e5e392d117c391437ff15815f057,d58e2c93825a3a589d74ead0ce19d976b1065b5e,"Formatting follow-up (#2540)  * Formatting follow-up  - Adds formatting commits to .git-blame-ignore-revs so that they don't   distract during Git blame - Restores hard line breaks in Troubleshooting.md using `\` instead of   trailing spaces - Changes formatting of some string literals and comments - Fixes accidental Javadoc and comment issues introduced by manual changes   of formatting commit - Fixes license header in $Gson$Types.java erroneously being a Javadoc   comment and being reformatted - Slightly changes `JsonReader` `getPath` and `getPreviousPath` documentation   to help Javadoc detect first sentence as summary  * Remove `spotless:off` markers  * Add empty line before comment  * Check format for .github YAML files",1
gson/src/main/java/com/google/gson/stream/JsonWriter.java,21,2,39,92,399,138,45,60,13,19,5,61,5,gson,https://github.com/google/gson.git,c7c645db2f73e5e392d117c391437ff15815f057,d58e2c93825a3a589d74ead0ce19d976b1065b5e,"Formatting follow-up (#2540)  * Formatting follow-up  - Adds formatting commits to .git-blame-ignore-revs so that they don't   distract during Git blame - Restores hard line breaks in Troubleshooting.md using `\` instead of   trailing spaces - Changes formatting of some string literals and comments - Fixes accidental Javadoc and comment issues introduced by manual changes   of formatting commit - Fixes license header in $Gson$Types.java erroneously being a Javadoc   comment and being reformatted - Slightly changes `JsonReader` `getPath` and `getPreviousPath` documentation   to help Javadoc detect first sentence as summary  * Remove `spotless:off` markers  * Add empty line before comment  * Check format for .github YAML files",1
gson/src/main/java/com/google/gson/GsonBuilder.java,31,1,47,80,309,224,59,45,33,33,1,88,4,gson,https://github.com/google/gson.git,0109f451299e7780a334d1844548d3a3346a9b39,4dfae77af3d543bea2782f85a154cc070290f086,"issue#2436: Throw exception when registering adapter for Object or JsonElement (#2479)  * Code changes and tests for #2436 to throw exception when trying to register adapter for Object or JsonElement  * #2436 - Updates to User guide & comments to indicate exception cases and fix for 7 test cases of Parameterized Type  * #2436 - Fixes as per the review comments.  * #2436 - Refactored as per latest review comments + throwing error message.  * #2436 - added a clarifying comment in a positive test case.  * #2436 - formatting and minor changes as per review.  * Update gson/src/main/java/com/google/gson/GsonBuilder.java  Co-authored-by: Marcono1234 <Marcono1234@users.noreply.github.com>  * Update gson/src/test/java/com/google/gson/GsonBuilderTest.java  Co-authored-by: Marcono1234 <Marcono1234@users.noreply.github.com>  * Update gson/src/test/java/com/google/gson/GsonBuilderTest.java  Co-authored-by: Marcono1234 <Marcono1234@users.noreply.github.com>  ---------  Co-authored-by: Sachin Patil <sachin.patil2@capitalone.com> Co-authored-by: Marcono1234 <Marcono1234@users.noreply.github.com>",1
gson/src/main/java/com/google/gson/internal/bind/ReflectiveTypeAdapterFactory.java,38,2,52,112,412,140,20,68,19,19,7,78,7,gson,https://github.com/google/gson.git,e7cf5c458374e5fc69dbdce6de5cb2c881521135,45acc4db428217a890a27ef00165a78232fc55d3,"Only create one `BoundField` instance per field in `ReflectiveTypeAdapterFactory` (#2440)  * Only create one BoundField instance per field in ReflectiveTypeAdapterFactory  Instead of creating a BoundField for every possible name of a field (for SerializedName usage) and then storing for that BoundField whether it is serialized or deserialized, instead only create one BoundField and then have a separate Map<String, BoundField> for deserialized fields, and a separate List<BoundField> for serialized fields.  * Fix indentation",1
gson/src/main/java/com/google/gson/JsonPrimitive.java,15,2,10,45,157,14,37,40,24,24,0,11,3,gson,https://github.com/google/gson.git,edfaf0c387cd0dc42403f8994c3ef4722d2898a9,e93fda9f17852e8bf029ac052175b40f6555481f,"Add clarifying parentheses to a ternary expression. (#2496)  The latest Error Prone version issues a warning without the parentheses. Since we build with `-Werror`, that breaks the build.",1
gson/src/main/java/com/google/gson/FieldAttributes.java,2,2,6,12,38,35,16,7,5,7,0,6,2,gson,https://github.com/google/gson.git,e93fda9f17852e8bf029ac052175b40f6555481f,78e4bdaeded46f0c48fa0d7827198a77eebaa7a0,"Fix typos and improve Gson Design Document formatting (#2491)  * Fix typos and grammar issues  Most of them were found by IntelliJ  * Improve formatting and fix typos in Gson Design Document",1
gson/src/main/java/com/google/gson/Gson.java,33,2,86,195,618,541,82,84,27,27,6,112,5,gson,https://github.com/google/gson.git,e93fda9f17852e8bf029ac052175b40f6555481f,78e4bdaeded46f0c48fa0d7827198a77eebaa7a0,"Fix typos and improve Gson Design Document formatting (#2491)  * Fix typos and grammar issues  Most of them were found by IntelliJ  * Improve formatting and fix typos in Gson Design Document",1
gson/src/main/java/com/google/gson/JsonArray.java,0,2,14,34,146,26,47,37,33,33,1,5,4,gson,https://github.com/google/gson.git,e93fda9f17852e8bf029ac052175b40f6555481f,78e4bdaeded46f0c48fa0d7827198a77eebaa7a0,"Fix typos and improve Gson Design Document formatting (#2491)  * Fix typos and grammar issues  Most of them were found by IntelliJ  * Improve formatting and fix typos in Gson Design Document",1
gson/src/main/java/com/google/gson/annotations/Until.java,0,1,8,2,13,13,0,0,0,0,0,1,2,gson,https://github.com/google/gson.git,e93fda9f17852e8bf029ac052175b40f6555481f,78e4bdaeded46f0c48fa0d7827198a77eebaa7a0,"Fix typos and improve Gson Design Document formatting (#2491)  * Fix typos and grammar issues  Most of them were found by IntelliJ  * Improve formatting and fix typos in Gson Design Document",1
gson/src/main/java/com/google/gson/internal/bind/TreeTypeAdapter.java,3,2,20,23,127,76,14,14,10,10,0,18,3,gson,https://github.com/google/gson.git,e93fda9f17852e8bf029ac052175b40f6555481f,78e4bdaeded46f0c48fa0d7827198a77eebaa7a0,"Fix typos and improve Gson Design Document formatting (#2491)  * Fix typos and grammar issues  Most of them were found by IntelliJ  * Improve formatting and fix typos in Gson Design Document",1
gson/src/main/java/com/google/gson/internal/bind/TypeAdapterRuntimeTypeWrapper.java,1,2,8,6,56,27,3,10,4,4,1,12,4,gson,https://github.com/google/gson.git,e93fda9f17852e8bf029ac052175b40f6555481f,78e4bdaeded46f0c48fa0d7827198a77eebaa7a0,"Fix typos and improve Gson Design Document formatting (#2491)  * Fix typos and grammar issues  Most of them were found by IntelliJ  * Improve formatting and fix typos in Gson Design Document",1
gson/src/main/java/com/google/gson/stream/JsonReader.java,25,1,36,89,1144,464,94,243,54,57,22,343,5,gson,https://github.com/google/gson.git,e93fda9f17852e8bf029ac052175b40f6555481f,78e4bdaeded46f0c48fa0d7827198a77eebaa7a0,"Fix typos and improve Gson Design Document formatting (#2491)  * Fix typos and grammar issues  Most of them were found by IntelliJ  * Improve formatting and fix typos in Gson Design Document",1
metrics/src/main/java/com/google/gson/metrics/ParseBenchmark.java,3,1,54,64,370,40,14,21,10,12,5,23,5,gson,https://github.com/google/gson.git,e93fda9f17852e8bf029ac052175b40f6555481f,78e4bdaeded46f0c48fa0d7827198a77eebaa7a0,"Fix typos and improve Gson Design Document formatting (#2491)  * Fix typos and grammar issues  Most of them were found by IntelliJ  * Improve formatting and fix typos in Gson Design Document",1
shrinker-test/src/main/java/com/example/ClassWithHasArgsConstructor.java,0,1,1,0,9,0,0,1,0,1,0,1,2,gson,https://github.com/google/gson.git,ad5cd31498a7d6835957b7fe3a9ece4b12753867,ad5cd31498a7d6835957b7fe3a9ece4b12753867,"Add shrinker-test examples with never-referenced constructors (#2478)  * Add shrinker-test examples with never-referenced constructors  R8 can do some optimizations that assume values of types whose constructors are never referenced are `null`. (A bit confused why the rules here are sufficient to avoid that optimization in the case of a class whose sole constructor has arguments and is unreferenced, since the keep rule only refers to `<init>()` instead of `<init>(...)`. Does R8 have special behavior for `<init>()` where attempting to keep that makes it assume a class is constructable even if it doesn't have a no-args constructor?)  Also rename some test classes/names to refer to `NoArgs` instead of `Default` constructors. The examples here care about whether a no-argument constructor is present. While a no-argument constructor (explicitly defined or not) is used by default in some circumstances, the Java documentation consistently uses ""default constructor"" to refer only to constructors whose implementation is implicitly provided by the complier (all default constructors are no-argument constructors, but not vice versa).  * Update shrinker-test/src/main/java/com/example/ClassWithNoArgsConstructor.java  Accept review suggestion  Co-authored-by: Marcono1234 <Marcono1234@users.noreply.github.com>  * Update shrinker-test/src/main/java/com/example/NoSerializedNameMain.java  Accept review suggestion  Co-authored-by: Marcono1234 <Marcono1234@users.noreply.github.com>  * Further adjust test class/method names for consistency  * Update shrinker-test/src/main/java/com/example/NoSerializedNameMain.java  Co-authored-by: Marcono1234 <Marcono1234@users.noreply.github.com>  ---------  Co-authored-by: Marcono1234 <Marcono1234@users.noreply.github.com>",0
shrinker-test/src/main/java/com/example/ClassWithNoArgsConstructor.java,0,1,1,0,9,0,0,1,0,1,0,1,2,gson,https://github.com/google/gson.git,ad5cd31498a7d6835957b7fe3a9ece4b12753867,ad5cd31498a7d6835957b7fe3a9ece4b12753867,"Add shrinker-test examples with never-referenced constructors (#2478)  * Add shrinker-test examples with never-referenced constructors  R8 can do some optimizations that assume values of types whose constructors are never referenced are `null`. (A bit confused why the rules here are sufficient to avoid that optimization in the case of a class whose sole constructor has arguments and is unreferenced, since the keep rule only refers to `<init>()` instead of `<init>(...)`. Does R8 have special behavior for `<init>()` where attempting to keep that makes it assume a class is constructable even if it doesn't have a no-args constructor?)  Also rename some test classes/names to refer to `NoArgs` instead of `Default` constructors. The examples here care about whether a no-argument constructor is present. While a no-argument constructor (explicitly defined or not) is used by default in some circumstances, the Java documentation consistently uses ""default constructor"" to refer only to constructors whose implementation is implicitly provided by the complier (all default constructors are no-argument constructors, but not vice versa).  * Update shrinker-test/src/main/java/com/example/ClassWithNoArgsConstructor.java  Accept review suggestion  Co-authored-by: Marcono1234 <Marcono1234@users.noreply.github.com>  * Update shrinker-test/src/main/java/com/example/NoSerializedNameMain.java  Accept review suggestion  Co-authored-by: Marcono1234 <Marcono1234@users.noreply.github.com>  * Further adjust test class/method names for consistency  * Update shrinker-test/src/main/java/com/example/NoSerializedNameMain.java  Co-authored-by: Marcono1234 <Marcono1234@users.noreply.github.com>  ---------  Co-authored-by: Marcono1234 <Marcono1234@users.noreply.github.com>",0
shrinker-test/src/main/java/com/example/ClassWithUnreferencedHasArgsConstructor.java,0,1,1,0,9,0,0,1,0,1,0,1,2,gson,https://github.com/google/gson.git,ad5cd31498a7d6835957b7fe3a9ece4b12753867,ad5cd31498a7d6835957b7fe3a9ece4b12753867,"Add shrinker-test examples with never-referenced constructors (#2478)  * Add shrinker-test examples with never-referenced constructors  R8 can do some optimizations that assume values of types whose constructors are never referenced are `null`. (A bit confused why the rules here are sufficient to avoid that optimization in the case of a class whose sole constructor has arguments and is unreferenced, since the keep rule only refers to `<init>()` instead of `<init>(...)`. Does R8 have special behavior for `<init>()` where attempting to keep that makes it assume a class is constructable even if it doesn't have a no-args constructor?)  Also rename some test classes/names to refer to `NoArgs` instead of `Default` constructors. The examples here care about whether a no-argument constructor is present. While a no-argument constructor (explicitly defined or not) is used by default in some circumstances, the Java documentation consistently uses ""default constructor"" to refer only to constructors whose implementation is implicitly provided by the complier (all default constructors are no-argument constructors, but not vice versa).  * Update shrinker-test/src/main/java/com/example/ClassWithNoArgsConstructor.java  Accept review suggestion  Co-authored-by: Marcono1234 <Marcono1234@users.noreply.github.com>  * Update shrinker-test/src/main/java/com/example/NoSerializedNameMain.java  Accept review suggestion  Co-authored-by: Marcono1234 <Marcono1234@users.noreply.github.com>  * Further adjust test class/method names for consistency  * Update shrinker-test/src/main/java/com/example/NoSerializedNameMain.java  Co-authored-by: Marcono1234 <Marcono1234@users.noreply.github.com>  ---------  Co-authored-by: Marcono1234 <Marcono1234@users.noreply.github.com>",0
shrinker-test/src/main/java/com/example/ClassWithUnreferencedNoArgsConstructor.java,0,1,1,0,9,0,0,1,0,1,0,1,2,gson,https://github.com/google/gson.git,ad5cd31498a7d6835957b7fe3a9ece4b12753867,ad5cd31498a7d6835957b7fe3a9ece4b12753867,"Add shrinker-test examples with never-referenced constructors (#2478)  * Add shrinker-test examples with never-referenced constructors  R8 can do some optimizations that assume values of types whose constructors are never referenced are `null`. (A bit confused why the rules here are sufficient to avoid that optimization in the case of a class whose sole constructor has arguments and is unreferenced, since the keep rule only refers to `<init>()` instead of `<init>(...)`. Does R8 have special behavior for `<init>()` where attempting to keep that makes it assume a class is constructable even if it doesn't have a no-args constructor?)  Also rename some test classes/names to refer to `NoArgs` instead of `Default` constructors. The examples here care about whether a no-argument constructor is present. While a no-argument constructor (explicitly defined or not) is used by default in some circumstances, the Java documentation consistently uses ""default constructor"" to refer only to constructors whose implementation is implicitly provided by the complier (all default constructors are no-argument constructors, but not vice versa).  * Update shrinker-test/src/main/java/com/example/ClassWithNoArgsConstructor.java  Accept review suggestion  Co-authored-by: Marcono1234 <Marcono1234@users.noreply.github.com>  * Update shrinker-test/src/main/java/com/example/NoSerializedNameMain.java  Accept review suggestion  Co-authored-by: Marcono1234 <Marcono1234@users.noreply.github.com>  * Further adjust test class/method names for consistency  * Update shrinker-test/src/main/java/com/example/NoSerializedNameMain.java  Co-authored-by: Marcono1234 <Marcono1234@users.noreply.github.com>  ---------  Co-authored-by: Marcono1234 <Marcono1234@users.noreply.github.com>",0
shrinker-test/src/main/java/com/example/Main.java,40,1,34,82,152,81,13,17,17,17,0,26,4,gson,https://github.com/google/gson.git,ad5cd31498a7d6835957b7fe3a9ece4b12753867,ad5cd31498a7d6835957b7fe3a9ece4b12753867,"Add shrinker-test examples with never-referenced constructors (#2478)  * Add shrinker-test examples with never-referenced constructors  R8 can do some optimizations that assume values of types whose constructors are never referenced are `null`. (A bit confused why the rules here are sufficient to avoid that optimization in the case of a class whose sole constructor has arguments and is unreferenced, since the keep rule only refers to `<init>()` instead of `<init>(...)`. Does R8 have special behavior for `<init>()` where attempting to keep that makes it assume a class is constructable even if it doesn't have a no-args constructor?)  Also rename some test classes/names to refer to `NoArgs` instead of `Default` constructors. The examples here care about whether a no-argument constructor is present. While a no-argument constructor (explicitly defined or not) is used by default in some circumstances, the Java documentation consistently uses ""default constructor"" to refer only to constructors whose implementation is implicitly provided by the complier (all default constructors are no-argument constructors, but not vice versa).  * Update shrinker-test/src/main/java/com/example/ClassWithNoArgsConstructor.java  Accept review suggestion  Co-authored-by: Marcono1234 <Marcono1234@users.noreply.github.com>  * Update shrinker-test/src/main/java/com/example/NoSerializedNameMain.java  Accept review suggestion  Co-authored-by: Marcono1234 <Marcono1234@users.noreply.github.com>  * Further adjust test class/method names for consistency  * Update shrinker-test/src/main/java/com/example/NoSerializedNameMain.java  Co-authored-by: Marcono1234 <Marcono1234@users.noreply.github.com>  ---------  Co-authored-by: Marcono1234 <Marcono1234@users.noreply.github.com>",0
shrinker-test/src/main/java/com/example/NoSerializedNameMain.java,3,1,6,8,34,0,3,4,1,4,0,5,3,gson,https://github.com/google/gson.git,ad5cd31498a7d6835957b7fe3a9ece4b12753867,ad5cd31498a7d6835957b7fe3a9ece4b12753867,"Add shrinker-test examples with never-referenced constructors (#2478)  * Add shrinker-test examples with never-referenced constructors  R8 can do some optimizations that assume values of types whose constructors are never referenced are `null`. (A bit confused why the rules here are sufficient to avoid that optimization in the case of a class whose sole constructor has arguments and is unreferenced, since the keep rule only refers to `<init>()` instead of `<init>(...)`. Does R8 have special behavior for `<init>()` where attempting to keep that makes it assume a class is constructable even if it doesn't have a no-args constructor?)  Also rename some test classes/names to refer to `NoArgs` instead of `Default` constructors. The examples here care about whether a no-argument constructor is present. While a no-argument constructor (explicitly defined or not) is used by default in some circumstances, the Java documentation consistently uses ""default constructor"" to refer only to constructors whose implementation is implicitly provided by the complier (all default constructors are no-argument constructors, but not vice versa).  * Update shrinker-test/src/main/java/com/example/ClassWithNoArgsConstructor.java  Accept review suggestion  Co-authored-by: Marcono1234 <Marcono1234@users.noreply.github.com>  * Update shrinker-test/src/main/java/com/example/NoSerializedNameMain.java  Accept review suggestion  Co-authored-by: Marcono1234 <Marcono1234@users.noreply.github.com>  * Further adjust test class/method names for consistency  * Update shrinker-test/src/main/java/com/example/NoSerializedNameMain.java  Co-authored-by: Marcono1234 <Marcono1234@users.noreply.github.com>  ---------  Co-authored-by: Marcono1234 <Marcono1234@users.noreply.github.com>",0
gson/src/main/java/com/google/gson/internal/bind/JsonTreeWriter.java,7,2,39,26,183,12,18,27,7,8,0,15,4,gson,https://github.com/google/gson.git,70bda4b9c9eb8d0b567f8715a67dbada00b02216,ddc76ea4cc7dc8ccb0930ddfee668e2f53a4426c,"Throw exception when calling `JsonWriter.name` outside JSON object (#2476)  Previous fix in 392cc65ff3004689e03b219d9b00979072f9c9d0 only covered writing name as top level value, but not when trying to write name inside JSON array.  Removed `stackSize == 0` check from `JsonWriter.name` because that is done already by `peek()` call.",1
gson/src/main/java/com/google/gson/stream/JsonWriter.java,21,2,40,92,389,150,45,61,13,19,5,60,5,gson,https://github.com/google/gson.git,70bda4b9c9eb8d0b567f8715a67dbada00b02216,ddc76ea4cc7dc8ccb0930ddfee668e2f53a4426c,"Throw exception when calling `JsonWriter.name` outside JSON object (#2476)  Previous fix in 392cc65ff3004689e03b219d9b00979072f9c9d0 only covered writing name as top level value, but not when trying to write name inside JSON array.  Removed `stackSize == 0` check from `JsonWriter.name` because that is done already by `peek()` call.",1
gson/src/main/java/com/google/gson/Gson.java,31,2,85,194,611,539,81,83,27,27,6,112,5,gson,https://github.com/google/gson.git,7ee5ad6cd1640d957f3a73d89a271ee2ef9c7956,393db094dd089ea463bc1a215bd7971fd5feab42,"Fix `Gson.getDelegateAdapter` not working properly for `JsonAdapter` (#2435)  * Fix `Gson.getDelegateAdapter` not working properly for `JsonAdapter`  * Address review feedback and add comments regarding thread-safety  * Revert InstanceCreator instance validation  * Disallow `null` as `skipPast`  * Avoid `equals` usage in `getDelegateAdapter` & minor other changes  Previously `getDelegateAdapter` called `factories.contains(skipPast)`, but unlike the other comparisons which check for reference equality, that would have used the `equals` method. This could lead to spurious ""GSON cannot serialize ..."" exceptions if two factory instances compared equal, but the one provided as `skipPast` had not been registered yet.",1
gson/src/main/java/com/google/gson/InstanceCreator.java,0,1,4,2,5,40,4,3,3,3,0,3,2,gson,https://github.com/google/gson.git,7ee5ad6cd1640d957f3a73d89a271ee2ef9c7956,393db094dd089ea463bc1a215bd7971fd5feab42,"Fix `Gson.getDelegateAdapter` not working properly for `JsonAdapter` (#2435)  * Fix `Gson.getDelegateAdapter` not working properly for `JsonAdapter`  * Address review feedback and add comments regarding thread-safety  * Revert InstanceCreator instance validation  * Disallow `null` as `skipPast`  * Avoid `equals` usage in `getDelegateAdapter` & minor other changes  Previously `getDelegateAdapter` called `factories.contains(skipPast)`, but unlike the other comparisons which check for reference equality, that would have used the `equals` method. This could lead to spurious ""GSON cannot serialize ..."" exceptions if two factory instances compared equal, but the one provided as `skipPast` had not been registered yet.",1
gson/src/main/java/com/google/gson/internal/bind/JsonAdapterAnnotationTypeAdapterFactory.java,1,1,10,12,56,30,3,9,4,4,0,13,4,gson,https://github.com/google/gson.git,7ee5ad6cd1640d957f3a73d89a271ee2ef9c7956,393db094dd089ea463bc1a215bd7971fd5feab42,"Fix `Gson.getDelegateAdapter` not working properly for `JsonAdapter` (#2435)  * Fix `Gson.getDelegateAdapter` not working properly for `JsonAdapter`  * Address review feedback and add comments regarding thread-safety  * Revert InstanceCreator instance validation  * Disallow `null` as `skipPast`  * Avoid `equals` usage in `getDelegateAdapter` & minor other changes  Previously `getDelegateAdapter` called `factories.contains(skipPast)`, but unlike the other comparisons which check for reference equality, that would have used the `equals` method. This could lead to spurious ""GSON cannot serialize ..."" exceptions if two factory instances compared equal, but the one provided as `skipPast` had not been registered yet.",1
gson/src/main/java/com/google/gson/internal/bind/ReflectiveTypeAdapterFactory.java,38,2,52,112,412,140,20,68,19,19,7,78,7,gson,https://github.com/google/gson.git,7ee5ad6cd1640d957f3a73d89a271ee2ef9c7956,393db094dd089ea463bc1a215bd7971fd5feab42,"Fix `Gson.getDelegateAdapter` not working properly for `JsonAdapter` (#2435)  * Fix `Gson.getDelegateAdapter` not working properly for `JsonAdapter`  * Address review feedback and add comments regarding thread-safety  * Revert InstanceCreator instance validation  * Disallow `null` as `skipPast`  * Avoid `equals` usage in `getDelegateAdapter` & minor other changes  Previously `getDelegateAdapter` called `factories.contains(skipPast)`, but unlike the other comparisons which check for reference equality, that would have used the `equals` method. This could lead to spurious ""GSON cannot serialize ..."" exceptions if two factory instances compared equal, but the one provided as `skipPast` had not been registered yet.",1
gson/src/main/java/com/google/gson/internal/bind/TreeTypeAdapter.java,3,2,20,23,127,76,14,14,10,10,0,18,3,gson,https://github.com/google/gson.git,7ee5ad6cd1640d957f3a73d89a271ee2ef9c7956,393db094dd089ea463bc1a215bd7971fd5feab42,"Fix `Gson.getDelegateAdapter` not working properly for `JsonAdapter` (#2435)  * Fix `Gson.getDelegateAdapter` not working properly for `JsonAdapter`  * Address review feedback and add comments regarding thread-safety  * Revert InstanceCreator instance validation  * Disallow `null` as `skipPast`  * Avoid `equals` usage in `getDelegateAdapter` & minor other changes  Previously `getDelegateAdapter` called `factories.contains(skipPast)`, but unlike the other comparisons which check for reference equality, that would have used the `equals` method. This could lead to spurious ""GSON cannot serialize ..."" exceptions if two factory instances compared equal, but the one provided as `skipPast` had not been registered yet.",1
metrics/src/main/java/com/google/gson/metrics/ParseBenchmark.java,3,1,54,64,370,40,14,21,10,12,5,23,5,gson,https://github.com/google/gson.git,1e7625b963d2e4447a4aa46a2fadc6d0e3a3aba7,7b8ce2b9f7faaa22893bb77140563e3c41afb4ab,fix: ParseBenchmark json property typo (#2473),1
gson/src/main/java/com/google/gson/reflect/TypeToken.java,23,1,20,80,254,162,32,71,29,29,11,47,5,gson,https://github.com/google/gson.git,7b8ce2b9f7faaa22893bb77140563e3c41afb4ab,7b8ce2b9f7faaa22893bb77140563e3c41afb4ab,"Prevent `TypeToken` from capturing type variables (#2376)  * Prevent `TypeToken` from capturing type variables  * Use hyphen for term ""type-safe""  Not completely sure if that is grammatically correct, but it might make the text a bit easier to understand.  * Update Troubleshooting Guide URLs in tests from 'master' to 'main'  * Rename system property  * Simplify system property check",0
shrinker-test/src/main/java/com/example/ClassWithJsonAdapterAnnotation.java,4,2,25,9,96,18,7,6,6,6,0,12,5,gson,https://github.com/google/gson.git,7b8ce2b9f7faaa22893bb77140563e3c41afb4ab,7b8ce2b9f7faaa22893bb77140563e3c41afb4ab,"Prevent `TypeToken` from capturing type variables (#2376)  * Prevent `TypeToken` from capturing type variables  * Use hyphen for term ""type-safe""  Not completely sure if that is grammatically correct, but it might make the text a bit easier to understand.  * Update Troubleshooting Guide URLs in tests from 'master' to 'main'  * Rename system property  * Simplify system property check",0
gson/src/main/java/com/google/gson/internal/bind/TypeAdapters.java,18,2,96,295,891,311,83,127,31,31,13,150,8,gson,https://github.com/google/gson.git,cdbbee4e723c39c1df302a805f3bde8d4fe12bd1,e0cbbcc52b1838b6c94c0414654815141a5b68e8,Bump com.google.errorprone:error_prone_core from 2.20.0 to 2.21.1 (#2463)  Suppress a couple of new Error Prone warnings.,1
gson/src/main/java/com/google/gson/Gson.java,31,2,85,188,599,517,81,77,27,27,6,112,5,gson,https://github.com/google/gson.git,b3dce2dc17086c72bd1f8ccf508874849f9631bb,3d241ca0a6435cbf1fa1cdaed2af8480b99fecde,"Strict mode for JSON parsing, contributed by @marten-voorberg. (#2437)  * Strict mode for JSON parsing (#2323)  * Feat #6: Add strict flag to Gson and GsonBuilder  * Test #2: Add failing tests for capitalized keywords  * Feat #2: JsonReader does not read (partially) capitalized keywords if strict mode is used  * Feat #3: Added implementation and tests for JSONReader not accepting specific escape sequence representing in strict mode  * Test #3: Simplify test cases by removing unnecessary array  * Feat #3: Improve error by including the illegal character  * Feat #5: JsonReader does not allow unespaced control flow characters in strict mode  * Test #5: Test unespaced control flow characters in strict mode  * Feat #4: Disallow espaced newline character in strict mode  * Test #4: Add tests for (dis)allowing newline character depensding on strictness  * Test #5: Test case for unescaped control char in non-strict mode  * Test #2: Simplify test cases  * Feat #13: Change leniency API to Strictness enum in JsonReader, Gson, and GsonBuilder  * Feat #15: Change JsonWriter API to also use Strictness  * Test #15: Test Strictness in JsonWriter API  * Doc #15: Add and update documentation for Strictness in JsonWriter API  * refactor #12: Fixed typos and empty catch brackets in tests  * refactor #12: Resolved importing wildcards, made some lines adhere to Google java style  * #5 Add test case for unescaped control characters  * Feat #5: add new lines to make JsonReader able to detect unescaped control characters (U+0000 through U+001F) and throw exceptions.  * Feat #5: add new lines to make JsonReader able to detect unescaped control characters (U+0000 through U+001F) and throw exceptions.  * Test #11: Added two tests for testing implementation of control character handling in strict mode and moved the implementation to nextQuotedValue  * Test #11: Added two tests for testing implementation of control character handling in strict mode and moved the implementation to nextQuotedValue  ---------  Co-authored-by: LMC117 <2295699210@qq.com> Co-authored-by: Marten Voorberg <martenvoorberg@gmail.com>  * Doc #17: Add and change javadoc of public methods  * Doc #17: Update JavaDoc in JsonReader and Strictness  * Doc #17: Update JavaDoc in Gson and GsonBuilder  * Test #34: Add tests for setting strictness through GsonBuilder  * Fix: Add Fix broken test  * Fix: Invalid JavaDoc in Gson.java  * Doc #17: update outdated javadoc  * #37: Resolve more PR feedback   * Fix #37: Resolve various PR comments  * Fix #37: Resolve various PR comments  * Refactor #35: Refactor JsonReader#peekKeyword to reduce the amount of strictness checks (#39)  * Doc #40: Update JavaDoc based on PR feedback  * Doc #40: Update old RFC in GsonBuilder documentation  * Doc #40: Fix formatting error in JavaDoc  * Doc #40: Add tests for setting strictness and lenient to JsonReaderTest  * Test #43: Changed tests to make use of assertThrows  * test #43: Changed tests to make use of assertThrows as per feedback  * Test #43: Update JsonWriterTest#testStrictnessNull to use assertThrows  * Test #43: Update JsonWriterTest#testStrictnessNull to use assertThrows  * test #43: Resolve PR recommendations  * Test #43: Mini change to TC  * Test #43: Mini change to TC  ---------  Co-authored-by: Marten Voorberg <martenvoorberg@gmail.com>  * doc #46: Resolved comments in main PR  * Feat #45: Change Gson.fromJson and Gson.toJson to be strict when the provided writer/reader is strict  * Fix #45: Small type  * Update gson/src/test/java/com/google/gson/stream/JsonReaderTest.java  Co-authored-by: Marcono1234 <Marcono1234@users.noreply.github.com>  * Fix #45: Resolve various comments by Marcono1234  * Update gson/src/main/java/com/google/gson/GsonBuilder.java  Co-authored-by: Marcono1234 <Marcono1234@users.noreply.github.com>  * Fix #45: Resolve various comments by Marcono1234  * Fix #45: Resolve various comments by eamonmcmanus  * Strictness mode follow-up  * Update Troubleshooting.md and Gson default lenient mode documentation  * Always use GSON strictness when set.  * Rename Strictness.DEFAULT to Strictness.LEGACY_STRICT  * Update JavaDoc with new strictness functionality  * Replace default with legacy strict for JsonReader javadoc  * Add JSONReader test cases for U2028 and U2029  * Refactor JSONReader#peekKeyWord() based on @eamonmcmanus's suggestion  * Deprecate setLenient in favor of setStrictness  ---------  Co-authored-by: Carl Peterson <unknown> Co-authored-by: Gustaf Johansson <gustajoh@kth.se> Co-authored-by: gustajoh <58432871+gustajoh@users.noreply.github.com> Co-authored-by: LMC117 <2295699210@qq.com> Co-authored-by: Marcono1234 <Marcono1234@users.noreply.github.com>  * Strictness follow-up (#2408)  * Strictness mode follow-up  - Remove mentions of `null` Gson strictness; this is an implementation detail - Fix incorrect / outdated documentation - Reduce links to RFC; if there is already a link to it in a previous sentence   don't link to it again - Extend and update tests - Minor punctuation changes in documentation for consistency  * Deprecate `setLenient` methods  * `strictness2` fixes & improvements (#2456)  * Adjust ProGuard default rules and shrinking tests (#2420)  * Adjust ProGuard default rules and shrinking tests  * Adjust comment  * Add shrinking test for class without no-args constructor; improve docs  * Improve Unsafe mention in Troubleshooting Guide  * Improve comment for `-if class *`  * Bump com.google.guava:guava from 32.0.1-jre to 32.1.1-jre (#2444)  Bumps [com.google.guava:guava](https://github.com/google/guava) from 32.0.1-jre to 32.1.1-jre. - [Release notes](https://github.com/google/guava/releases) - [Commits](https://github.com/google/guava/commits)  --- updated-dependencies: - dependency-name: com.google.guava:guava   dependency-type: direct:production   update-type: version-update:semver-minor ...  Signed-off-by: dependabot[bot] <support@github.com> Co-authored-by: dependabot[bot] <49699333+dependabot[bot]@users.noreply.github.com>  * Bump com.google.guava:guava-testlib from 32.0.1-jre to 32.1.1-jre (#2443)  Bumps [com.google.guava:guava-testlib](https://github.com/google/guava) from 32.0.1-jre to 32.1.1-jre. - [Release notes](https://github.com/google/guava/releases) - [Commits](https://github.com/google/guava/commits)  --- updated-dependencies: - dependency-name: com.google.guava:guava-testlib   dependency-type: direct:development   update-type: version-update:semver-minor ...  Signed-off-by: dependabot[bot] <support@github.com> Co-authored-by: dependabot[bot] <49699333+dependabot[bot]@users.noreply.github.com>  * Support non-generic type for `TypeToken.getParameterized` for legacy reasons (#2447)  This partially restores the behavior before a589ef20087b4b0f1ec3048d3ceaef1eedccd09d, except that back then for a non-generic type a bogus `TypeToken(ParameterizedType)` was created, whereas now a `TypeToken(Class)` is created instead.  * Fixed Typo in GsonBuilder.java (#2449)  * Make date-formatting tests less fragile with regular expressions. (#2450)  * Make date-formatting tests less fragile with regular expressions.  This is not great. We should really ensure that formatted dates are the same regardless of JDK version. There is code that attempts to do that but it is not really effective. So for now we fudge around the differences by using regular expressions to paper over the differences.  * Temporarily add test-debugging code.  * Another attempt at debugging a test failure.  * Fix pattern in assertion.  * Modification in test cases (#2454)  * Fixed Typo in GsonBuilder.java  * Suggestions on Test cases  * Modified test cases using assertThrows method (JUnit)  * Update gson/src/test/java/com/google/gson/JsonArrayAsListTest.java  Co-authored-by: Marcono1234 <Marcono1234@users.noreply.github.com>  * Update gson/src/test/java/com/google/gson/GsonTest.java  Co-authored-by: Marcono1234 <Marcono1234@users.noreply.github.com>  * Update gson/src/test/java/com/google/gson/JsonArrayAsListTest.java  Co-authored-by: Marcono1234 <Marcono1234@users.noreply.github.com>  * Update gson/src/test/java/com/google/gson/JsonStreamParserTest.java  Co-authored-by: Marcono1234 <Marcono1234@users.noreply.github.com>  * Update gson/src/test/java/com/google/gson/JsonStreamParserTest.java  Co-authored-by: Marcono1234 <Marcono1234@users.noreply.github.com>  * Update gson/src/test/java/com/google/gson/JsonStreamParserTest.java  Co-authored-by: Marcono1234 <Marcono1234@users.noreply.github.com>  * Update gson/src/test/java/com/google/gson/ToNumberPolicyTest.java  Co-authored-by: Marcono1234 <Marcono1234@users.noreply.github.com>  * Update gson/src/test/java/com/google/gson/TypeAdapterTest.java  Co-authored-by: Marcono1234 <Marcono1234@users.noreply.github.com>  * Update gson/src/test/java/com/google/gson/TypeAdapterTest.java  Co-authored-by: Marcono1234 <Marcono1234@users.noreply.github.com>  * Update gson/src/test/java/com/google/gson/ToNumberPolicyTest.java  Co-authored-by: Marcono1234 <Marcono1234@users.noreply.github.com>  * Update gson/src/test/java/com/google/gson/ToNumberPolicyTest.java  Co-authored-by: Marcono1234 <Marcono1234@users.noreply.github.com>  ---------  Co-authored-by: Marcono1234 <Marcono1234@users.noreply.github.com>  * Minor follow-up changes  ---------  Signed-off-by: dependabot[bot] <support@github.com> Co-authored-by: dependabot[bot] <49699333+dependabot[bot]@users.noreply.github.com> Co-authored-by: elevne <97422844+elevne@users.noreply.github.com> Co-authored-by: Éamonn McManus <emcmanus@google.com> Co-authored-by: Wonil <cwi5525@naver.com>  ---------  Signed-off-by: dependabot[bot] <support@github.com> Co-authored-by: Marten <martenvoorberg@gmail.com> Co-authored-by: Gustaf Johansson <gustajoh@kth.se> Co-authored-by: gustajoh <58432871+gustajoh@users.noreply.github.com> Co-authored-by: LMC117 <2295699210@qq.com> Co-authored-by: Marcono1234 <Marcono1234@users.noreply.github.com> Co-authored-by: dependabot[bot] <49699333+dependabot[bot]@users.noreply.github.com> Co-authored-by: elevne <97422844+elevne@users.noreply.github.com> Co-authored-by: Wonil <cwi5525@naver.com>",1
gson/src/main/java/com/google/gson/GsonBuilder.java,30,1,46,78,302,216,57,44,32,32,1,85,4,gson,https://github.com/google/gson.git,b3dce2dc17086c72bd1f8ccf508874849f9631bb,3d241ca0a6435cbf1fa1cdaed2af8480b99fecde,"Strict mode for JSON parsing, contributed by @marten-voorberg. (#2437)  * Strict mode for JSON parsing (#2323)  * Feat #6: Add strict flag to Gson and GsonBuilder  * Test #2: Add failing tests for capitalized keywords  * Feat #2: JsonReader does not read (partially) capitalized keywords if strict mode is used  * Feat #3: Added implementation and tests for JSONReader not accepting specific escape sequence representing in strict mode  * Test #3: Simplify test cases by removing unnecessary array  * Feat #3: Improve error by including the illegal character  * Feat #5: JsonReader does not allow unespaced control flow characters in strict mode  * Test #5: Test unespaced control flow characters in strict mode  * Feat #4: Disallow espaced newline character in strict mode  * Test #4: Add tests for (dis)allowing newline character depensding on strictness  * Test #5: Test case for unescaped control char in non-strict mode  * Test #2: Simplify test cases  * Feat #13: Change leniency API to Strictness enum in JsonReader, Gson, and GsonBuilder  * Feat #15: Change JsonWriter API to also use Strictness  * Test #15: Test Strictness in JsonWriter API  * Doc #15: Add and update documentation for Strictness in JsonWriter API  * refactor #12: Fixed typos and empty catch brackets in tests  * refactor #12: Resolved importing wildcards, made some lines adhere to Google java style  * #5 Add test case for unescaped control characters  * Feat #5: add new lines to make JsonReader able to detect unescaped control characters (U+0000 through U+001F) and throw exceptions.  * Feat #5: add new lines to make JsonReader able to detect unescaped control characters (U+0000 through U+001F) and throw exceptions.  * Test #11: Added two tests for testing implementation of control character handling in strict mode and moved the implementation to nextQuotedValue  * Test #11: Added two tests for testing implementation of control character handling in strict mode and moved the implementation to nextQuotedValue  ---------  Co-authored-by: LMC117 <2295699210@qq.com> Co-authored-by: Marten Voorberg <martenvoorberg@gmail.com>  * Doc #17: Add and change javadoc of public methods  * Doc #17: Update JavaDoc in JsonReader and Strictness  * Doc #17: Update JavaDoc in Gson and GsonBuilder  * Test #34: Add tests for setting strictness through GsonBuilder  * Fix: Add Fix broken test  * Fix: Invalid JavaDoc in Gson.java  * Doc #17: update outdated javadoc  * #37: Resolve more PR feedback   * Fix #37: Resolve various PR comments  * Fix #37: Resolve various PR comments  * Refactor #35: Refactor JsonReader#peekKeyword to reduce the amount of strictness checks (#39)  * Doc #40: Update JavaDoc based on PR feedback  * Doc #40: Update old RFC in GsonBuilder documentation  * Doc #40: Fix formatting error in JavaDoc  * Doc #40: Add tests for setting strictness and lenient to JsonReaderTest  * Test #43: Changed tests to make use of assertThrows  * test #43: Changed tests to make use of assertThrows as per feedback  * Test #43: Update JsonWriterTest#testStrictnessNull to use assertThrows  * Test #43: Update JsonWriterTest#testStrictnessNull to use assertThrows  * test #43: Resolve PR recommendations  * Test #43: Mini change to TC  * Test #43: Mini change to TC  ---------  Co-authored-by: Marten Voorberg <martenvoorberg@gmail.com>  * doc #46: Resolved comments in main PR  * Feat #45: Change Gson.fromJson and Gson.toJson to be strict when the provided writer/reader is strict  * Fix #45: Small type  * Update gson/src/test/java/com/google/gson/stream/JsonReaderTest.java  Co-authored-by: Marcono1234 <Marcono1234@users.noreply.github.com>  * Fix #45: Resolve various comments by Marcono1234  * Update gson/src/main/java/com/google/gson/GsonBuilder.java  Co-authored-by: Marcono1234 <Marcono1234@users.noreply.github.com>  * Fix #45: Resolve various comments by Marcono1234  * Fix #45: Resolve various comments by eamonmcmanus  * Strictness mode follow-up  * Update Troubleshooting.md and Gson default lenient mode documentation  * Always use GSON strictness when set.  * Rename Strictness.DEFAULT to Strictness.LEGACY_STRICT  * Update JavaDoc with new strictness functionality  * Replace default with legacy strict for JsonReader javadoc  * Add JSONReader test cases for U2028 and U2029  * Refactor JSONReader#peekKeyWord() based on @eamonmcmanus's suggestion  * Deprecate setLenient in favor of setStrictness  ---------  Co-authored-by: Carl Peterson <unknown> Co-authored-by: Gustaf Johansson <gustajoh@kth.se> Co-authored-by: gustajoh <58432871+gustajoh@users.noreply.github.com> Co-authored-by: LMC117 <2295699210@qq.com> Co-authored-by: Marcono1234 <Marcono1234@users.noreply.github.com>  * Strictness follow-up (#2408)  * Strictness mode follow-up  - Remove mentions of `null` Gson strictness; this is an implementation detail - Fix incorrect / outdated documentation - Reduce links to RFC; if there is already a link to it in a previous sentence   don't link to it again - Extend and update tests - Minor punctuation changes in documentation for consistency  * Deprecate `setLenient` methods  * `strictness2` fixes & improvements (#2456)  * Adjust ProGuard default rules and shrinking tests (#2420)  * Adjust ProGuard default rules and shrinking tests  * Adjust comment  * Add shrinking test for class without no-args constructor; improve docs  * Improve Unsafe mention in Troubleshooting Guide  * Improve comment for `-if class *`  * Bump com.google.guava:guava from 32.0.1-jre to 32.1.1-jre (#2444)  Bumps [com.google.guava:guava](https://github.com/google/guava) from 32.0.1-jre to 32.1.1-jre. - [Release notes](https://github.com/google/guava/releases) - [Commits](https://github.com/google/guava/commits)  --- updated-dependencies: - dependency-name: com.google.guava:guava   dependency-type: direct:production   update-type: version-update:semver-minor ...  Signed-off-by: dependabot[bot] <support@github.com> Co-authored-by: dependabot[bot] <49699333+dependabot[bot]@users.noreply.github.com>  * Bump com.google.guava:guava-testlib from 32.0.1-jre to 32.1.1-jre (#2443)  Bumps [com.google.guava:guava-testlib](https://github.com/google/guava) from 32.0.1-jre to 32.1.1-jre. - [Release notes](https://github.com/google/guava/releases) - [Commits](https://github.com/google/guava/commits)  --- updated-dependencies: - dependency-name: com.google.guava:guava-testlib   dependency-type: direct:development   update-type: version-update:semver-minor ...  Signed-off-by: dependabot[bot] <support@github.com> Co-authored-by: dependabot[bot] <49699333+dependabot[bot]@users.noreply.github.com>  * Support non-generic type for `TypeToken.getParameterized` for legacy reasons (#2447)  This partially restores the behavior before a589ef20087b4b0f1ec3048d3ceaef1eedccd09d, except that back then for a non-generic type a bogus `TypeToken(ParameterizedType)` was created, whereas now a `TypeToken(Class)` is created instead.  * Fixed Typo in GsonBuilder.java (#2449)  * Make date-formatting tests less fragile with regular expressions. (#2450)  * Make date-formatting tests less fragile with regular expressions.  This is not great. We should really ensure that formatted dates are the same regardless of JDK version. There is code that attempts to do that but it is not really effective. So for now we fudge around the differences by using regular expressions to paper over the differences.  * Temporarily add test-debugging code.  * Another attempt at debugging a test failure.  * Fix pattern in assertion.  * Modification in test cases (#2454)  * Fixed Typo in GsonBuilder.java  * Suggestions on Test cases  * Modified test cases using assertThrows method (JUnit)  * Update gson/src/test/java/com/google/gson/JsonArrayAsListTest.java  Co-authored-by: Marcono1234 <Marcono1234@users.noreply.github.com>  * Update gson/src/test/java/com/google/gson/GsonTest.java  Co-authored-by: Marcono1234 <Marcono1234@users.noreply.github.com>  * Update gson/src/test/java/com/google/gson/JsonArrayAsListTest.java  Co-authored-by: Marcono1234 <Marcono1234@users.noreply.github.com>  * Update gson/src/test/java/com/google/gson/JsonStreamParserTest.java  Co-authored-by: Marcono1234 <Marcono1234@users.noreply.github.com>  * Update gson/src/test/java/com/google/gson/JsonStreamParserTest.java  Co-authored-by: Marcono1234 <Marcono1234@users.noreply.github.com>  * Update gson/src/test/java/com/google/gson/JsonStreamParserTest.java  Co-authored-by: Marcono1234 <Marcono1234@users.noreply.github.com>  * Update gson/src/test/java/com/google/gson/ToNumberPolicyTest.java  Co-authored-by: Marcono1234 <Marcono1234@users.noreply.github.com>  * Update gson/src/test/java/com/google/gson/TypeAdapterTest.java  Co-authored-by: Marcono1234 <Marcono1234@users.noreply.github.com>  * Update gson/src/test/java/com/google/gson/TypeAdapterTest.java  Co-authored-by: Marcono1234 <Marcono1234@users.noreply.github.com>  * Update gson/src/test/java/com/google/gson/ToNumberPolicyTest.java  Co-authored-by: Marcono1234 <Marcono1234@users.noreply.github.com>  * Update gson/src/test/java/com/google/gson/ToNumberPolicyTest.java  Co-authored-by: Marcono1234 <Marcono1234@users.noreply.github.com>  ---------  Co-authored-by: Marcono1234 <Marcono1234@users.noreply.github.com>  * Minor follow-up changes  ---------  Signed-off-by: dependabot[bot] <support@github.com> Co-authored-by: dependabot[bot] <49699333+dependabot[bot]@users.noreply.github.com> Co-authored-by: elevne <97422844+elevne@users.noreply.github.com> Co-authored-by: Éamonn McManus <emcmanus@google.com> Co-authored-by: Wonil <cwi5525@naver.com>  ---------  Signed-off-by: dependabot[bot] <support@github.com> Co-authored-by: Marten <martenvoorberg@gmail.com> Co-authored-by: Gustaf Johansson <gustajoh@kth.se> Co-authored-by: gustajoh <58432871+gustajoh@users.noreply.github.com> Co-authored-by: LMC117 <2295699210@qq.com> Co-authored-by: Marcono1234 <Marcono1234@users.noreply.github.com> Co-authored-by: dependabot[bot] <49699333+dependabot[bot]@users.noreply.github.com> Co-authored-by: elevne <97422844+elevne@users.noreply.github.com> Co-authored-by: Wonil <cwi5525@naver.com>",1
gson/src/main/java/com/google/gson/JsonElement.java,1,1,26,15,100,2,29,27,22,22,0,2,3,gson,https://github.com/google/gson.git,b3dce2dc17086c72bd1f8ccf508874849f9631bb,3d241ca0a6435cbf1fa1cdaed2af8480b99fecde,"Strict mode for JSON parsing, contributed by @marten-voorberg. (#2437)  * Strict mode for JSON parsing (#2323)  * Feat #6: Add strict flag to Gson and GsonBuilder  * Test #2: Add failing tests for capitalized keywords  * Feat #2: JsonReader does not read (partially) capitalized keywords if strict mode is used  * Feat #3: Added implementation and tests for JSONReader not accepting specific escape sequence representing in strict mode  * Test #3: Simplify test cases by removing unnecessary array  * Feat #3: Improve error by including the illegal character  * Feat #5: JsonReader does not allow unespaced control flow characters in strict mode  * Test #5: Test unespaced control flow characters in strict mode  * Feat #4: Disallow espaced newline character in strict mode  * Test #4: Add tests for (dis)allowing newline character depensding on strictness  * Test #5: Test case for unescaped control char in non-strict mode  * Test #2: Simplify test cases  * Feat #13: Change leniency API to Strictness enum in JsonReader, Gson, and GsonBuilder  * Feat #15: Change JsonWriter API to also use Strictness  * Test #15: Test Strictness in JsonWriter API  * Doc #15: Add and update documentation for Strictness in JsonWriter API  * refactor #12: Fixed typos and empty catch brackets in tests  * refactor #12: Resolved importing wildcards, made some lines adhere to Google java style  * #5 Add test case for unescaped control characters  * Feat #5: add new lines to make JsonReader able to detect unescaped control characters (U+0000 through U+001F) and throw exceptions.  * Feat #5: add new lines to make JsonReader able to detect unescaped control characters (U+0000 through U+001F) and throw exceptions.  * Test #11: Added two tests for testing implementation of control character handling in strict mode and moved the implementation to nextQuotedValue  * Test #11: Added two tests for testing implementation of control character handling in strict mode and moved the implementation to nextQuotedValue  ---------  Co-authored-by: LMC117 <2295699210@qq.com> Co-authored-by: Marten Voorberg <martenvoorberg@gmail.com>  * Doc #17: Add and change javadoc of public methods  * Doc #17: Update JavaDoc in JsonReader and Strictness  * Doc #17: Update JavaDoc in Gson and GsonBuilder  * Test #34: Add tests for setting strictness through GsonBuilder  * Fix: Add Fix broken test  * Fix: Invalid JavaDoc in Gson.java  * Doc #17: update outdated javadoc  * #37: Resolve more PR feedback   * Fix #37: Resolve various PR comments  * Fix #37: Resolve various PR comments  * Refactor #35: Refactor JsonReader#peekKeyword to reduce the amount of strictness checks (#39)  * Doc #40: Update JavaDoc based on PR feedback  * Doc #40: Update old RFC in GsonBuilder documentation  * Doc #40: Fix formatting error in JavaDoc  * Doc #40: Add tests for setting strictness and lenient to JsonReaderTest  * Test #43: Changed tests to make use of assertThrows  * test #43: Changed tests to make use of assertThrows as per feedback  * Test #43: Update JsonWriterTest#testStrictnessNull to use assertThrows  * Test #43: Update JsonWriterTest#testStrictnessNull to use assertThrows  * test #43: Resolve PR recommendations  * Test #43: Mini change to TC  * Test #43: Mini change to TC  ---------  Co-authored-by: Marten Voorberg <martenvoorberg@gmail.com>  * doc #46: Resolved comments in main PR  * Feat #45: Change Gson.fromJson and Gson.toJson to be strict when the provided writer/reader is strict  * Fix #45: Small type  * Update gson/src/test/java/com/google/gson/stream/JsonReaderTest.java  Co-authored-by: Marcono1234 <Marcono1234@users.noreply.github.com>  * Fix #45: Resolve various comments by Marcono1234  * Update gson/src/main/java/com/google/gson/GsonBuilder.java  Co-authored-by: Marcono1234 <Marcono1234@users.noreply.github.com>  * Fix #45: Resolve various comments by Marcono1234  * Fix #45: Resolve various comments by eamonmcmanus  * Strictness mode follow-up  * Update Troubleshooting.md and Gson default lenient mode documentation  * Always use GSON strictness when set.  * Rename Strictness.DEFAULT to Strictness.LEGACY_STRICT  * Update JavaDoc with new strictness functionality  * Replace default with legacy strict for JsonReader javadoc  * Add JSONReader test cases for U2028 and U2029  * Refactor JSONReader#peekKeyWord() based on @eamonmcmanus's suggestion  * Deprecate setLenient in favor of setStrictness  ---------  Co-authored-by: Carl Peterson <unknown> Co-authored-by: Gustaf Johansson <gustajoh@kth.se> Co-authored-by: gustajoh <58432871+gustajoh@users.noreply.github.com> Co-authored-by: LMC117 <2295699210@qq.com> Co-authored-by: Marcono1234 <Marcono1234@users.noreply.github.com>  * Strictness follow-up (#2408)  * Strictness mode follow-up  - Remove mentions of `null` Gson strictness; this is an implementation detail - Fix incorrect / outdated documentation - Reduce links to RFC; if there is already a link to it in a previous sentence   don't link to it again - Extend and update tests - Minor punctuation changes in documentation for consistency  * Deprecate `setLenient` methods  * `strictness2` fixes & improvements (#2456)  * Adjust ProGuard default rules and shrinking tests (#2420)  * Adjust ProGuard default rules and shrinking tests  * Adjust comment  * Add shrinking test for class without no-args constructor; improve docs  * Improve Unsafe mention in Troubleshooting Guide  * Improve comment for `-if class *`  * Bump com.google.guava:guava from 32.0.1-jre to 32.1.1-jre (#2444)  Bumps [com.google.guava:guava](https://github.com/google/guava) from 32.0.1-jre to 32.1.1-jre. - [Release notes](https://github.com/google/guava/releases) - [Commits](https://github.com/google/guava/commits)  --- updated-dependencies: - dependency-name: com.google.guava:guava   dependency-type: direct:production   update-type: version-update:semver-minor ...  Signed-off-by: dependabot[bot] <support@github.com> Co-authored-by: dependabot[bot] <49699333+dependabot[bot]@users.noreply.github.com>  * Bump com.google.guava:guava-testlib from 32.0.1-jre to 32.1.1-jre (#2443)  Bumps [com.google.guava:guava-testlib](https://github.com/google/guava) from 32.0.1-jre to 32.1.1-jre. - [Release notes](https://github.com/google/guava/releases) - [Commits](https://github.com/google/guava/commits)  --- updated-dependencies: - dependency-name: com.google.guava:guava-testlib   dependency-type: direct:development   update-type: version-update:semver-minor ...  Signed-off-by: dependabot[bot] <support@github.com> Co-authored-by: dependabot[bot] <49699333+dependabot[bot]@users.noreply.github.com>  * Support non-generic type for `TypeToken.getParameterized` for legacy reasons (#2447)  This partially restores the behavior before a589ef20087b4b0f1ec3048d3ceaef1eedccd09d, except that back then for a non-generic type a bogus `TypeToken(ParameterizedType)` was created, whereas now a `TypeToken(Class)` is created instead.  * Fixed Typo in GsonBuilder.java (#2449)  * Make date-formatting tests less fragile with regular expressions. (#2450)  * Make date-formatting tests less fragile with regular expressions.  This is not great. We should really ensure that formatted dates are the same regardless of JDK version. There is code that attempts to do that but it is not really effective. So for now we fudge around the differences by using regular expressions to paper over the differences.  * Temporarily add test-debugging code.  * Another attempt at debugging a test failure.  * Fix pattern in assertion.  * Modification in test cases (#2454)  * Fixed Typo in GsonBuilder.java  * Suggestions on Test cases  * Modified test cases using assertThrows method (JUnit)  * Update gson/src/test/java/com/google/gson/JsonArrayAsListTest.java  Co-authored-by: Marcono1234 <Marcono1234@users.noreply.github.com>  * Update gson/src/test/java/com/google/gson/GsonTest.java  Co-authored-by: Marcono1234 <Marcono1234@users.noreply.github.com>  * Update gson/src/test/java/com/google/gson/JsonArrayAsListTest.java  Co-authored-by: Marcono1234 <Marcono1234@users.noreply.github.com>  * Update gson/src/test/java/com/google/gson/JsonStreamParserTest.java  Co-authored-by: Marcono1234 <Marcono1234@users.noreply.github.com>  * Update gson/src/test/java/com/google/gson/JsonStreamParserTest.java  Co-authored-by: Marcono1234 <Marcono1234@users.noreply.github.com>  * Update gson/src/test/java/com/google/gson/JsonStreamParserTest.java  Co-authored-by: Marcono1234 <Marcono1234@users.noreply.github.com>  * Update gson/src/test/java/com/google/gson/ToNumberPolicyTest.java  Co-authored-by: Marcono1234 <Marcono1234@users.noreply.github.com>  * Update gson/src/test/java/com/google/gson/TypeAdapterTest.java  Co-authored-by: Marcono1234 <Marcono1234@users.noreply.github.com>  * Update gson/src/test/java/com/google/gson/TypeAdapterTest.java  Co-authored-by: Marcono1234 <Marcono1234@users.noreply.github.com>  * Update gson/src/test/java/com/google/gson/ToNumberPolicyTest.java  Co-authored-by: Marcono1234 <Marcono1234@users.noreply.github.com>  * Update gson/src/test/java/com/google/gson/ToNumberPolicyTest.java  Co-authored-by: Marcono1234 <Marcono1234@users.noreply.github.com>  ---------  Co-authored-by: Marcono1234 <Marcono1234@users.noreply.github.com>  * Minor follow-up changes  ---------  Signed-off-by: dependabot[bot] <support@github.com> Co-authored-by: dependabot[bot] <49699333+dependabot[bot]@users.noreply.github.com> Co-authored-by: elevne <97422844+elevne@users.noreply.github.com> Co-authored-by: Éamonn McManus <emcmanus@google.com> Co-authored-by: Wonil <cwi5525@naver.com>  ---------  Signed-off-by: dependabot[bot] <support@github.com> Co-authored-by: Marten <martenvoorberg@gmail.com> Co-authored-by: Gustaf Johansson <gustajoh@kth.se> Co-authored-by: gustajoh <58432871+gustajoh@users.noreply.github.com> Co-authored-by: LMC117 <2295699210@qq.com> Co-authored-by: Marcono1234 <Marcono1234@users.noreply.github.com> Co-authored-by: dependabot[bot] <49699333+dependabot[bot]@users.noreply.github.com> Co-authored-by: elevne <97422844+elevne@users.noreply.github.com> Co-authored-by: Wonil <cwi5525@naver.com>",1
gson/src/main/java/com/google/gson/JsonParser.java,4,1,16,9,61,7,8,7,1,1,0,9,4,gson,https://github.com/google/gson.git,b3dce2dc17086c72bd1f8ccf508874849f9631bb,3d241ca0a6435cbf1fa1cdaed2af8480b99fecde,"Strict mode for JSON parsing, contributed by @marten-voorberg. (#2437)  * Strict mode for JSON parsing (#2323)  * Feat #6: Add strict flag to Gson and GsonBuilder  * Test #2: Add failing tests for capitalized keywords  * Feat #2: JsonReader does not read (partially) capitalized keywords if strict mode is used  * Feat #3: Added implementation and tests for JSONReader not accepting specific escape sequence representing in strict mode  * Test #3: Simplify test cases by removing unnecessary array  * Feat #3: Improve error by including the illegal character  * Feat #5: JsonReader does not allow unespaced control flow characters in strict mode  * Test #5: Test unespaced control flow characters in strict mode  * Feat #4: Disallow espaced newline character in strict mode  * Test #4: Add tests for (dis)allowing newline character depensding on strictness  * Test #5: Test case for unescaped control char in non-strict mode  * Test #2: Simplify test cases  * Feat #13: Change leniency API to Strictness enum in JsonReader, Gson, and GsonBuilder  * Feat #15: Change JsonWriter API to also use Strictness  * Test #15: Test Strictness in JsonWriter API  * Doc #15: Add and update documentation for Strictness in JsonWriter API  * refactor #12: Fixed typos and empty catch brackets in tests  * refactor #12: Resolved importing wildcards, made some lines adhere to Google java style  * #5 Add test case for unescaped control characters  * Feat #5: add new lines to make JsonReader able to detect unescaped control characters (U+0000 through U+001F) and throw exceptions.  * Feat #5: add new lines to make JsonReader able to detect unescaped control characters (U+0000 through U+001F) and throw exceptions.  * Test #11: Added two tests for testing implementation of control character handling in strict mode and moved the implementation to nextQuotedValue  * Test #11: Added two tests for testing implementation of control character handling in strict mode and moved the implementation to nextQuotedValue  ---------  Co-authored-by: LMC117 <2295699210@qq.com> Co-authored-by: Marten Voorberg <martenvoorberg@gmail.com>  * Doc #17: Add and change javadoc of public methods  * Doc #17: Update JavaDoc in JsonReader and Strictness  * Doc #17: Update JavaDoc in Gson and GsonBuilder  * Test #34: Add tests for setting strictness through GsonBuilder  * Fix: Add Fix broken test  * Fix: Invalid JavaDoc in Gson.java  * Doc #17: update outdated javadoc  * #37: Resolve more PR feedback   * Fix #37: Resolve various PR comments  * Fix #37: Resolve various PR comments  * Refactor #35: Refactor JsonReader#peekKeyword to reduce the amount of strictness checks (#39)  * Doc #40: Update JavaDoc based on PR feedback  * Doc #40: Update old RFC in GsonBuilder documentation  * Doc #40: Fix formatting error in JavaDoc  * Doc #40: Add tests for setting strictness and lenient to JsonReaderTest  * Test #43: Changed tests to make use of assertThrows  * test #43: Changed tests to make use of assertThrows as per feedback  * Test #43: Update JsonWriterTest#testStrictnessNull to use assertThrows  * Test #43: Update JsonWriterTest#testStrictnessNull to use assertThrows  * test #43: Resolve PR recommendations  * Test #43: Mini change to TC  * Test #43: Mini change to TC  ---------  Co-authored-by: Marten Voorberg <martenvoorberg@gmail.com>  * doc #46: Resolved comments in main PR  * Feat #45: Change Gson.fromJson and Gson.toJson to be strict when the provided writer/reader is strict  * Fix #45: Small type  * Update gson/src/test/java/com/google/gson/stream/JsonReaderTest.java  Co-authored-by: Marcono1234 <Marcono1234@users.noreply.github.com>  * Fix #45: Resolve various comments by Marcono1234  * Update gson/src/main/java/com/google/gson/GsonBuilder.java  Co-authored-by: Marcono1234 <Marcono1234@users.noreply.github.com>  * Fix #45: Resolve various comments by Marcono1234  * Fix #45: Resolve various comments by eamonmcmanus  * Strictness mode follow-up  * Update Troubleshooting.md and Gson default lenient mode documentation  * Always use GSON strictness when set.  * Rename Strictness.DEFAULT to Strictness.LEGACY_STRICT  * Update JavaDoc with new strictness functionality  * Replace default with legacy strict for JsonReader javadoc  * Add JSONReader test cases for U2028 and U2029  * Refactor JSONReader#peekKeyWord() based on @eamonmcmanus's suggestion  * Deprecate setLenient in favor of setStrictness  ---------  Co-authored-by: Carl Peterson <unknown> Co-authored-by: Gustaf Johansson <gustajoh@kth.se> Co-authored-by: gustajoh <58432871+gustajoh@users.noreply.github.com> Co-authored-by: LMC117 <2295699210@qq.com> Co-authored-by: Marcono1234 <Marcono1234@users.noreply.github.com>  * Strictness follow-up (#2408)  * Strictness mode follow-up  - Remove mentions of `null` Gson strictness; this is an implementation detail - Fix incorrect / outdated documentation - Reduce links to RFC; if there is already a link to it in a previous sentence   don't link to it again - Extend and update tests - Minor punctuation changes in documentation for consistency  * Deprecate `setLenient` methods  * `strictness2` fixes & improvements (#2456)  * Adjust ProGuard default rules and shrinking tests (#2420)  * Adjust ProGuard default rules and shrinking tests  * Adjust comment  * Add shrinking test for class without no-args constructor; improve docs  * Improve Unsafe mention in Troubleshooting Guide  * Improve comment for `-if class *`  * Bump com.google.guava:guava from 32.0.1-jre to 32.1.1-jre (#2444)  Bumps [com.google.guava:guava](https://github.com/google/guava) from 32.0.1-jre to 32.1.1-jre. - [Release notes](https://github.com/google/guava/releases) - [Commits](https://github.com/google/guava/commits)  --- updated-dependencies: - dependency-name: com.google.guava:guava   dependency-type: direct:production   update-type: version-update:semver-minor ...  Signed-off-by: dependabot[bot] <support@github.com> Co-authored-by: dependabot[bot] <49699333+dependabot[bot]@users.noreply.github.com>  * Bump com.google.guava:guava-testlib from 32.0.1-jre to 32.1.1-jre (#2443)  Bumps [com.google.guava:guava-testlib](https://github.com/google/guava) from 32.0.1-jre to 32.1.1-jre. - [Release notes](https://github.com/google/guava/releases) - [Commits](https://github.com/google/guava/commits)  --- updated-dependencies: - dependency-name: com.google.guava:guava-testlib   dependency-type: direct:development   update-type: version-update:semver-minor ...  Signed-off-by: dependabot[bot] <support@github.com> Co-authored-by: dependabot[bot] <49699333+dependabot[bot]@users.noreply.github.com>  * Support non-generic type for `TypeToken.getParameterized` for legacy reasons (#2447)  This partially restores the behavior before a589ef20087b4b0f1ec3048d3ceaef1eedccd09d, except that back then for a non-generic type a bogus `TypeToken(ParameterizedType)` was created, whereas now a `TypeToken(Class)` is created instead.  * Fixed Typo in GsonBuilder.java (#2449)  * Make date-formatting tests less fragile with regular expressions. (#2450)  * Make date-formatting tests less fragile with regular expressions.  This is not great. We should really ensure that formatted dates are the same regardless of JDK version. There is code that attempts to do that but it is not really effective. So for now we fudge around the differences by using regular expressions to paper over the differences.  * Temporarily add test-debugging code.  * Another attempt at debugging a test failure.  * Fix pattern in assertion.  * Modification in test cases (#2454)  * Fixed Typo in GsonBuilder.java  * Suggestions on Test cases  * Modified test cases using assertThrows method (JUnit)  * Update gson/src/test/java/com/google/gson/JsonArrayAsListTest.java  Co-authored-by: Marcono1234 <Marcono1234@users.noreply.github.com>  * Update gson/src/test/java/com/google/gson/GsonTest.java  Co-authored-by: Marcono1234 <Marcono1234@users.noreply.github.com>  * Update gson/src/test/java/com/google/gson/JsonArrayAsListTest.java  Co-authored-by: Marcono1234 <Marcono1234@users.noreply.github.com>  * Update gson/src/test/java/com/google/gson/JsonStreamParserTest.java  Co-authored-by: Marcono1234 <Marcono1234@users.noreply.github.com>  * Update gson/src/test/java/com/google/gson/JsonStreamParserTest.java  Co-authored-by: Marcono1234 <Marcono1234@users.noreply.github.com>  * Update gson/src/test/java/com/google/gson/JsonStreamParserTest.java  Co-authored-by: Marcono1234 <Marcono1234@users.noreply.github.com>  * Update gson/src/test/java/com/google/gson/ToNumberPolicyTest.java  Co-authored-by: Marcono1234 <Marcono1234@users.noreply.github.com>  * Update gson/src/test/java/com/google/gson/TypeAdapterTest.java  Co-authored-by: Marcono1234 <Marcono1234@users.noreply.github.com>  * Update gson/src/test/java/com/google/gson/TypeAdapterTest.java  Co-authored-by: Marcono1234 <Marcono1234@users.noreply.github.com>  * Update gson/src/test/java/com/google/gson/ToNumberPolicyTest.java  Co-authored-by: Marcono1234 <Marcono1234@users.noreply.github.com>  * Update gson/src/test/java/com/google/gson/ToNumberPolicyTest.java  Co-authored-by: Marcono1234 <Marcono1234@users.noreply.github.com>  ---------  Co-authored-by: Marcono1234 <Marcono1234@users.noreply.github.com>  * Minor follow-up changes  ---------  Signed-off-by: dependabot[bot] <support@github.com> Co-authored-by: dependabot[bot] <49699333+dependabot[bot]@users.noreply.github.com> Co-authored-by: elevne <97422844+elevne@users.noreply.github.com> Co-authored-by: Éamonn McManus <emcmanus@google.com> Co-authored-by: Wonil <cwi5525@naver.com>  ---------  Signed-off-by: dependabot[bot] <support@github.com> Co-authored-by: Marten <martenvoorberg@gmail.com> Co-authored-by: Gustaf Johansson <gustajoh@kth.se> Co-authored-by: gustajoh <58432871+gustajoh@users.noreply.github.com> Co-authored-by: LMC117 <2295699210@qq.com> Co-authored-by: Marcono1234 <Marcono1234@users.noreply.github.com> Co-authored-by: dependabot[bot] <49699333+dependabot[bot]@users.noreply.github.com> Co-authored-by: elevne <97422844+elevne@users.noreply.github.com> Co-authored-by: Wonil <cwi5525@naver.com>",1
gson/src/main/java/com/google/gson/JsonStreamParser.java,1,1,19,5,51,9,4,10,4,4,0,4,4,gson,https://github.com/google/gson.git,b3dce2dc17086c72bd1f8ccf508874849f9631bb,3d241ca0a6435cbf1fa1cdaed2af8480b99fecde,"Strict mode for JSON parsing, contributed by @marten-voorberg. (#2437)  * Strict mode for JSON parsing (#2323)  * Feat #6: Add strict flag to Gson and GsonBuilder  * Test #2: Add failing tests for capitalized keywords  * Feat #2: JsonReader does not read (partially) capitalized keywords if strict mode is used  * Feat #3: Added implementation and tests for JSONReader not accepting specific escape sequence representing in strict mode  * Test #3: Simplify test cases by removing unnecessary array  * Feat #3: Improve error by including the illegal character  * Feat #5: JsonReader does not allow unespaced control flow characters in strict mode  * Test #5: Test unespaced control flow characters in strict mode  * Feat #4: Disallow espaced newline character in strict mode  * Test #4: Add tests for (dis)allowing newline character depensding on strictness  * Test #5: Test case for unescaped control char in non-strict mode  * Test #2: Simplify test cases  * Feat #13: Change leniency API to Strictness enum in JsonReader, Gson, and GsonBuilder  * Feat #15: Change JsonWriter API to also use Strictness  * Test #15: Test Strictness in JsonWriter API  * Doc #15: Add and update documentation for Strictness in JsonWriter API  * refactor #12: Fixed typos and empty catch brackets in tests  * refactor #12: Resolved importing wildcards, made some lines adhere to Google java style  * #5 Add test case for unescaped control characters  * Feat #5: add new lines to make JsonReader able to detect unescaped control characters (U+0000 through U+001F) and throw exceptions.  * Feat #5: add new lines to make JsonReader able to detect unescaped control characters (U+0000 through U+001F) and throw exceptions.  * Test #11: Added two tests for testing implementation of control character handling in strict mode and moved the implementation to nextQuotedValue  * Test #11: Added two tests for testing implementation of control character handling in strict mode and moved the implementation to nextQuotedValue  ---------  Co-authored-by: LMC117 <2295699210@qq.com> Co-authored-by: Marten Voorberg <martenvoorberg@gmail.com>  * Doc #17: Add and change javadoc of public methods  * Doc #17: Update JavaDoc in JsonReader and Strictness  * Doc #17: Update JavaDoc in Gson and GsonBuilder  * Test #34: Add tests for setting strictness through GsonBuilder  * Fix: Add Fix broken test  * Fix: Invalid JavaDoc in Gson.java  * Doc #17: update outdated javadoc  * #37: Resolve more PR feedback   * Fix #37: Resolve various PR comments  * Fix #37: Resolve various PR comments  * Refactor #35: Refactor JsonReader#peekKeyword to reduce the amount of strictness checks (#39)  * Doc #40: Update JavaDoc based on PR feedback  * Doc #40: Update old RFC in GsonBuilder documentation  * Doc #40: Fix formatting error in JavaDoc  * Doc #40: Add tests for setting strictness and lenient to JsonReaderTest  * Test #43: Changed tests to make use of assertThrows  * test #43: Changed tests to make use of assertThrows as per feedback  * Test #43: Update JsonWriterTest#testStrictnessNull to use assertThrows  * Test #43: Update JsonWriterTest#testStrictnessNull to use assertThrows  * test #43: Resolve PR recommendations  * Test #43: Mini change to TC  * Test #43: Mini change to TC  ---------  Co-authored-by: Marten Voorberg <martenvoorberg@gmail.com>  * doc #46: Resolved comments in main PR  * Feat #45: Change Gson.fromJson and Gson.toJson to be strict when the provided writer/reader is strict  * Fix #45: Small type  * Update gson/src/test/java/com/google/gson/stream/JsonReaderTest.java  Co-authored-by: Marcono1234 <Marcono1234@users.noreply.github.com>  * Fix #45: Resolve various comments by Marcono1234  * Update gson/src/main/java/com/google/gson/GsonBuilder.java  Co-authored-by: Marcono1234 <Marcono1234@users.noreply.github.com>  * Fix #45: Resolve various comments by Marcono1234  * Fix #45: Resolve various comments by eamonmcmanus  * Strictness mode follow-up  * Update Troubleshooting.md and Gson default lenient mode documentation  * Always use GSON strictness when set.  * Rename Strictness.DEFAULT to Strictness.LEGACY_STRICT  * Update JavaDoc with new strictness functionality  * Replace default with legacy strict for JsonReader javadoc  * Add JSONReader test cases for U2028 and U2029  * Refactor JSONReader#peekKeyWord() based on @eamonmcmanus's suggestion  * Deprecate setLenient in favor of setStrictness  ---------  Co-authored-by: Carl Peterson <unknown> Co-authored-by: Gustaf Johansson <gustajoh@kth.se> Co-authored-by: gustajoh <58432871+gustajoh@users.noreply.github.com> Co-authored-by: LMC117 <2295699210@qq.com> Co-authored-by: Marcono1234 <Marcono1234@users.noreply.github.com>  * Strictness follow-up (#2408)  * Strictness mode follow-up  - Remove mentions of `null` Gson strictness; this is an implementation detail - Fix incorrect / outdated documentation - Reduce links to RFC; if there is already a link to it in a previous sentence   don't link to it again - Extend and update tests - Minor punctuation changes in documentation for consistency  * Deprecate `setLenient` methods  * `strictness2` fixes & improvements (#2456)  * Adjust ProGuard default rules and shrinking tests (#2420)  * Adjust ProGuard default rules and shrinking tests  * Adjust comment  * Add shrinking test for class without no-args constructor; improve docs  * Improve Unsafe mention in Troubleshooting Guide  * Improve comment for `-if class *`  * Bump com.google.guava:guava from 32.0.1-jre to 32.1.1-jre (#2444)  Bumps [com.google.guava:guava](https://github.com/google/guava) from 32.0.1-jre to 32.1.1-jre. - [Release notes](https://github.com/google/guava/releases) - [Commits](https://github.com/google/guava/commits)  --- updated-dependencies: - dependency-name: com.google.guava:guava   dependency-type: direct:production   update-type: version-update:semver-minor ...  Signed-off-by: dependabot[bot] <support@github.com> Co-authored-by: dependabot[bot] <49699333+dependabot[bot]@users.noreply.github.com>  * Bump com.google.guava:guava-testlib from 32.0.1-jre to 32.1.1-jre (#2443)  Bumps [com.google.guava:guava-testlib](https://github.com/google/guava) from 32.0.1-jre to 32.1.1-jre. - [Release notes](https://github.com/google/guava/releases) - [Commits](https://github.com/google/guava/commits)  --- updated-dependencies: - dependency-name: com.google.guava:guava-testlib   dependency-type: direct:development   update-type: version-update:semver-minor ...  Signed-off-by: dependabot[bot] <support@github.com> Co-authored-by: dependabot[bot] <49699333+dependabot[bot]@users.noreply.github.com>  * Support non-generic type for `TypeToken.getParameterized` for legacy reasons (#2447)  This partially restores the behavior before a589ef20087b4b0f1ec3048d3ceaef1eedccd09d, except that back then for a non-generic type a bogus `TypeToken(ParameterizedType)` was created, whereas now a `TypeToken(Class)` is created instead.  * Fixed Typo in GsonBuilder.java (#2449)  * Make date-formatting tests less fragile with regular expressions. (#2450)  * Make date-formatting tests less fragile with regular expressions.  This is not great. We should really ensure that formatted dates are the same regardless of JDK version. There is code that attempts to do that but it is not really effective. So for now we fudge around the differences by using regular expressions to paper over the differences.  * Temporarily add test-debugging code.  * Another attempt at debugging a test failure.  * Fix pattern in assertion.  * Modification in test cases (#2454)  * Fixed Typo in GsonBuilder.java  * Suggestions on Test cases  * Modified test cases using assertThrows method (JUnit)  * Update gson/src/test/java/com/google/gson/JsonArrayAsListTest.java  Co-authored-by: Marcono1234 <Marcono1234@users.noreply.github.com>  * Update gson/src/test/java/com/google/gson/GsonTest.java  Co-authored-by: Marcono1234 <Marcono1234@users.noreply.github.com>  * Update gson/src/test/java/com/google/gson/JsonArrayAsListTest.java  Co-authored-by: Marcono1234 <Marcono1234@users.noreply.github.com>  * Update gson/src/test/java/com/google/gson/JsonStreamParserTest.java  Co-authored-by: Marcono1234 <Marcono1234@users.noreply.github.com>  * Update gson/src/test/java/com/google/gson/JsonStreamParserTest.java  Co-authored-by: Marcono1234 <Marcono1234@users.noreply.github.com>  * Update gson/src/test/java/com/google/gson/JsonStreamParserTest.java  Co-authored-by: Marcono1234 <Marcono1234@users.noreply.github.com>  * Update gson/src/test/java/com/google/gson/ToNumberPolicyTest.java  Co-authored-by: Marcono1234 <Marcono1234@users.noreply.github.com>  * Update gson/src/test/java/com/google/gson/TypeAdapterTest.java  Co-authored-by: Marcono1234 <Marcono1234@users.noreply.github.com>  * Update gson/src/test/java/com/google/gson/TypeAdapterTest.java  Co-authored-by: Marcono1234 <Marcono1234@users.noreply.github.com>  * Update gson/src/test/java/com/google/gson/ToNumberPolicyTest.java  Co-authored-by: Marcono1234 <Marcono1234@users.noreply.github.com>  * Update gson/src/test/java/com/google/gson/ToNumberPolicyTest.java  Co-authored-by: Marcono1234 <Marcono1234@users.noreply.github.com>  ---------  Co-authored-by: Marcono1234 <Marcono1234@users.noreply.github.com>  * Minor follow-up changes  ---------  Signed-off-by: dependabot[bot] <support@github.com> Co-authored-by: dependabot[bot] <49699333+dependabot[bot]@users.noreply.github.com> Co-authored-by: elevne <97422844+elevne@users.noreply.github.com> Co-authored-by: Éamonn McManus <emcmanus@google.com> Co-authored-by: Wonil <cwi5525@naver.com>  ---------  Signed-off-by: dependabot[bot] <support@github.com> Co-authored-by: Marten <martenvoorberg@gmail.com> Co-authored-by: Gustaf Johansson <gustajoh@kth.se> Co-authored-by: gustajoh <58432871+gustajoh@users.noreply.github.com> Co-authored-by: LMC117 <2295699210@qq.com> Co-authored-by: Marcono1234 <Marcono1234@users.noreply.github.com> Co-authored-by: dependabot[bot] <49699333+dependabot[bot]@users.noreply.github.com> Co-authored-by: elevne <97422844+elevne@users.noreply.github.com> Co-authored-by: Wonil <cwi5525@naver.com>",1
gson/src/main/java/com/google/gson/TypeAdapter.java,2,2,26,33,72,90,20,14,5,5,0,20,5,gson,https://github.com/google/gson.git,b3dce2dc17086c72bd1f8ccf508874849f9631bb,3d241ca0a6435cbf1fa1cdaed2af8480b99fecde,"Strict mode for JSON parsing, contributed by @marten-voorberg. (#2437)  * Strict mode for JSON parsing (#2323)  * Feat #6: Add strict flag to Gson and GsonBuilder  * Test #2: Add failing tests for capitalized keywords  * Feat #2: JsonReader does not read (partially) capitalized keywords if strict mode is used  * Feat #3: Added implementation and tests for JSONReader not accepting specific escape sequence representing in strict mode  * Test #3: Simplify test cases by removing unnecessary array  * Feat #3: Improve error by including the illegal character  * Feat #5: JsonReader does not allow unespaced control flow characters in strict mode  * Test #5: Test unespaced control flow characters in strict mode  * Feat #4: Disallow espaced newline character in strict mode  * Test #4: Add tests for (dis)allowing newline character depensding on strictness  * Test #5: Test case for unescaped control char in non-strict mode  * Test #2: Simplify test cases  * Feat #13: Change leniency API to Strictness enum in JsonReader, Gson, and GsonBuilder  * Feat #15: Change JsonWriter API to also use Strictness  * Test #15: Test Strictness in JsonWriter API  * Doc #15: Add and update documentation for Strictness in JsonWriter API  * refactor #12: Fixed typos and empty catch brackets in tests  * refactor #12: Resolved importing wildcards, made some lines adhere to Google java style  * #5 Add test case for unescaped control characters  * Feat #5: add new lines to make JsonReader able to detect unescaped control characters (U+0000 through U+001F) and throw exceptions.  * Feat #5: add new lines to make JsonReader able to detect unescaped control characters (U+0000 through U+001F) and throw exceptions.  * Test #11: Added two tests for testing implementation of control character handling in strict mode and moved the implementation to nextQuotedValue  * Test #11: Added two tests for testing implementation of control character handling in strict mode and moved the implementation to nextQuotedValue  ---------  Co-authored-by: LMC117 <2295699210@qq.com> Co-authored-by: Marten Voorberg <martenvoorberg@gmail.com>  * Doc #17: Add and change javadoc of public methods  * Doc #17: Update JavaDoc in JsonReader and Strictness  * Doc #17: Update JavaDoc in Gson and GsonBuilder  * Test #34: Add tests for setting strictness through GsonBuilder  * Fix: Add Fix broken test  * Fix: Invalid JavaDoc in Gson.java  * Doc #17: update outdated javadoc  * #37: Resolve more PR feedback   * Fix #37: Resolve various PR comments  * Fix #37: Resolve various PR comments  * Refactor #35: Refactor JsonReader#peekKeyword to reduce the amount of strictness checks (#39)  * Doc #40: Update JavaDoc based on PR feedback  * Doc #40: Update old RFC in GsonBuilder documentation  * Doc #40: Fix formatting error in JavaDoc  * Doc #40: Add tests for setting strictness and lenient to JsonReaderTest  * Test #43: Changed tests to make use of assertThrows  * test #43: Changed tests to make use of assertThrows as per feedback  * Test #43: Update JsonWriterTest#testStrictnessNull to use assertThrows  * Test #43: Update JsonWriterTest#testStrictnessNull to use assertThrows  * test #43: Resolve PR recommendations  * Test #43: Mini change to TC  * Test #43: Mini change to TC  ---------  Co-authored-by: Marten Voorberg <martenvoorberg@gmail.com>  * doc #46: Resolved comments in main PR  * Feat #45: Change Gson.fromJson and Gson.toJson to be strict when the provided writer/reader is strict  * Fix #45: Small type  * Update gson/src/test/java/com/google/gson/stream/JsonReaderTest.java  Co-authored-by: Marcono1234 <Marcono1234@users.noreply.github.com>  * Fix #45: Resolve various comments by Marcono1234  * Update gson/src/main/java/com/google/gson/GsonBuilder.java  Co-authored-by: Marcono1234 <Marcono1234@users.noreply.github.com>  * Fix #45: Resolve various comments by Marcono1234  * Fix #45: Resolve various comments by eamonmcmanus  * Strictness mode follow-up  * Update Troubleshooting.md and Gson default lenient mode documentation  * Always use GSON strictness when set.  * Rename Strictness.DEFAULT to Strictness.LEGACY_STRICT  * Update JavaDoc with new strictness functionality  * Replace default with legacy strict for JsonReader javadoc  * Add JSONReader test cases for U2028 and U2029  * Refactor JSONReader#peekKeyWord() based on @eamonmcmanus's suggestion  * Deprecate setLenient in favor of setStrictness  ---------  Co-authored-by: Carl Peterson <unknown> Co-authored-by: Gustaf Johansson <gustajoh@kth.se> Co-authored-by: gustajoh <58432871+gustajoh@users.noreply.github.com> Co-authored-by: LMC117 <2295699210@qq.com> Co-authored-by: Marcono1234 <Marcono1234@users.noreply.github.com>  * Strictness follow-up (#2408)  * Strictness mode follow-up  - Remove mentions of `null` Gson strictness; this is an implementation detail - Fix incorrect / outdated documentation - Reduce links to RFC; if there is already a link to it in a previous sentence   don't link to it again - Extend and update tests - Minor punctuation changes in documentation for consistency  * Deprecate `setLenient` methods  * `strictness2` fixes & improvements (#2456)  * Adjust ProGuard default rules and shrinking tests (#2420)  * Adjust ProGuard default rules and shrinking tests  * Adjust comment  * Add shrinking test for class without no-args constructor; improve docs  * Improve Unsafe mention in Troubleshooting Guide  * Improve comment for `-if class *`  * Bump com.google.guava:guava from 32.0.1-jre to 32.1.1-jre (#2444)  Bumps [com.google.guava:guava](https://github.com/google/guava) from 32.0.1-jre to 32.1.1-jre. - [Release notes](https://github.com/google/guava/releases) - [Commits](https://github.com/google/guava/commits)  --- updated-dependencies: - dependency-name: com.google.guava:guava   dependency-type: direct:production   update-type: version-update:semver-minor ...  Signed-off-by: dependabot[bot] <support@github.com> Co-authored-by: dependabot[bot] <49699333+dependabot[bot]@users.noreply.github.com>  * Bump com.google.guava:guava-testlib from 32.0.1-jre to 32.1.1-jre (#2443)  Bumps [com.google.guava:guava-testlib](https://github.com/google/guava) from 32.0.1-jre to 32.1.1-jre. - [Release notes](https://github.com/google/guava/releases) - [Commits](https://github.com/google/guava/commits)  --- updated-dependencies: - dependency-name: com.google.guava:guava-testlib   dependency-type: direct:development   update-type: version-update:semver-minor ...  Signed-off-by: dependabot[bot] <support@github.com> Co-authored-by: dependabot[bot] <49699333+dependabot[bot]@users.noreply.github.com>  * Support non-generic type for `TypeToken.getParameterized` for legacy reasons (#2447)  This partially restores the behavior before a589ef20087b4b0f1ec3048d3ceaef1eedccd09d, except that back then for a non-generic type a bogus `TypeToken(ParameterizedType)` was created, whereas now a `TypeToken(Class)` is created instead.  * Fixed Typo in GsonBuilder.java (#2449)  * Make date-formatting tests less fragile with regular expressions. (#2450)  * Make date-formatting tests less fragile with regular expressions.  This is not great. We should really ensure that formatted dates are the same regardless of JDK version. There is code that attempts to do that but it is not really effective. So for now we fudge around the differences by using regular expressions to paper over the differences.  * Temporarily add test-debugging code.  * Another attempt at debugging a test failure.  * Fix pattern in assertion.  * Modification in test cases (#2454)  * Fixed Typo in GsonBuilder.java  * Suggestions on Test cases  * Modified test cases using assertThrows method (JUnit)  * Update gson/src/test/java/com/google/gson/JsonArrayAsListTest.java  Co-authored-by: Marcono1234 <Marcono1234@users.noreply.github.com>  * Update gson/src/test/java/com/google/gson/GsonTest.java  Co-authored-by: Marcono1234 <Marcono1234@users.noreply.github.com>  * Update gson/src/test/java/com/google/gson/JsonArrayAsListTest.java  Co-authored-by: Marcono1234 <Marcono1234@users.noreply.github.com>  * Update gson/src/test/java/com/google/gson/JsonStreamParserTest.java  Co-authored-by: Marcono1234 <Marcono1234@users.noreply.github.com>  * Update gson/src/test/java/com/google/gson/JsonStreamParserTest.java  Co-authored-by: Marcono1234 <Marcono1234@users.noreply.github.com>  * Update gson/src/test/java/com/google/gson/JsonStreamParserTest.java  Co-authored-by: Marcono1234 <Marcono1234@users.noreply.github.com>  * Update gson/src/test/java/com/google/gson/ToNumberPolicyTest.java  Co-authored-by: Marcono1234 <Marcono1234@users.noreply.github.com>  * Update gson/src/test/java/com/google/gson/TypeAdapterTest.java  Co-authored-by: Marcono1234 <Marcono1234@users.noreply.github.com>  * Update gson/src/test/java/com/google/gson/TypeAdapterTest.java  Co-authored-by: Marcono1234 <Marcono1234@users.noreply.github.com>  * Update gson/src/test/java/com/google/gson/ToNumberPolicyTest.java  Co-authored-by: Marcono1234 <Marcono1234@users.noreply.github.com>  * Update gson/src/test/java/com/google/gson/ToNumberPolicyTest.java  Co-authored-by: Marcono1234 <Marcono1234@users.noreply.github.com>  ---------  Co-authored-by: Marcono1234 <Marcono1234@users.noreply.github.com>  * Minor follow-up changes  ---------  Signed-off-by: dependabot[bot] <support@github.com> Co-authored-by: dependabot[bot] <49699333+dependabot[bot]@users.noreply.github.com> Co-authored-by: elevne <97422844+elevne@users.noreply.github.com> Co-authored-by: Éamonn McManus <emcmanus@google.com> Co-authored-by: Wonil <cwi5525@naver.com>  ---------  Signed-off-by: dependabot[bot] <support@github.com> Co-authored-by: Marten <martenvoorberg@gmail.com> Co-authored-by: Gustaf Johansson <gustajoh@kth.se> Co-authored-by: gustajoh <58432871+gustajoh@users.noreply.github.com> Co-authored-by: LMC117 <2295699210@qq.com> Co-authored-by: Marcono1234 <Marcono1234@users.noreply.github.com> Co-authored-by: dependabot[bot] <49699333+dependabot[bot]@users.noreply.github.com> Co-authored-by: elevne <97422844+elevne@users.noreply.github.com> Co-authored-by: Wonil <cwi5525@naver.com>",1
gson/src/main/java/com/google/gson/stream/JsonReader.java,20,1,33,83,1122,417,93,237,51,54,22,341,5,gson,https://github.com/google/gson.git,b3dce2dc17086c72bd1f8ccf508874849f9631bb,3d241ca0a6435cbf1fa1cdaed2af8480b99fecde,"Strict mode for JSON parsing, contributed by @marten-voorberg. (#2437)  * Strict mode for JSON parsing (#2323)  * Feat #6: Add strict flag to Gson and GsonBuilder  * Test #2: Add failing tests for capitalized keywords  * Feat #2: JsonReader does not read (partially) capitalized keywords if strict mode is used  * Feat #3: Added implementation and tests for JSONReader not accepting specific escape sequence representing in strict mode  * Test #3: Simplify test cases by removing unnecessary array  * Feat #3: Improve error by including the illegal character  * Feat #5: JsonReader does not allow unespaced control flow characters in strict mode  * Test #5: Test unespaced control flow characters in strict mode  * Feat #4: Disallow espaced newline character in strict mode  * Test #4: Add tests for (dis)allowing newline character depensding on strictness  * Test #5: Test case for unescaped control char in non-strict mode  * Test #2: Simplify test cases  * Feat #13: Change leniency API to Strictness enum in JsonReader, Gson, and GsonBuilder  * Feat #15: Change JsonWriter API to also use Strictness  * Test #15: Test Strictness in JsonWriter API  * Doc #15: Add and update documentation for Strictness in JsonWriter API  * refactor #12: Fixed typos and empty catch brackets in tests  * refactor #12: Resolved importing wildcards, made some lines adhere to Google java style  * #5 Add test case for unescaped control characters  * Feat #5: add new lines to make JsonReader able to detect unescaped control characters (U+0000 through U+001F) and throw exceptions.  * Feat #5: add new lines to make JsonReader able to detect unescaped control characters (U+0000 through U+001F) and throw exceptions.  * Test #11: Added two tests for testing implementation of control character handling in strict mode and moved the implementation to nextQuotedValue  * Test #11: Added two tests for testing implementation of control character handling in strict mode and moved the implementation to nextQuotedValue  ---------  Co-authored-by: LMC117 <2295699210@qq.com> Co-authored-by: Marten Voorberg <martenvoorberg@gmail.com>  * Doc #17: Add and change javadoc of public methods  * Doc #17: Update JavaDoc in JsonReader and Strictness  * Doc #17: Update JavaDoc in Gson and GsonBuilder  * Test #34: Add tests for setting strictness through GsonBuilder  * Fix: Add Fix broken test  * Fix: Invalid JavaDoc in Gson.java  * Doc #17: update outdated javadoc  * #37: Resolve more PR feedback   * Fix #37: Resolve various PR comments  * Fix #37: Resolve various PR comments  * Refactor #35: Refactor JsonReader#peekKeyword to reduce the amount of strictness checks (#39)  * Doc #40: Update JavaDoc based on PR feedback  * Doc #40: Update old RFC in GsonBuilder documentation  * Doc #40: Fix formatting error in JavaDoc  * Doc #40: Add tests for setting strictness and lenient to JsonReaderTest  * Test #43: Changed tests to make use of assertThrows  * test #43: Changed tests to make use of assertThrows as per feedback  * Test #43: Update JsonWriterTest#testStrictnessNull to use assertThrows  * Test #43: Update JsonWriterTest#testStrictnessNull to use assertThrows  * test #43: Resolve PR recommendations  * Test #43: Mini change to TC  * Test #43: Mini change to TC  ---------  Co-authored-by: Marten Voorberg <martenvoorberg@gmail.com>  * doc #46: Resolved comments in main PR  * Feat #45: Change Gson.fromJson and Gson.toJson to be strict when the provided writer/reader is strict  * Fix #45: Small type  * Update gson/src/test/java/com/google/gson/stream/JsonReaderTest.java  Co-authored-by: Marcono1234 <Marcono1234@users.noreply.github.com>  * Fix #45: Resolve various comments by Marcono1234  * Update gson/src/main/java/com/google/gson/GsonBuilder.java  Co-authored-by: Marcono1234 <Marcono1234@users.noreply.github.com>  * Fix #45: Resolve various comments by Marcono1234  * Fix #45: Resolve various comments by eamonmcmanus  * Strictness mode follow-up  * Update Troubleshooting.md and Gson default lenient mode documentation  * Always use GSON strictness when set.  * Rename Strictness.DEFAULT to Strictness.LEGACY_STRICT  * Update JavaDoc with new strictness functionality  * Replace default with legacy strict for JsonReader javadoc  * Add JSONReader test cases for U2028 and U2029  * Refactor JSONReader#peekKeyWord() based on @eamonmcmanus's suggestion  * Deprecate setLenient in favor of setStrictness  ---------  Co-authored-by: Carl Peterson <unknown> Co-authored-by: Gustaf Johansson <gustajoh@kth.se> Co-authored-by: gustajoh <58432871+gustajoh@users.noreply.github.com> Co-authored-by: LMC117 <2295699210@qq.com> Co-authored-by: Marcono1234 <Marcono1234@users.noreply.github.com>  * Strictness follow-up (#2408)  * Strictness mode follow-up  - Remove mentions of `null` Gson strictness; this is an implementation detail - Fix incorrect / outdated documentation - Reduce links to RFC; if there is already a link to it in a previous sentence   don't link to it again - Extend and update tests - Minor punctuation changes in documentation for consistency  * Deprecate `setLenient` methods  * `strictness2` fixes & improvements (#2456)  * Adjust ProGuard default rules and shrinking tests (#2420)  * Adjust ProGuard default rules and shrinking tests  * Adjust comment  * Add shrinking test for class without no-args constructor; improve docs  * Improve Unsafe mention in Troubleshooting Guide  * Improve comment for `-if class *`  * Bump com.google.guava:guava from 32.0.1-jre to 32.1.1-jre (#2444)  Bumps [com.google.guava:guava](https://github.com/google/guava) from 32.0.1-jre to 32.1.1-jre. - [Release notes](https://github.com/google/guava/releases) - [Commits](https://github.com/google/guava/commits)  --- updated-dependencies: - dependency-name: com.google.guava:guava   dependency-type: direct:production   update-type: version-update:semver-minor ...  Signed-off-by: dependabot[bot] <support@github.com> Co-authored-by: dependabot[bot] <49699333+dependabot[bot]@users.noreply.github.com>  * Bump com.google.guava:guava-testlib from 32.0.1-jre to 32.1.1-jre (#2443)  Bumps [com.google.guava:guava-testlib](https://github.com/google/guava) from 32.0.1-jre to 32.1.1-jre. - [Release notes](https://github.com/google/guava/releases) - [Commits](https://github.com/google/guava/commits)  --- updated-dependencies: - dependency-name: com.google.guava:guava-testlib   dependency-type: direct:development   update-type: version-update:semver-minor ...  Signed-off-by: dependabot[bot] <support@github.com> Co-authored-by: dependabot[bot] <49699333+dependabot[bot]@users.noreply.github.com>  * Support non-generic type for `TypeToken.getParameterized` for legacy reasons (#2447)  This partially restores the behavior before a589ef20087b4b0f1ec3048d3ceaef1eedccd09d, except that back then for a non-generic type a bogus `TypeToken(ParameterizedType)` was created, whereas now a `TypeToken(Class)` is created instead.  * Fixed Typo in GsonBuilder.java (#2449)  * Make date-formatting tests less fragile with regular expressions. (#2450)  * Make date-formatting tests less fragile with regular expressions.  This is not great. We should really ensure that formatted dates are the same regardless of JDK version. There is code that attempts to do that but it is not really effective. So for now we fudge around the differences by using regular expressions to paper over the differences.  * Temporarily add test-debugging code.  * Another attempt at debugging a test failure.  * Fix pattern in assertion.  * Modification in test cases (#2454)  * Fixed Typo in GsonBuilder.java  * Suggestions on Test cases  * Modified test cases using assertThrows method (JUnit)  * Update gson/src/test/java/com/google/gson/JsonArrayAsListTest.java  Co-authored-by: Marcono1234 <Marcono1234@users.noreply.github.com>  * Update gson/src/test/java/com/google/gson/GsonTest.java  Co-authored-by: Marcono1234 <Marcono1234@users.noreply.github.com>  * Update gson/src/test/java/com/google/gson/JsonArrayAsListTest.java  Co-authored-by: Marcono1234 <Marcono1234@users.noreply.github.com>  * Update gson/src/test/java/com/google/gson/JsonStreamParserTest.java  Co-authored-by: Marcono1234 <Marcono1234@users.noreply.github.com>  * Update gson/src/test/java/com/google/gson/JsonStreamParserTest.java  Co-authored-by: Marcono1234 <Marcono1234@users.noreply.github.com>  * Update gson/src/test/java/com/google/gson/JsonStreamParserTest.java  Co-authored-by: Marcono1234 <Marcono1234@users.noreply.github.com>  * Update gson/src/test/java/com/google/gson/ToNumberPolicyTest.java  Co-authored-by: Marcono1234 <Marcono1234@users.noreply.github.com>  * Update gson/src/test/java/com/google/gson/TypeAdapterTest.java  Co-authored-by: Marcono1234 <Marcono1234@users.noreply.github.com>  * Update gson/src/test/java/com/google/gson/TypeAdapterTest.java  Co-authored-by: Marcono1234 <Marcono1234@users.noreply.github.com>  * Update gson/src/test/java/com/google/gson/ToNumberPolicyTest.java  Co-authored-by: Marcono1234 <Marcono1234@users.noreply.github.com>  * Update gson/src/test/java/com/google/gson/ToNumberPolicyTest.java  Co-authored-by: Marcono1234 <Marcono1234@users.noreply.github.com>  ---------  Co-authored-by: Marcono1234 <Marcono1234@users.noreply.github.com>  * Minor follow-up changes  ---------  Signed-off-by: dependabot[bot] <support@github.com> Co-authored-by: dependabot[bot] <49699333+dependabot[bot]@users.noreply.github.com> Co-authored-by: elevne <97422844+elevne@users.noreply.github.com> Co-authored-by: Éamonn McManus <emcmanus@google.com> Co-authored-by: Wonil <cwi5525@naver.com>  ---------  Signed-off-by: dependabot[bot] <support@github.com> Co-authored-by: Marten <martenvoorberg@gmail.com> Co-authored-by: Gustaf Johansson <gustajoh@kth.se> Co-authored-by: gustajoh <58432871+gustajoh@users.noreply.github.com> Co-authored-by: LMC117 <2295699210@qq.com> Co-authored-by: Marcono1234 <Marcono1234@users.noreply.github.com> Co-authored-by: dependabot[bot] <49699333+dependabot[bot]@users.noreply.github.com> Co-authored-by: elevne <97422844+elevne@users.noreply.github.com> Co-authored-by: Wonil <cwi5525@naver.com>",1
gson/src/main/java/com/google/gson/stream/JsonWriter.java,16,2,36,87,375,110,44,58,10,17,5,59,5,gson,https://github.com/google/gson.git,b3dce2dc17086c72bd1f8ccf508874849f9631bb,3d241ca0a6435cbf1fa1cdaed2af8480b99fecde,"Strict mode for JSON parsing, contributed by @marten-voorberg. (#2437)  * Strict mode for JSON parsing (#2323)  * Feat #6: Add strict flag to Gson and GsonBuilder  * Test #2: Add failing tests for capitalized keywords  * Feat #2: JsonReader does not read (partially) capitalized keywords if strict mode is used  * Feat #3: Added implementation and tests for JSONReader not accepting specific escape sequence representing in strict mode  * Test #3: Simplify test cases by removing unnecessary array  * Feat #3: Improve error by including the illegal character  * Feat #5: JsonReader does not allow unespaced control flow characters in strict mode  * Test #5: Test unespaced control flow characters in strict mode  * Feat #4: Disallow espaced newline character in strict mode  * Test #4: Add tests for (dis)allowing newline character depensding on strictness  * Test #5: Test case for unescaped control char in non-strict mode  * Test #2: Simplify test cases  * Feat #13: Change leniency API to Strictness enum in JsonReader, Gson, and GsonBuilder  * Feat #15: Change JsonWriter API to also use Strictness  * Test #15: Test Strictness in JsonWriter API  * Doc #15: Add and update documentation for Strictness in JsonWriter API  * refactor #12: Fixed typos and empty catch brackets in tests  * refactor #12: Resolved importing wildcards, made some lines adhere to Google java style  * #5 Add test case for unescaped control characters  * Feat #5: add new lines to make JsonReader able to detect unescaped control characters (U+0000 through U+001F) and throw exceptions.  * Feat #5: add new lines to make JsonReader able to detect unescaped control characters (U+0000 through U+001F) and throw exceptions.  * Test #11: Added two tests for testing implementation of control character handling in strict mode and moved the implementation to nextQuotedValue  * Test #11: Added two tests for testing implementation of control character handling in strict mode and moved the implementation to nextQuotedValue  ---------  Co-authored-by: LMC117 <2295699210@qq.com> Co-authored-by: Marten Voorberg <martenvoorberg@gmail.com>  * Doc #17: Add and change javadoc of public methods  * Doc #17: Update JavaDoc in JsonReader and Strictness  * Doc #17: Update JavaDoc in Gson and GsonBuilder  * Test #34: Add tests for setting strictness through GsonBuilder  * Fix: Add Fix broken test  * Fix: Invalid JavaDoc in Gson.java  * Doc #17: update outdated javadoc  * #37: Resolve more PR feedback   * Fix #37: Resolve various PR comments  * Fix #37: Resolve various PR comments  * Refactor #35: Refactor JsonReader#peekKeyword to reduce the amount of strictness checks (#39)  * Doc #40: Update JavaDoc based on PR feedback  * Doc #40: Update old RFC in GsonBuilder documentation  * Doc #40: Fix formatting error in JavaDoc  * Doc #40: Add tests for setting strictness and lenient to JsonReaderTest  * Test #43: Changed tests to make use of assertThrows  * test #43: Changed tests to make use of assertThrows as per feedback  * Test #43: Update JsonWriterTest#testStrictnessNull to use assertThrows  * Test #43: Update JsonWriterTest#testStrictnessNull to use assertThrows  * test #43: Resolve PR recommendations  * Test #43: Mini change to TC  * Test #43: Mini change to TC  ---------  Co-authored-by: Marten Voorberg <martenvoorberg@gmail.com>  * doc #46: Resolved comments in main PR  * Feat #45: Change Gson.fromJson and Gson.toJson to be strict when the provided writer/reader is strict  * Fix #45: Small type  * Update gson/src/test/java/com/google/gson/stream/JsonReaderTest.java  Co-authored-by: Marcono1234 <Marcono1234@users.noreply.github.com>  * Fix #45: Resolve various comments by Marcono1234  * Update gson/src/main/java/com/google/gson/GsonBuilder.java  Co-authored-by: Marcono1234 <Marcono1234@users.noreply.github.com>  * Fix #45: Resolve various comments by Marcono1234  * Fix #45: Resolve various comments by eamonmcmanus  * Strictness mode follow-up  * Update Troubleshooting.md and Gson default lenient mode documentation  * Always use GSON strictness when set.  * Rename Strictness.DEFAULT to Strictness.LEGACY_STRICT  * Update JavaDoc with new strictness functionality  * Replace default with legacy strict for JsonReader javadoc  * Add JSONReader test cases for U2028 and U2029  * Refactor JSONReader#peekKeyWord() based on @eamonmcmanus's suggestion  * Deprecate setLenient in favor of setStrictness  ---------  Co-authored-by: Carl Peterson <unknown> Co-authored-by: Gustaf Johansson <gustajoh@kth.se> Co-authored-by: gustajoh <58432871+gustajoh@users.noreply.github.com> Co-authored-by: LMC117 <2295699210@qq.com> Co-authored-by: Marcono1234 <Marcono1234@users.noreply.github.com>  * Strictness follow-up (#2408)  * Strictness mode follow-up  - Remove mentions of `null` Gson strictness; this is an implementation detail - Fix incorrect / outdated documentation - Reduce links to RFC; if there is already a link to it in a previous sentence   don't link to it again - Extend and update tests - Minor punctuation changes in documentation for consistency  * Deprecate `setLenient` methods  * `strictness2` fixes & improvements (#2456)  * Adjust ProGuard default rules and shrinking tests (#2420)  * Adjust ProGuard default rules and shrinking tests  * Adjust comment  * Add shrinking test for class without no-args constructor; improve docs  * Improve Unsafe mention in Troubleshooting Guide  * Improve comment for `-if class *`  * Bump com.google.guava:guava from 32.0.1-jre to 32.1.1-jre (#2444)  Bumps [com.google.guava:guava](https://github.com/google/guava) from 32.0.1-jre to 32.1.1-jre. - [Release notes](https://github.com/google/guava/releases) - [Commits](https://github.com/google/guava/commits)  --- updated-dependencies: - dependency-name: com.google.guava:guava   dependency-type: direct:production   update-type: version-update:semver-minor ...  Signed-off-by: dependabot[bot] <support@github.com> Co-authored-by: dependabot[bot] <49699333+dependabot[bot]@users.noreply.github.com>  * Bump com.google.guava:guava-testlib from 32.0.1-jre to 32.1.1-jre (#2443)  Bumps [com.google.guava:guava-testlib](https://github.com/google/guava) from 32.0.1-jre to 32.1.1-jre. - [Release notes](https://github.com/google/guava/releases) - [Commits](https://github.com/google/guava/commits)  --- updated-dependencies: - dependency-name: com.google.guava:guava-testlib   dependency-type: direct:development   update-type: version-update:semver-minor ...  Signed-off-by: dependabot[bot] <support@github.com> Co-authored-by: dependabot[bot] <49699333+dependabot[bot]@users.noreply.github.com>  * Support non-generic type for `TypeToken.getParameterized` for legacy reasons (#2447)  This partially restores the behavior before a589ef20087b4b0f1ec3048d3ceaef1eedccd09d, except that back then for a non-generic type a bogus `TypeToken(ParameterizedType)` was created, whereas now a `TypeToken(Class)` is created instead.  * Fixed Typo in GsonBuilder.java (#2449)  * Make date-formatting tests less fragile with regular expressions. (#2450)  * Make date-formatting tests less fragile with regular expressions.  This is not great. We should really ensure that formatted dates are the same regardless of JDK version. There is code that attempts to do that but it is not really effective. So for now we fudge around the differences by using regular expressions to paper over the differences.  * Temporarily add test-debugging code.  * Another attempt at debugging a test failure.  * Fix pattern in assertion.  * Modification in test cases (#2454)  * Fixed Typo in GsonBuilder.java  * Suggestions on Test cases  * Modified test cases using assertThrows method (JUnit)  * Update gson/src/test/java/com/google/gson/JsonArrayAsListTest.java  Co-authored-by: Marcono1234 <Marcono1234@users.noreply.github.com>  * Update gson/src/test/java/com/google/gson/GsonTest.java  Co-authored-by: Marcono1234 <Marcono1234@users.noreply.github.com>  * Update gson/src/test/java/com/google/gson/JsonArrayAsListTest.java  Co-authored-by: Marcono1234 <Marcono1234@users.noreply.github.com>  * Update gson/src/test/java/com/google/gson/JsonStreamParserTest.java  Co-authored-by: Marcono1234 <Marcono1234@users.noreply.github.com>  * Update gson/src/test/java/com/google/gson/JsonStreamParserTest.java  Co-authored-by: Marcono1234 <Marcono1234@users.noreply.github.com>  * Update gson/src/test/java/com/google/gson/JsonStreamParserTest.java  Co-authored-by: Marcono1234 <Marcono1234@users.noreply.github.com>  * Update gson/src/test/java/com/google/gson/ToNumberPolicyTest.java  Co-authored-by: Marcono1234 <Marcono1234@users.noreply.github.com>  * Update gson/src/test/java/com/google/gson/TypeAdapterTest.java  Co-authored-by: Marcono1234 <Marcono1234@users.noreply.github.com>  * Update gson/src/test/java/com/google/gson/TypeAdapterTest.java  Co-authored-by: Marcono1234 <Marcono1234@users.noreply.github.com>  * Update gson/src/test/java/com/google/gson/ToNumberPolicyTest.java  Co-authored-by: Marcono1234 <Marcono1234@users.noreply.github.com>  * Update gson/src/test/java/com/google/gson/ToNumberPolicyTest.java  Co-authored-by: Marcono1234 <Marcono1234@users.noreply.github.com>  ---------  Co-authored-by: Marcono1234 <Marcono1234@users.noreply.github.com>  * Minor follow-up changes  ---------  Signed-off-by: dependabot[bot] <support@github.com> Co-authored-by: dependabot[bot] <49699333+dependabot[bot]@users.noreply.github.com> Co-authored-by: elevne <97422844+elevne@users.noreply.github.com> Co-authored-by: Éamonn McManus <emcmanus@google.com> Co-authored-by: Wonil <cwi5525@naver.com>  ---------  Signed-off-by: dependabot[bot] <support@github.com> Co-authored-by: Marten <martenvoorberg@gmail.com> Co-authored-by: Gustaf Johansson <gustajoh@kth.se> Co-authored-by: gustajoh <58432871+gustajoh@users.noreply.github.com> Co-authored-by: LMC117 <2295699210@qq.com> Co-authored-by: Marcono1234 <Marcono1234@users.noreply.github.com> Co-authored-by: dependabot[bot] <49699333+dependabot[bot]@users.noreply.github.com> Co-authored-by: elevne <97422844+elevne@users.noreply.github.com> Co-authored-by: Wonil <cwi5525@naver.com>",1
gson/src/main/java/com/google/gson/stream/MalformedJsonException.java,0,2,1,0,14,0,0,3,3,3,0,1,2,gson,https://github.com/google/gson.git,b3dce2dc17086c72bd1f8ccf508874849f9631bb,3d241ca0a6435cbf1fa1cdaed2af8480b99fecde,"Strict mode for JSON parsing, contributed by @marten-voorberg. (#2437)  * Strict mode for JSON parsing (#2323)  * Feat #6: Add strict flag to Gson and GsonBuilder  * Test #2: Add failing tests for capitalized keywords  * Feat #2: JsonReader does not read (partially) capitalized keywords if strict mode is used  * Feat #3: Added implementation and tests for JSONReader not accepting specific escape sequence representing in strict mode  * Test #3: Simplify test cases by removing unnecessary array  * Feat #3: Improve error by including the illegal character  * Feat #5: JsonReader does not allow unespaced control flow characters in strict mode  * Test #5: Test unespaced control flow characters in strict mode  * Feat #4: Disallow espaced newline character in strict mode  * Test #4: Add tests for (dis)allowing newline character depensding on strictness  * Test #5: Test case for unescaped control char in non-strict mode  * Test #2: Simplify test cases  * Feat #13: Change leniency API to Strictness enum in JsonReader, Gson, and GsonBuilder  * Feat #15: Change JsonWriter API to also use Strictness  * Test #15: Test Strictness in JsonWriter API  * Doc #15: Add and update documentation for Strictness in JsonWriter API  * refactor #12: Fixed typos and empty catch brackets in tests  * refactor #12: Resolved importing wildcards, made some lines adhere to Google java style  * #5 Add test case for unescaped control characters  * Feat #5: add new lines to make JsonReader able to detect unescaped control characters (U+0000 through U+001F) and throw exceptions.  * Feat #5: add new lines to make JsonReader able to detect unescaped control characters (U+0000 through U+001F) and throw exceptions.  * Test #11: Added two tests for testing implementation of control character handling in strict mode and moved the implementation to nextQuotedValue  * Test #11: Added two tests for testing implementation of control character handling in strict mode and moved the implementation to nextQuotedValue  ---------  Co-authored-by: LMC117 <2295699210@qq.com> Co-authored-by: Marten Voorberg <martenvoorberg@gmail.com>  * Doc #17: Add and change javadoc of public methods  * Doc #17: Update JavaDoc in JsonReader and Strictness  * Doc #17: Update JavaDoc in Gson and GsonBuilder  * Test #34: Add tests for setting strictness through GsonBuilder  * Fix: Add Fix broken test  * Fix: Invalid JavaDoc in Gson.java  * Doc #17: update outdated javadoc  * #37: Resolve more PR feedback   * Fix #37: Resolve various PR comments  * Fix #37: Resolve various PR comments  * Refactor #35: Refactor JsonReader#peekKeyword to reduce the amount of strictness checks (#39)  * Doc #40: Update JavaDoc based on PR feedback  * Doc #40: Update old RFC in GsonBuilder documentation  * Doc #40: Fix formatting error in JavaDoc  * Doc #40: Add tests for setting strictness and lenient to JsonReaderTest  * Test #43: Changed tests to make use of assertThrows  * test #43: Changed tests to make use of assertThrows as per feedback  * Test #43: Update JsonWriterTest#testStrictnessNull to use assertThrows  * Test #43: Update JsonWriterTest#testStrictnessNull to use assertThrows  * test #43: Resolve PR recommendations  * Test #43: Mini change to TC  * Test #43: Mini change to TC  ---------  Co-authored-by: Marten Voorberg <martenvoorberg@gmail.com>  * doc #46: Resolved comments in main PR  * Feat #45: Change Gson.fromJson and Gson.toJson to be strict when the provided writer/reader is strict  * Fix #45: Small type  * Update gson/src/test/java/com/google/gson/stream/JsonReaderTest.java  Co-authored-by: Marcono1234 <Marcono1234@users.noreply.github.com>  * Fix #45: Resolve various comments by Marcono1234  * Update gson/src/main/java/com/google/gson/GsonBuilder.java  Co-authored-by: Marcono1234 <Marcono1234@users.noreply.github.com>  * Fix #45: Resolve various comments by Marcono1234  * Fix #45: Resolve various comments by eamonmcmanus  * Strictness mode follow-up  * Update Troubleshooting.md and Gson default lenient mode documentation  * Always use GSON strictness when set.  * Rename Strictness.DEFAULT to Strictness.LEGACY_STRICT  * Update JavaDoc with new strictness functionality  * Replace default with legacy strict for JsonReader javadoc  * Add JSONReader test cases for U2028 and U2029  * Refactor JSONReader#peekKeyWord() based on @eamonmcmanus's suggestion  * Deprecate setLenient in favor of setStrictness  ---------  Co-authored-by: Carl Peterson <unknown> Co-authored-by: Gustaf Johansson <gustajoh@kth.se> Co-authored-by: gustajoh <58432871+gustajoh@users.noreply.github.com> Co-authored-by: LMC117 <2295699210@qq.com> Co-authored-by: Marcono1234 <Marcono1234@users.noreply.github.com>  * Strictness follow-up (#2408)  * Strictness mode follow-up  - Remove mentions of `null` Gson strictness; this is an implementation detail - Fix incorrect / outdated documentation - Reduce links to RFC; if there is already a link to it in a previous sentence   don't link to it again - Extend and update tests - Minor punctuation changes in documentation for consistency  * Deprecate `setLenient` methods  * `strictness2` fixes & improvements (#2456)  * Adjust ProGuard default rules and shrinking tests (#2420)  * Adjust ProGuard default rules and shrinking tests  * Adjust comment  * Add shrinking test for class without no-args constructor; improve docs  * Improve Unsafe mention in Troubleshooting Guide  * Improve comment for `-if class *`  * Bump com.google.guava:guava from 32.0.1-jre to 32.1.1-jre (#2444)  Bumps [com.google.guava:guava](https://github.com/google/guava) from 32.0.1-jre to 32.1.1-jre. - [Release notes](https://github.com/google/guava/releases) - [Commits](https://github.com/google/guava/commits)  --- updated-dependencies: - dependency-name: com.google.guava:guava   dependency-type: direct:production   update-type: version-update:semver-minor ...  Signed-off-by: dependabot[bot] <support@github.com> Co-authored-by: dependabot[bot] <49699333+dependabot[bot]@users.noreply.github.com>  * Bump com.google.guava:guava-testlib from 32.0.1-jre to 32.1.1-jre (#2443)  Bumps [com.google.guava:guava-testlib](https://github.com/google/guava) from 32.0.1-jre to 32.1.1-jre. - [Release notes](https://github.com/google/guava/releases) - [Commits](https://github.com/google/guava/commits)  --- updated-dependencies: - dependency-name: com.google.guava:guava-testlib   dependency-type: direct:development   update-type: version-update:semver-minor ...  Signed-off-by: dependabot[bot] <support@github.com> Co-authored-by: dependabot[bot] <49699333+dependabot[bot]@users.noreply.github.com>  * Support non-generic type for `TypeToken.getParameterized` for legacy reasons (#2447)  This partially restores the behavior before a589ef20087b4b0f1ec3048d3ceaef1eedccd09d, except that back then for a non-generic type a bogus `TypeToken(ParameterizedType)` was created, whereas now a `TypeToken(Class)` is created instead.  * Fixed Typo in GsonBuilder.java (#2449)  * Make date-formatting tests less fragile with regular expressions. (#2450)  * Make date-formatting tests less fragile with regular expressions.  This is not great. We should really ensure that formatted dates are the same regardless of JDK version. There is code that attempts to do that but it is not really effective. So for now we fudge around the differences by using regular expressions to paper over the differences.  * Temporarily add test-debugging code.  * Another attempt at debugging a test failure.  * Fix pattern in assertion.  * Modification in test cases (#2454)  * Fixed Typo in GsonBuilder.java  * Suggestions on Test cases  * Modified test cases using assertThrows method (JUnit)  * Update gson/src/test/java/com/google/gson/JsonArrayAsListTest.java  Co-authored-by: Marcono1234 <Marcono1234@users.noreply.github.com>  * Update gson/src/test/java/com/google/gson/GsonTest.java  Co-authored-by: Marcono1234 <Marcono1234@users.noreply.github.com>  * Update gson/src/test/java/com/google/gson/JsonArrayAsListTest.java  Co-authored-by: Marcono1234 <Marcono1234@users.noreply.github.com>  * Update gson/src/test/java/com/google/gson/JsonStreamParserTest.java  Co-authored-by: Marcono1234 <Marcono1234@users.noreply.github.com>  * Update gson/src/test/java/com/google/gson/JsonStreamParserTest.java  Co-authored-by: Marcono1234 <Marcono1234@users.noreply.github.com>  * Update gson/src/test/java/com/google/gson/JsonStreamParserTest.java  Co-authored-by: Marcono1234 <Marcono1234@users.noreply.github.com>  * Update gson/src/test/java/com/google/gson/ToNumberPolicyTest.java  Co-authored-by: Marcono1234 <Marcono1234@users.noreply.github.com>  * Update gson/src/test/java/com/google/gson/TypeAdapterTest.java  Co-authored-by: Marcono1234 <Marcono1234@users.noreply.github.com>  * Update gson/src/test/java/com/google/gson/TypeAdapterTest.java  Co-authored-by: Marcono1234 <Marcono1234@users.noreply.github.com>  * Update gson/src/test/java/com/google/gson/ToNumberPolicyTest.java  Co-authored-by: Marcono1234 <Marcono1234@users.noreply.github.com>  * Update gson/src/test/java/com/google/gson/ToNumberPolicyTest.java  Co-authored-by: Marcono1234 <Marcono1234@users.noreply.github.com>  ---------  Co-authored-by: Marcono1234 <Marcono1234@users.noreply.github.com>  * Minor follow-up changes  ---------  Signed-off-by: dependabot[bot] <support@github.com> Co-authored-by: dependabot[bot] <49699333+dependabot[bot]@users.noreply.github.com> Co-authored-by: elevne <97422844+elevne@users.noreply.github.com> Co-authored-by: Éamonn McManus <emcmanus@google.com> Co-authored-by: Wonil <cwi5525@naver.com>  ---------  Signed-off-by: dependabot[bot] <support@github.com> Co-authored-by: Marten <martenvoorberg@gmail.com> Co-authored-by: Gustaf Johansson <gustajoh@kth.se> Co-authored-by: gustajoh <58432871+gustajoh@users.noreply.github.com> Co-authored-by: LMC117 <2295699210@qq.com> Co-authored-by: Marcono1234 <Marcono1234@users.noreply.github.com> Co-authored-by: dependabot[bot] <49699333+dependabot[bot]@users.noreply.github.com> Co-authored-by: elevne <97422844+elevne@users.noreply.github.com> Co-authored-by: Wonil <cwi5525@naver.com>",1
gson/src/main/java/com/google/gson/GsonBuilder.java,30,1,46,78,302,216,57,44,32,32,1,85,4,gson,https://github.com/google/gson.git,5a87d806550f8389fb26327bcf97751c6851d7c7,a38b757bc4fddfd57ab762fbf192dd2b3fc6be22,Fixed Typo in GsonBuilder.java (#2449),1
gson/src/main/java/com/google/gson/internal/ConstructorConstructor.java,14,1,43,49,301,134,49,67,32,32,0,27,8,gson,https://github.com/google/gson.git,ecb9f8c8adab5446225461b7f8aea16c79e2e104,ecb9f8c8adab5446225461b7f8aea16c79e2e104,"Adjust ProGuard default rules and shrinking tests (#2420)  * Adjust ProGuard default rules and shrinking tests  * Adjust comment  * Add shrinking test for class without no-args constructor; improve docs  * Improve Unsafe mention in Troubleshooting Guide  * Improve comment for `-if class *`",0
shrinker-test/src/main/java/com/example/ClassWithJsonAdapterAnnotation.java,4,2,25,9,96,18,7,6,6,6,0,12,5,gson,https://github.com/google/gson.git,ecb9f8c8adab5446225461b7f8aea16c79e2e104,ecb9f8c8adab5446225461b7f8aea16c79e2e104,"Adjust ProGuard default rules and shrinking tests (#2420)  * Adjust ProGuard default rules and shrinking tests  * Adjust comment  * Add shrinking test for class without no-args constructor; improve docs  * Improve Unsafe mention in Troubleshooting Guide  * Improve comment for `-if class *`",0
shrinker-test/src/main/java/com/example/DefaultConstructorMain.java,3,1,7,8,33,0,3,4,1,4,0,5,3,gson,https://github.com/google/gson.git,ecb9f8c8adab5446225461b7f8aea16c79e2e104,ecb9f8c8adab5446225461b7f8aea16c79e2e104,"Adjust ProGuard default rules and shrinking tests (#2420)  * Adjust ProGuard default rules and shrinking tests  * Adjust comment  * Add shrinking test for class without no-args constructor; improve docs  * Improve Unsafe mention in Troubleshooting Guide  * Improve comment for `-if class *`",0
gson/src/main/java/com/google/gson/internal/$Gson$Types.java,14,2,30,102,433,142,69,119,57,57,7,90,7,gson,https://github.com/google/gson.git,a589ef20087b4b0f1ec3048d3ceaef1eedccd09d,9cf0f8d3022fdfcd480dcd7648b2e5209e775b52,"Improve creation of `ParameterizedType` (#2375)  - Reject non-generic raw types for TypeToken.getParameterized - Fix ParameterizedTypeImpl erroneously requiring owner type for types   without owner",1
gson/src/main/java/com/google/gson/reflect/TypeToken.java,18,1,16,67,210,139,30,52,22,22,8,42,5,gson,https://github.com/google/gson.git,a589ef20087b4b0f1ec3048d3ceaef1eedccd09d,9cf0f8d3022fdfcd480dcd7648b2e5209e775b52,"Improve creation of `ParameterizedType` (#2375)  - Reject non-generic raw types for TypeToken.getParameterized - Fix ParameterizedTypeImpl erroneously requiring owner type for types   without owner",1
gson/src/main/java/com/google/gson/internal/NonNullElementWrapperList.java,1,2,7,17,67,15,15,19,18,18,0,1,3,gson,https://github.com/google/gson.git,9cf0f8d3022fdfcd480dcd7648b2e5209e775b52,500ec501a753b33dc0ed78b1cf4cbc95473f4e41,Update to latest Error Prone and fix some newly-flagged problems. (#2426),1
gson/src/main/java/com/google/gson/Gson.java,31,2,85,188,599,517,81,77,27,27,6,112,5,gson,https://github.com/google/gson.git,a80bc24e04d0747314bffcc5779a1412c86f6468,a80bc24e04d0747314bffcc5779a1412c86f6468,Rename `master` to `main` everywhere. (#2410),0
gson/src/main/java/com/google/gson/internal/TroubleshootingGuide.java,0,1,0,0,7,0,1,2,2,2,0,0,2,gson,https://github.com/google/gson.git,a80bc24e04d0747314bffcc5779a1412c86f6468,a80bc24e04d0747314bffcc5779a1412c86f6468,Rename `master` to `main` everywhere. (#2410),0
gson/src/main/java/com/google/gson/FormattingStyle.java,2,1,9,4,44,54,11,9,7,7,0,6,3,gson,https://github.com/google/gson.git,481ac9b82cd5713f43018fafc16218d4045dc4c4,481ac9b82cd5713f43018fafc16218d4045dc4c4,"Use non-`null` `FormattingStyle`; configure space after separator (#2345)  * Use non-`null` `FormattingStyle`; configure space after separator  * Improve Javadoc and tests  * Rename to plural separator*s*  * Add explicit tests for default formatting styles  ---------  Co-authored-by: Éamonn McManus <emcmanus@google.com>",0
gson/src/main/java/com/google/gson/Gson.java,31,2,85,188,599,517,81,77,27,27,6,112,5,gson,https://github.com/google/gson.git,481ac9b82cd5713f43018fafc16218d4045dc4c4,481ac9b82cd5713f43018fafc16218d4045dc4c4,"Use non-`null` `FormattingStyle`; configure space after separator (#2345)  * Use non-`null` `FormattingStyle`; configure space after separator  * Improve Javadoc and tests  * Rename to plural separator*s*  * Add explicit tests for default formatting styles  ---------  Co-authored-by: Éamonn McManus <emcmanus@google.com>",0
gson/src/main/java/com/google/gson/GsonBuilder.java,30,1,46,78,302,216,57,44,32,32,1,85,4,gson,https://github.com/google/gson.git,481ac9b82cd5713f43018fafc16218d4045dc4c4,481ac9b82cd5713f43018fafc16218d4045dc4c4,"Use non-`null` `FormattingStyle`; configure space after separator (#2345)  * Use non-`null` `FormattingStyle`; configure space after separator  * Improve Javadoc and tests  * Rename to plural separator*s*  * Add explicit tests for default formatting styles  ---------  Co-authored-by: Éamonn McManus <emcmanus@google.com>",0
gson/src/main/java/com/google/gson/stream/JsonWriter.java,16,2,36,87,375,110,44,58,10,17,5,59,5,gson,https://github.com/google/gson.git,481ac9b82cd5713f43018fafc16218d4045dc4c4,481ac9b82cd5713f43018fafc16218d4045dc4c4,"Use non-`null` `FormattingStyle`; configure space after separator (#2345)  * Use non-`null` `FormattingStyle`; configure space after separator  * Improve Javadoc and tests  * Rename to plural separator*s*  * Add explicit tests for default formatting styles  ---------  Co-authored-by: Éamonn McManus <emcmanus@google.com>",0
gson/src/main/java/com/google/gson/Gson.java,31,2,85,188,599,517,81,77,27,27,6,111,5,gson,https://github.com/google/gson.git,cbad1aa79f9a41f0e0887c2c0159fa9aee1cdf3b,1717fd62cf2730994605b84d9cb326395e4616b9,"Link to troubleshooting guide from exception messages (#2357)  * Link to troubleshooting guide from exception messages  * Add examples to troubleshooting guide  * Use proper anchor names for troubleshooting guide",1
gson/src/main/java/com/google/gson/internal/bind/ReflectiveTypeAdapterFactory.java,37,2,51,111,410,140,20,68,19,19,7,78,7,gson,https://github.com/google/gson.git,cbad1aa79f9a41f0e0887c2c0159fa9aee1cdf3b,1717fd62cf2730994605b84d9cb326395e4616b9,"Link to troubleshooting guide from exception messages (#2357)  * Link to troubleshooting guide from exception messages  * Add examples to troubleshooting guide  * Use proper anchor names for troubleshooting guide",1
gson/src/main/java/com/google/gson/internal/bind/TypeAdapters.java,16,2,95,293,888,311,83,127,31,31,13,150,8,gson,https://github.com/google/gson.git,cbad1aa79f9a41f0e0887c2c0159fa9aee1cdf3b,1717fd62cf2730994605b84d9cb326395e4616b9,"Link to troubleshooting guide from exception messages (#2357)  * Link to troubleshooting guide from exception messages  * Add examples to troubleshooting guide  * Use proper anchor names for troubleshooting guide",1
gson/src/main/java/com/google/gson/internal/reflect/ReflectionHelper.java,7,2,16,46,190,73,15,37,22,22,3,28,5,gson,https://github.com/google/gson.git,cbad1aa79f9a41f0e0887c2c0159fa9aee1cdf3b,1717fd62cf2730994605b84d9cb326395e4616b9,"Link to troubleshooting guide from exception messages (#2357)  * Link to troubleshooting guide from exception messages  * Add examples to troubleshooting guide  * Use proper anchor names for troubleshooting guide",1
gson/src/main/java/com/google/gson/stream/JsonReader.java,18,1,45,82,1115,416,92,237,51,54,22,339,5,gson,https://github.com/google/gson.git,cbad1aa79f9a41f0e0887c2c0159fa9aee1cdf3b,1717fd62cf2730994605b84d9cb326395e4616b9,"Link to troubleshooting guide from exception messages (#2357)  * Link to troubleshooting guide from exception messages  * Add examples to troubleshooting guide  * Use proper anchor names for troubleshooting guide",1
extras/src/main/java/com/google/gson/typeadapters/RuntimeTypeAdapterFactory.java,3,2,24,53,126,154,11,21,7,8,2,28,5,gson,https://github.com/google/gson.git,c1da2d7070773af51ff7a98cf2979af61623e596,b43ccee88927fa65d5e39a8ad4d0bebca7bf9994,"Add `@CanIgnoreReturnValue` as appropriate to Gson methods. (#2369)  This annotation indicates that return value of the annotated method does not need to be used. If it is _not_ present on a non-void method, and if Error Prone's `CheckReturnValue` is active, then calling the method without using the result is an error. However, we are not enabling `CheckReturnValue` by default here.  Also update some code that does ignore return values, so that the returned value is used, if only by assigning it to an unused variable.",1
gson/src/main/java/com/google/gson/Gson.java,31,2,85,188,599,517,81,77,27,27,6,110,5,gson,https://github.com/google/gson.git,c1da2d7070773af51ff7a98cf2979af61623e596,b43ccee88927fa65d5e39a8ad4d0bebca7bf9994,"Add `@CanIgnoreReturnValue` as appropriate to Gson methods. (#2369)  This annotation indicates that return value of the annotated method does not need to be used. If it is _not_ present on a non-void method, and if Error Prone's `CheckReturnValue` is active, then calling the method without using the result is an error. However, we are not enabling `CheckReturnValue` by default here.  Also update some code that does ignore return values, so that the returned value is used, if only by assigning it to an unused variable.",1
gson/src/main/java/com/google/gson/GsonBuilder.java,29,1,45,77,273,220,57,44,32,32,1,85,4,gson,https://github.com/google/gson.git,c1da2d7070773af51ff7a98cf2979af61623e596,b43ccee88927fa65d5e39a8ad4d0bebca7bf9994,"Add `@CanIgnoreReturnValue` as appropriate to Gson methods. (#2369)  This annotation indicates that return value of the annotated method does not need to be used. If it is _not_ present on a non-void method, and if Error Prone's `CheckReturnValue` is active, then calling the method without using the result is an error. However, we are not enabling `CheckReturnValue` by default here.  Also update some code that does ignore return values, so that the returned value is used, if only by assigning it to an unused variable.",1
gson/src/main/java/com/google/gson/JsonArray.java,0,2,13,34,142,26,47,37,33,33,1,5,4,gson,https://github.com/google/gson.git,c1da2d7070773af51ff7a98cf2979af61623e596,b43ccee88927fa65d5e39a8ad4d0bebca7bf9994,"Add `@CanIgnoreReturnValue` as appropriate to Gson methods. (#2369)  This annotation indicates that return value of the annotated method does not need to be used. If it is _not_ present on a non-void method, and if Error Prone's `CheckReturnValue` is active, then calling the method without using the result is an error. However, we are not enabling `CheckReturnValue` by default here.  Also update some code that does ignore return values, so that the returned value is used, if only by assigning it to an unused variable.",1
gson/src/main/java/com/google/gson/JsonElement.java,1,1,25,15,98,2,29,27,22,22,0,2,3,gson,https://github.com/google/gson.git,c1da2d7070773af51ff7a98cf2979af61623e596,b43ccee88927fa65d5e39a8ad4d0bebca7bf9994,"Add `@CanIgnoreReturnValue` as appropriate to Gson methods. (#2369)  This annotation indicates that return value of the annotated method does not need to be used. If it is _not_ present on a non-void method, and if Error Prone's `CheckReturnValue` is active, then calling the method without using the result is an error. However, we are not enabling `CheckReturnValue` by default here.  Also update some code that does ignore return values, so that the returned value is used, if only by assigning it to an unused variable.",1
gson/src/main/java/com/google/gson/JsonObject.java,0,2,8,18,75,25,25,21,20,20,1,2,3,gson,https://github.com/google/gson.git,c1da2d7070773af51ff7a98cf2979af61623e596,b43ccee88927fa65d5e39a8ad4d0bebca7bf9994,"Add `@CanIgnoreReturnValue` as appropriate to Gson methods. (#2369)  This annotation indicates that return value of the annotated method does not need to be used. If it is _not_ present on a non-void method, and if Error Prone's `CheckReturnValue` is active, then calling the method without using the result is an error. However, we are not enabling `CheckReturnValue` by default here.  Also update some code that does ignore return values, so that the returned value is used, if only by assigning it to an unused variable.",1
gson/src/main/java/com/google/gson/JsonStreamParser.java,1,1,19,5,51,9,4,10,4,4,0,4,4,gson,https://github.com/google/gson.git,c1da2d7070773af51ff7a98cf2979af61623e596,b43ccee88927fa65d5e39a8ad4d0bebca7bf9994,"Add `@CanIgnoreReturnValue` as appropriate to Gson methods. (#2369)  This annotation indicates that return value of the annotated method does not need to be used. If it is _not_ present on a non-void method, and if Error Prone's `CheckReturnValue` is active, then calling the method without using the result is an error. However, we are not enabling `CheckReturnValue` by default here.  Also update some code that does ignore return values, so that the returned value is used, if only by assigning it to an unused variable.",1
gson/src/main/java/com/google/gson/internal/LinkedTreeMap.java,8,2,24,30,468,284,41,92,48,50,4,135,5,gson,https://github.com/google/gson.git,c1da2d7070773af51ff7a98cf2979af61623e596,b43ccee88927fa65d5e39a8ad4d0bebca7bf9994,"Add `@CanIgnoreReturnValue` as appropriate to Gson methods. (#2369)  This annotation indicates that return value of the annotated method does not need to be used. If it is _not_ present on a non-void method, and if Error Prone's `CheckReturnValue` is active, then calling the method without using the result is an error. However, we are not enabling `CheckReturnValue` by default here.  Also update some code that does ignore return values, so that the returned value is used, if only by assigning it to an unused variable.",1
gson/src/main/java/com/google/gson/internal/Streams.java,3,2,22,10,95,2,11,15,7,9,0,7,5,gson,https://github.com/google/gson.git,c1da2d7070773af51ff7a98cf2979af61623e596,b43ccee88927fa65d5e39a8ad4d0bebca7bf9994,"Add `@CanIgnoreReturnValue` as appropriate to Gson methods. (#2369)  This annotation indicates that return value of the annotated method does not need to be used. If it is _not_ present on a non-void method, and if Error Prone's `CheckReturnValue` is active, then calling the method without using the result is an error. However, we are not enabling `CheckReturnValue` by default here.  Also update some code that does ignore return values, so that the returned value is used, if only by assigning it to an unused variable.",1
gson/src/main/java/com/google/gson/internal/bind/JsonTreeReader.java,5,2,29,34,290,57,26,57,20,20,1,46,6,gson,https://github.com/google/gson.git,c1da2d7070773af51ff7a98cf2979af61623e596,b43ccee88927fa65d5e39a8ad4d0bebca7bf9994,"Add `@CanIgnoreReturnValue` as appropriate to Gson methods. (#2369)  This annotation indicates that return value of the annotated method does not need to be used. If it is _not_ present on a non-void method, and if Error Prone's `CheckReturnValue` is active, then calling the method without using the result is an error. However, we are not enabling `CheckReturnValue` by default here.  Also update some code that does ignore return values, so that the returned value is used, if only by assigning it to an unused variable.",1
gson/src/main/java/com/google/gson/internal/bind/JsonTreeWriter.java,7,2,38,26,169,12,18,27,7,8,0,15,4,gson,https://github.com/google/gson.git,c1da2d7070773af51ff7a98cf2979af61623e596,b43ccee88927fa65d5e39a8ad4d0bebca7bf9994,"Add `@CanIgnoreReturnValue` as appropriate to Gson methods. (#2369)  This annotation indicates that return value of the annotated method does not need to be used. If it is _not_ present on a non-void method, and if Error Prone's `CheckReturnValue` is active, then calling the method without using the result is an error. However, we are not enabling `CheckReturnValue` by default here.  Also update some code that does ignore return values, so that the returned value is used, if only by assigning it to an unused variable.",1
gson/src/main/java/com/google/gson/stream/JsonReader.java,18,1,45,82,1115,416,92,237,51,54,22,337,5,gson,https://github.com/google/gson.git,c1da2d7070773af51ff7a98cf2979af61623e596,b43ccee88927fa65d5e39a8ad4d0bebca7bf9994,"Add `@CanIgnoreReturnValue` as appropriate to Gson methods. (#2369)  This annotation indicates that return value of the annotated method does not need to be used. If it is _not_ present on a non-void method, and if Error Prone's `CheckReturnValue` is active, then calling the method without using the result is an error. However, we are not enabling `CheckReturnValue` by default here.  Also update some code that does ignore return values, so that the returned value is used, if only by assigning it to an unused variable.",1
gson/src/main/java/com/google/gson/stream/JsonWriter.java,15,2,35,79,349,114,44,57,13,17,5,57,5,gson,https://github.com/google/gson.git,c1da2d7070773af51ff7a98cf2979af61623e596,b43ccee88927fa65d5e39a8ad4d0bebca7bf9994,"Add `@CanIgnoreReturnValue` as appropriate to Gson methods. (#2369)  This annotation indicates that return value of the annotated method does not need to be used. If it is _not_ present on a non-void method, and if Error Prone's `CheckReturnValue` is active, then calling the method without using the result is an error. However, we are not enabling `CheckReturnValue` by default here.  Also update some code that does ignore return values, so that the returned value is used, if only by assigning it to an unused variable.",1
proto/src/main/java/com/google/gson/protobuf/ProtoTypeAdapter.java,3,2,45,77,253,125,18,41,10,13,7,52,9,gson,https://github.com/google/gson.git,c1da2d7070773af51ff7a98cf2979af61623e596,b43ccee88927fa65d5e39a8ad4d0bebca7bf9994,"Add `@CanIgnoreReturnValue` as appropriate to Gson methods. (#2369)  This annotation indicates that return value of the annotated method does not need to be used. If it is _not_ present on a non-void method, and if Error Prone's `CheckReturnValue` is active, then calling the method without using the result is an error. However, we are not enabling `CheckReturnValue` by default here.  Also update some code that does ignore return values, so that the returned value is used, if only by assigning it to an unused variable.",1
extras/src/main/java/com/google/gson/typeadapters/UtcDateTypeAdapter.java,8,2,25,77,187,25,10,30,4,4,2,60,7,gson,https://github.com/google/gson.git,051cb43fd9040a432626ef53523f1e7db7ab52c1,3adead6ab4f240ed53322eff34210ed4a69dd490,"Fixes outdated URL (`ISO8601Utils.java`) (#2363)  * Fixes comments  Fixes the javadoc and the link to Jackson databind ISO8601Utils.java  * Updates outdated URL in UtcDateTypeAdapter",1
gson/src/main/java/com/google/gson/internal/bind/util/ISO8601Utils.java,9,1,18,91,209,34,15,39,8,8,3,78,8,gson,https://github.com/google/gson.git,051cb43fd9040a432626ef53523f1e7db7ab52c1,3adead6ab4f240ed53322eff34210ed4a69dd490,"Fixes outdated URL (`ISO8601Utils.java`) (#2363)  * Fixes comments  Fixes the javadoc and the link to Jackson databind ISO8601Utils.java  * Updates outdated URL in UtcDateTypeAdapter",1
gson/src/main/java/com/google/gson/stream/JsonReader.java,18,1,45,82,1115,416,92,237,51,54,22,337,5,gson,https://github.com/google/gson.git,85ebaf7c3553a5d5c058fd6067824a7c5258d07f,0adcdc80d5ef3a40086a8abd6e2f55164a7c2597,"Fix #2334 (#2337)  * Fix #2334  This commit replaces the `NumberFormatException` with `MalformedJsonException` in the `JsonReader#readEscapeCharacter()` and also fixes the tests.  * Removes white-space",1
gson/src/main/java/com/google/gson/Gson.java,31,2,85,188,599,517,81,77,27,27,6,110,5,gson,https://github.com/google/gson.git,dc20b7561af3a793e4945842040e956803b641c9,bfbbd0dde88bd4a2586e4e0a2101f790246e17b4,"Fix error prone warns (#2320)  * Adds `@SuppressWarnings(""NarrowingCompoundAssignment"")`  * Adds `@SuppressWarnings(""TypeParameterUnusedInFormals"")`  * Adds `@SuppressWarnings(""JavaUtilDate"")`  * Adds a limit to `String.split()`  * Add `error_prone_annotations` to the `pom.xml`  * Adds `@InlineMe(...)` to deprecated methods  * Adds `@SuppressWarnings(""ImmutableEnumChecker"")`  * Adds `@SuppressWarnings(""ModifiedButNotUsed"")`  * Adds `@SuppressWarnings(""MixedMutabilityReturnType"")`  * Removes an unused import  * Adds `requires` to `module-info.java`  * Adds ErrorProne `link` into `pom.xml`  * Remove unused imports  Removed from: - ParseBenchmark  * Adds `@SuppressWarnings(""EqualsGetClass"")`  * Excludes from `proto` just the generated code.  Replaces `.*proto.*` with `.*/generated-test-sources/protobuf/.*` in such way will be excluded just the generated code and not the whole `proto` directory  * Removes an unused variable  Removes the `descriptor` variable because is unused.  * Fixes the `BadImport` warn into `ProtosWithAnnotationsTest`  * Fixes the `BadImport` warns into `ProtosWithAnnotationsTest`  * Enables ErrorProne in `gson/src/test.*`  Removes the `gson/src/test.*` path from the `-XepExcludedPaths` parameter of the ErrorProne plugin  * Fixes `UnusedVariable` warns  This commit fix all `UnusedVariable` warns given by ErrorProne in the `gson/src/test.*` path.  Some field is annotated with `@Keep` that means is used by reflection. In some other case the record is annotated with `@SuppressWarnings(""unused"")`  * Fixes `JavaUtilDate` warns  This commit fix all `JavaUtilDate` warns given by ErrorProne in the `gson/src/test.*` path.  Classes/Methods are annotated with `@SuppressWarnings(""JavaUtilDate"")` because it's not possible use differente Date API.  * Fixes `EqualsGetClass` warns  This commit fix all `EqualsGetClass` warns given by ErrorProne in the `gson/src/test.*` path.  I have rewrite the `equals()` methods to use `instanceof`  * Replaces pattern matching for instanceof with casts  * Fixes `JdkObsolete` warns  This commit fix all `JdkObsolete` warns given by ErrorProne in the `gson/src/test.*` path.  In some cases I have replaced the obsolete JDK classes with the newest alternatives.  In other cases, I have added the `@SuppressWarnings(""JdkObsolete"")`  * Fixes `ClassCanBeStatic` warns  This commit fix all `ClassCanBeStatic` warns given by ErrorProne in the `gson/src/test.*` path.  I have added the `static` keyword, or I have added `@SuppressWarnings(""ClassCanBeStatic"")`  * Fixes `UndefinedEquals` warns  This commit fix all `UndefinedEquals` warns given by ErrorProne in the `gson/src/test.*` path.  I have added `@SuppressWarnings(""UndefinedEquals"")` or fixed the asserts  Note: In this commit I have also renamed a test from `testRawCollectionDeserializationNotAlllowed` to `testRawCollectionDeserializationNotAllowed`  * Fixes `GetClassOnEnum` warns  This commit fix all `GetClassOnEnum` warns given by ErrorProne in the `gson/src/test.*` path.  I have replaced the `.getClass()` with `.getDeclaringClass()`  * Fixes `ImmutableEnumChecker` warns  This commit fix all `ImmutableEnumChecker` warns given by ErrorProne in the `gson/src/test.*` path.  I have added the `final` keyword, or I have added the `@SuppressWarnings(""ImmutableEnumChecker"")` annotation  * Fixes `StaticAssignmentOfThrowable` warns  This commit fix all `StaticAssignmentOfThrowable` warns given by ErrorProne in the `gson/src/test.*` path.  * Fixes `AssertionFailureIgnored` warns  This commit fix all `AssertionFailureIgnored` warns given by ErrorProne in the `gson/src/test.*` path.  I have added the `@SuppressWarnings(""AssertionFailureIgnored"")` annotation  * Fixes `ModifiedButNotUsed` warns  This commit fix all `ModifiedButNotUsed` warns given by ErrorProne in the `gson/src/test.*` path.  I have added the `@SuppressWarnings(""ModifiedButNotUsed"")` annotation  * Fixes `MissingSummary` warns  This commit fix all `MissingSummary` warns given by ErrorProne in the `gson/src/test.*` path.  I have remove the Javadoc `@author`  * Fixes `FloatingPointLiteralPrecision` warns  This commit fix all `FloatingPointLiteralPrecision` warns given by ErrorProne in the `gson/src/test.*` path.  I have added the `@SuppressWarnings(""FloatingPointLiteralPrecision"")` annotation  * Fixes `StringSplitter` warns  This commit fix all `StringSplitter` warns given by ErrorProne in the `gson/src/test.*` path.  I have replaced the `String.split(...)` with `Splitter`  * Fixes `EmptyCatch` warns  This commit fix all `EmptyCatch` warns given by ErrorProne in the `gson/src/test.*` path.  * Fixes `UnicodeEscape` warns  This commit fix all `UnicodeEscape` warns given by ErrorProne in the `gson/src/test.*` path.  * Fixes `EmptyBlockTag` warns  This commit fix all `EmptyBlockTag` warns given by ErrorProne in the `gson/src/test.*` path.  * Fixes `LongFloatConversion` warns  This commit fix all `LongFloatConversion` warns given by ErrorProne in the `gson/src/test.*` path.  * Fixes `LongDoubleConversion` warns  This commit fix all `LongDoubleConversion` warns given by ErrorProne in the `gson/src/test.*` path.  * Fixes `TruthAssertExpected` warns  This commit fix all `TruthAssertExpected` warns given by ErrorProne in the `gson/src/test.*` path.  * Fixes `UnusedMethod` warns  This commit fix all `UnusedMethod` warns given by ErrorProne in the `gson/src/test.*` path.  * Fixes `UnusedTypeParameter` warns  This commit fix all `UnusedTypeParameter` warns given by ErrorProne in the `gson/src/test.*` path.  * Fixes `CatchFail` warns  This commit fix all `CatchFail` warns given by ErrorProne in the `gson/src/test.*` path.  * Fixes `MathAbsoluteNegative` warns  This commit fix all `MathAbsoluteNegative` warns given by ErrorProne in the `gson/src/test.*` path.  * Fixes `LoopOverCharArray` warns  This commit fix all `LoopOverCharArray` warns given by ErrorProne in the `gson/src/test.*` path.  `toCharArray` allocates a new array, using `charAt` is more efficient  * Fixes `HidingField` warns  This commit fix all `HidingField` warns given by ErrorProne in the `gson/src/test.*` path.  * Implements code review feedback  * Implements code review feedback  This commit implements some other code review feedback  * Enable ErrorProne in `extra`  Thi commit removes the `.*extras/src/test.*` path from the `-XepExcludedPaths` parameter of ErrorProne.  * Fix the `JavaUtilDate` warns  This commit fix all `JavaUtilDate` warns given by ErrorProne in the `extras/src/test.*` path.  * Implements code review feedback  * Removes redundant new-line  * Implements code review feedback  * Adds `JDK11` to run test with `--release 11`  * Revert ""Adds `JDK11` to run test with `--release 11`""  This reverts commit a7cca386098ae847a10a31c09c3ab9b11eee5920.",1
gson/src/main/java/com/google/gson/JsonDeserializationContext.java,0,1,1,0,5,4,2,0,0,0,0,0,2,gson,https://github.com/google/gson.git,dc20b7561af3a793e4945842040e956803b641c9,bfbbd0dde88bd4a2586e4e0a2101f790246e17b4,"Fix error prone warns (#2320)  * Adds `@SuppressWarnings(""NarrowingCompoundAssignment"")`  * Adds `@SuppressWarnings(""TypeParameterUnusedInFormals"")`  * Adds `@SuppressWarnings(""JavaUtilDate"")`  * Adds a limit to `String.split()`  * Add `error_prone_annotations` to the `pom.xml`  * Adds `@InlineMe(...)` to deprecated methods  * Adds `@SuppressWarnings(""ImmutableEnumChecker"")`  * Adds `@SuppressWarnings(""ModifiedButNotUsed"")`  * Adds `@SuppressWarnings(""MixedMutabilityReturnType"")`  * Removes an unused import  * Adds `requires` to `module-info.java`  * Adds ErrorProne `link` into `pom.xml`  * Remove unused imports  Removed from: - ParseBenchmark  * Adds `@SuppressWarnings(""EqualsGetClass"")`  * Excludes from `proto` just the generated code.  Replaces `.*proto.*` with `.*/generated-test-sources/protobuf/.*` in such way will be excluded just the generated code and not the whole `proto` directory  * Removes an unused variable  Removes the `descriptor` variable because is unused.  * Fixes the `BadImport` warn into `ProtosWithAnnotationsTest`  * Fixes the `BadImport` warns into `ProtosWithAnnotationsTest`  * Enables ErrorProne in `gson/src/test.*`  Removes the `gson/src/test.*` path from the `-XepExcludedPaths` parameter of the ErrorProne plugin  * Fixes `UnusedVariable` warns  This commit fix all `UnusedVariable` warns given by ErrorProne in the `gson/src/test.*` path.  Some field is annotated with `@Keep` that means is used by reflection. In some other case the record is annotated with `@SuppressWarnings(""unused"")`  * Fixes `JavaUtilDate` warns  This commit fix all `JavaUtilDate` warns given by ErrorProne in the `gson/src/test.*` path.  Classes/Methods are annotated with `@SuppressWarnings(""JavaUtilDate"")` because it's not possible use differente Date API.  * Fixes `EqualsGetClass` warns  This commit fix all `EqualsGetClass` warns given by ErrorProne in the `gson/src/test.*` path.  I have rewrite the `equals()` methods to use `instanceof`  * Replaces pattern matching for instanceof with casts  * Fixes `JdkObsolete` warns  This commit fix all `JdkObsolete` warns given by ErrorProne in the `gson/src/test.*` path.  In some cases I have replaced the obsolete JDK classes with the newest alternatives.  In other cases, I have added the `@SuppressWarnings(""JdkObsolete"")`  * Fixes `ClassCanBeStatic` warns  This commit fix all `ClassCanBeStatic` warns given by ErrorProne in the `gson/src/test.*` path.  I have added the `static` keyword, or I have added `@SuppressWarnings(""ClassCanBeStatic"")`  * Fixes `UndefinedEquals` warns  This commit fix all `UndefinedEquals` warns given by ErrorProne in the `gson/src/test.*` path.  I have added `@SuppressWarnings(""UndefinedEquals"")` or fixed the asserts  Note: In this commit I have also renamed a test from `testRawCollectionDeserializationNotAlllowed` to `testRawCollectionDeserializationNotAllowed`  * Fixes `GetClassOnEnum` warns  This commit fix all `GetClassOnEnum` warns given by ErrorProne in the `gson/src/test.*` path.  I have replaced the `.getClass()` with `.getDeclaringClass()`  * Fixes `ImmutableEnumChecker` warns  This commit fix all `ImmutableEnumChecker` warns given by ErrorProne in the `gson/src/test.*` path.  I have added the `final` keyword, or I have added the `@SuppressWarnings(""ImmutableEnumChecker"")` annotation  * Fixes `StaticAssignmentOfThrowable` warns  This commit fix all `StaticAssignmentOfThrowable` warns given by ErrorProne in the `gson/src/test.*` path.  * Fixes `AssertionFailureIgnored` warns  This commit fix all `AssertionFailureIgnored` warns given by ErrorProne in the `gson/src/test.*` path.  I have added the `@SuppressWarnings(""AssertionFailureIgnored"")` annotation  * Fixes `ModifiedButNotUsed` warns  This commit fix all `ModifiedButNotUsed` warns given by ErrorProne in the `gson/src/test.*` path.  I have added the `@SuppressWarnings(""ModifiedButNotUsed"")` annotation  * Fixes `MissingSummary` warns  This commit fix all `MissingSummary` warns given by ErrorProne in the `gson/src/test.*` path.  I have remove the Javadoc `@author`  * Fixes `FloatingPointLiteralPrecision` warns  This commit fix all `FloatingPointLiteralPrecision` warns given by ErrorProne in the `gson/src/test.*` path.  I have added the `@SuppressWarnings(""FloatingPointLiteralPrecision"")` annotation  * Fixes `StringSplitter` warns  This commit fix all `StringSplitter` warns given by ErrorProne in the `gson/src/test.*` path.  I have replaced the `String.split(...)` with `Splitter`  * Fixes `EmptyCatch` warns  This commit fix all `EmptyCatch` warns given by ErrorProne in the `gson/src/test.*` path.  * Fixes `UnicodeEscape` warns  This commit fix all `UnicodeEscape` warns given by ErrorProne in the `gson/src/test.*` path.  * Fixes `EmptyBlockTag` warns  This commit fix all `EmptyBlockTag` warns given by ErrorProne in the `gson/src/test.*` path.  * Fixes `LongFloatConversion` warns  This commit fix all `LongFloatConversion` warns given by ErrorProne in the `gson/src/test.*` path.  * Fixes `LongDoubleConversion` warns  This commit fix all `LongDoubleConversion` warns given by ErrorProne in the `gson/src/test.*` path.  * Fixes `TruthAssertExpected` warns  This commit fix all `TruthAssertExpected` warns given by ErrorProne in the `gson/src/test.*` path.  * Fixes `UnusedMethod` warns  This commit fix all `UnusedMethod` warns given by ErrorProne in the `gson/src/test.*` path.  * Fixes `UnusedTypeParameter` warns  This commit fix all `UnusedTypeParameter` warns given by ErrorProne in the `gson/src/test.*` path.  * Fixes `CatchFail` warns  This commit fix all `CatchFail` warns given by ErrorProne in the `gson/src/test.*` path.  * Fixes `MathAbsoluteNegative` warns  This commit fix all `MathAbsoluteNegative` warns given by ErrorProne in the `gson/src/test.*` path.  * Fixes `LoopOverCharArray` warns  This commit fix all `LoopOverCharArray` warns given by ErrorProne in the `gson/src/test.*` path.  `toCharArray` allocates a new array, using `charAt` is more efficient  * Fixes `HidingField` warns  This commit fix all `HidingField` warns given by ErrorProne in the `gson/src/test.*` path.  * Implements code review feedback  * Implements code review feedback  This commit implements some other code review feedback  * Enable ErrorProne in `extra`  Thi commit removes the `.*extras/src/test.*` path from the `-XepExcludedPaths` parameter of ErrorProne.  * Fix the `JavaUtilDate` warns  This commit fix all `JavaUtilDate` warns given by ErrorProne in the `extras/src/test.*` path.  * Implements code review feedback  * Removes redundant new-line  * Implements code review feedback  * Adds `JDK11` to run test with `--release 11`  * Revert ""Adds `JDK11` to run test with `--release 11`""  This reverts commit a7cca386098ae847a10a31c09c3ab9b11eee5920.",1
gson/src/main/java/com/google/gson/JsonParser.java,1,1,15,6,57,7,8,7,1,1,0,3,4,gson,https://github.com/google/gson.git,dc20b7561af3a793e4945842040e956803b641c9,bfbbd0dde88bd4a2586e4e0a2101f790246e17b4,"Fix error prone warns (#2320)  * Adds `@SuppressWarnings(""NarrowingCompoundAssignment"")`  * Adds `@SuppressWarnings(""TypeParameterUnusedInFormals"")`  * Adds `@SuppressWarnings(""JavaUtilDate"")`  * Adds a limit to `String.split()`  * Add `error_prone_annotations` to the `pom.xml`  * Adds `@InlineMe(...)` to deprecated methods  * Adds `@SuppressWarnings(""ImmutableEnumChecker"")`  * Adds `@SuppressWarnings(""ModifiedButNotUsed"")`  * Adds `@SuppressWarnings(""MixedMutabilityReturnType"")`  * Removes an unused import  * Adds `requires` to `module-info.java`  * Adds ErrorProne `link` into `pom.xml`  * Remove unused imports  Removed from: - ParseBenchmark  * Adds `@SuppressWarnings(""EqualsGetClass"")`  * Excludes from `proto` just the generated code.  Replaces `.*proto.*` with `.*/generated-test-sources/protobuf/.*` in such way will be excluded just the generated code and not the whole `proto` directory  * Removes an unused variable  Removes the `descriptor` variable because is unused.  * Fixes the `BadImport` warn into `ProtosWithAnnotationsTest`  * Fixes the `BadImport` warns into `ProtosWithAnnotationsTest`  * Enables ErrorProne in `gson/src/test.*`  Removes the `gson/src/test.*` path from the `-XepExcludedPaths` parameter of the ErrorProne plugin  * Fixes `UnusedVariable` warns  This commit fix all `UnusedVariable` warns given by ErrorProne in the `gson/src/test.*` path.  Some field is annotated with `@Keep` that means is used by reflection. In some other case the record is annotated with `@SuppressWarnings(""unused"")`  * Fixes `JavaUtilDate` warns  This commit fix all `JavaUtilDate` warns given by ErrorProne in the `gson/src/test.*` path.  Classes/Methods are annotated with `@SuppressWarnings(""JavaUtilDate"")` because it's not possible use differente Date API.  * Fixes `EqualsGetClass` warns  This commit fix all `EqualsGetClass` warns given by ErrorProne in the `gson/src/test.*` path.  I have rewrite the `equals()` methods to use `instanceof`  * Replaces pattern matching for instanceof with casts  * Fixes `JdkObsolete` warns  This commit fix all `JdkObsolete` warns given by ErrorProne in the `gson/src/test.*` path.  In some cases I have replaced the obsolete JDK classes with the newest alternatives.  In other cases, I have added the `@SuppressWarnings(""JdkObsolete"")`  * Fixes `ClassCanBeStatic` warns  This commit fix all `ClassCanBeStatic` warns given by ErrorProne in the `gson/src/test.*` path.  I have added the `static` keyword, or I have added `@SuppressWarnings(""ClassCanBeStatic"")`  * Fixes `UndefinedEquals` warns  This commit fix all `UndefinedEquals` warns given by ErrorProne in the `gson/src/test.*` path.  I have added `@SuppressWarnings(""UndefinedEquals"")` or fixed the asserts  Note: In this commit I have also renamed a test from `testRawCollectionDeserializationNotAlllowed` to `testRawCollectionDeserializationNotAllowed`  * Fixes `GetClassOnEnum` warns  This commit fix all `GetClassOnEnum` warns given by ErrorProne in the `gson/src/test.*` path.  I have replaced the `.getClass()` with `.getDeclaringClass()`  * Fixes `ImmutableEnumChecker` warns  This commit fix all `ImmutableEnumChecker` warns given by ErrorProne in the `gson/src/test.*` path.  I have added the `final` keyword, or I have added the `@SuppressWarnings(""ImmutableEnumChecker"")` annotation  * Fixes `StaticAssignmentOfThrowable` warns  This commit fix all `StaticAssignmentOfThrowable` warns given by ErrorProne in the `gson/src/test.*` path.  * Fixes `AssertionFailureIgnored` warns  This commit fix all `AssertionFailureIgnored` warns given by ErrorProne in the `gson/src/test.*` path.  I have added the `@SuppressWarnings(""AssertionFailureIgnored"")` annotation  * Fixes `ModifiedButNotUsed` warns  This commit fix all `ModifiedButNotUsed` warns given by ErrorProne in the `gson/src/test.*` path.  I have added the `@SuppressWarnings(""ModifiedButNotUsed"")` annotation  * Fixes `MissingSummary` warns  This commit fix all `MissingSummary` warns given by ErrorProne in the `gson/src/test.*` path.  I have remove the Javadoc `@author`  * Fixes `FloatingPointLiteralPrecision` warns  This commit fix all `FloatingPointLiteralPrecision` warns given by ErrorProne in the `gson/src/test.*` path.  I have added the `@SuppressWarnings(""FloatingPointLiteralPrecision"")` annotation  * Fixes `StringSplitter` warns  This commit fix all `StringSplitter` warns given by ErrorProne in the `gson/src/test.*` path.  I have replaced the `String.split(...)` with `Splitter`  * Fixes `EmptyCatch` warns  This commit fix all `EmptyCatch` warns given by ErrorProne in the `gson/src/test.*` path.  * Fixes `UnicodeEscape` warns  This commit fix all `UnicodeEscape` warns given by ErrorProne in the `gson/src/test.*` path.  * Fixes `EmptyBlockTag` warns  This commit fix all `EmptyBlockTag` warns given by ErrorProne in the `gson/src/test.*` path.  * Fixes `LongFloatConversion` warns  This commit fix all `LongFloatConversion` warns given by ErrorProne in the `gson/src/test.*` path.  * Fixes `LongDoubleConversion` warns  This commit fix all `LongDoubleConversion` warns given by ErrorProne in the `gson/src/test.*` path.  * Fixes `TruthAssertExpected` warns  This commit fix all `TruthAssertExpected` warns given by ErrorProne in the `gson/src/test.*` path.  * Fixes `UnusedMethod` warns  This commit fix all `UnusedMethod` warns given by ErrorProne in the `gson/src/test.*` path.  * Fixes `UnusedTypeParameter` warns  This commit fix all `UnusedTypeParameter` warns given by ErrorProne in the `gson/src/test.*` path.  * Fixes `CatchFail` warns  This commit fix all `CatchFail` warns given by ErrorProne in the `gson/src/test.*` path.  * Fixes `MathAbsoluteNegative` warns  This commit fix all `MathAbsoluteNegative` warns given by ErrorProne in the `gson/src/test.*` path.  * Fixes `LoopOverCharArray` warns  This commit fix all `LoopOverCharArray` warns given by ErrorProne in the `gson/src/test.*` path.  `toCharArray` allocates a new array, using `charAt` is more efficient  * Fixes `HidingField` warns  This commit fix all `HidingField` warns given by ErrorProne in the `gson/src/test.*` path.  * Implements code review feedback  * Implements code review feedback  This commit implements some other code review feedback  * Enable ErrorProne in `extra`  Thi commit removes the `.*extras/src/test.*` path from the `-XepExcludedPaths` parameter of ErrorProne.  * Fix the `JavaUtilDate` warns  This commit fix all `JavaUtilDate` warns given by ErrorProne in the `extras/src/test.*` path.  * Implements code review feedback  * Removes redundant new-line  * Implements code review feedback  * Adds `JDK11` to run test with `--release 11`  * Revert ""Adds `JDK11` to run test with `--release 11`""  This reverts commit a7cca386098ae847a10a31c09c3ab9b11eee5920.",1
gson/src/main/java/com/google/gson/internal/JavaVersion.java,5,1,1,10,54,6,12,14,7,7,1,9,5,gson,https://github.com/google/gson.git,dc20b7561af3a793e4945842040e956803b641c9,bfbbd0dde88bd4a2586e4e0a2101f790246e17b4,"Fix error prone warns (#2320)  * Adds `@SuppressWarnings(""NarrowingCompoundAssignment"")`  * Adds `@SuppressWarnings(""TypeParameterUnusedInFormals"")`  * Adds `@SuppressWarnings(""JavaUtilDate"")`  * Adds a limit to `String.split()`  * Add `error_prone_annotations` to the `pom.xml`  * Adds `@InlineMe(...)` to deprecated methods  * Adds `@SuppressWarnings(""ImmutableEnumChecker"")`  * Adds `@SuppressWarnings(""ModifiedButNotUsed"")`  * Adds `@SuppressWarnings(""MixedMutabilityReturnType"")`  * Removes an unused import  * Adds `requires` to `module-info.java`  * Adds ErrorProne `link` into `pom.xml`  * Remove unused imports  Removed from: - ParseBenchmark  * Adds `@SuppressWarnings(""EqualsGetClass"")`  * Excludes from `proto` just the generated code.  Replaces `.*proto.*` with `.*/generated-test-sources/protobuf/.*` in such way will be excluded just the generated code and not the whole `proto` directory  * Removes an unused variable  Removes the `descriptor` variable because is unused.  * Fixes the `BadImport` warn into `ProtosWithAnnotationsTest`  * Fixes the `BadImport` warns into `ProtosWithAnnotationsTest`  * Enables ErrorProne in `gson/src/test.*`  Removes the `gson/src/test.*` path from the `-XepExcludedPaths` parameter of the ErrorProne plugin  * Fixes `UnusedVariable` warns  This commit fix all `UnusedVariable` warns given by ErrorProne in the `gson/src/test.*` path.  Some field is annotated with `@Keep` that means is used by reflection. In some other case the record is annotated with `@SuppressWarnings(""unused"")`  * Fixes `JavaUtilDate` warns  This commit fix all `JavaUtilDate` warns given by ErrorProne in the `gson/src/test.*` path.  Classes/Methods are annotated with `@SuppressWarnings(""JavaUtilDate"")` because it's not possible use differente Date API.  * Fixes `EqualsGetClass` warns  This commit fix all `EqualsGetClass` warns given by ErrorProne in the `gson/src/test.*` path.  I have rewrite the `equals()` methods to use `instanceof`  * Replaces pattern matching for instanceof with casts  * Fixes `JdkObsolete` warns  This commit fix all `JdkObsolete` warns given by ErrorProne in the `gson/src/test.*` path.  In some cases I have replaced the obsolete JDK classes with the newest alternatives.  In other cases, I have added the `@SuppressWarnings(""JdkObsolete"")`  * Fixes `ClassCanBeStatic` warns  This commit fix all `ClassCanBeStatic` warns given by ErrorProne in the `gson/src/test.*` path.  I have added the `static` keyword, or I have added `@SuppressWarnings(""ClassCanBeStatic"")`  * Fixes `UndefinedEquals` warns  This commit fix all `UndefinedEquals` warns given by ErrorProne in the `gson/src/test.*` path.  I have added `@SuppressWarnings(""UndefinedEquals"")` or fixed the asserts  Note: In this commit I have also renamed a test from `testRawCollectionDeserializationNotAlllowed` to `testRawCollectionDeserializationNotAllowed`  * Fixes `GetClassOnEnum` warns  This commit fix all `GetClassOnEnum` warns given by ErrorProne in the `gson/src/test.*` path.  I have replaced the `.getClass()` with `.getDeclaringClass()`  * Fixes `ImmutableEnumChecker` warns  This commit fix all `ImmutableEnumChecker` warns given by ErrorProne in the `gson/src/test.*` path.  I have added the `final` keyword, or I have added the `@SuppressWarnings(""ImmutableEnumChecker"")` annotation  * Fixes `StaticAssignmentOfThrowable` warns  This commit fix all `StaticAssignmentOfThrowable` warns given by ErrorProne in the `gson/src/test.*` path.  * Fixes `AssertionFailureIgnored` warns  This commit fix all `AssertionFailureIgnored` warns given by ErrorProne in the `gson/src/test.*` path.  I have added the `@SuppressWarnings(""AssertionFailureIgnored"")` annotation  * Fixes `ModifiedButNotUsed` warns  This commit fix all `ModifiedButNotUsed` warns given by ErrorProne in the `gson/src/test.*` path.  I have added the `@SuppressWarnings(""ModifiedButNotUsed"")` annotation  * Fixes `MissingSummary` warns  This commit fix all `MissingSummary` warns given by ErrorProne in the `gson/src/test.*` path.  I have remove the Javadoc `@author`  * Fixes `FloatingPointLiteralPrecision` warns  This commit fix all `FloatingPointLiteralPrecision` warns given by ErrorProne in the `gson/src/test.*` path.  I have added the `@SuppressWarnings(""FloatingPointLiteralPrecision"")` annotation  * Fixes `StringSplitter` warns  This commit fix all `StringSplitter` warns given by ErrorProne in the `gson/src/test.*` path.  I have replaced the `String.split(...)` with `Splitter`  * Fixes `EmptyCatch` warns  This commit fix all `EmptyCatch` warns given by ErrorProne in the `gson/src/test.*` path.  * Fixes `UnicodeEscape` warns  This commit fix all `UnicodeEscape` warns given by ErrorProne in the `gson/src/test.*` path.  * Fixes `EmptyBlockTag` warns  This commit fix all `EmptyBlockTag` warns given by ErrorProne in the `gson/src/test.*` path.  * Fixes `LongFloatConversion` warns  This commit fix all `LongFloatConversion` warns given by ErrorProne in the `gson/src/test.*` path.  * Fixes `LongDoubleConversion` warns  This commit fix all `LongDoubleConversion` warns given by ErrorProne in the `gson/src/test.*` path.  * Fixes `TruthAssertExpected` warns  This commit fix all `TruthAssertExpected` warns given by ErrorProne in the `gson/src/test.*` path.  * Fixes `UnusedMethod` warns  This commit fix all `UnusedMethod` warns given by ErrorProne in the `gson/src/test.*` path.  * Fixes `UnusedTypeParameter` warns  This commit fix all `UnusedTypeParameter` warns given by ErrorProne in the `gson/src/test.*` path.  * Fixes `CatchFail` warns  This commit fix all `CatchFail` warns given by ErrorProne in the `gson/src/test.*` path.  * Fixes `MathAbsoluteNegative` warns  This commit fix all `MathAbsoluteNegative` warns given by ErrorProne in the `gson/src/test.*` path.  * Fixes `LoopOverCharArray` warns  This commit fix all `LoopOverCharArray` warns given by ErrorProne in the `gson/src/test.*` path.  `toCharArray` allocates a new array, using `charAt` is more efficient  * Fixes `HidingField` warns  This commit fix all `HidingField` warns given by ErrorProne in the `gson/src/test.*` path.  * Implements code review feedback  * Implements code review feedback  This commit implements some other code review feedback  * Enable ErrorProne in `extra`  Thi commit removes the `.*extras/src/test.*` path from the `-XepExcludedPaths` parameter of ErrorProne.  * Fix the `JavaUtilDate` warns  This commit fix all `JavaUtilDate` warns given by ErrorProne in the `extras/src/test.*` path.  * Implements code review feedback  * Removes redundant new-line  * Implements code review feedback  * Adds `JDK11` to run test with `--release 11`  * Revert ""Adds `JDK11` to run test with `--release 11`""  This reverts commit a7cca386098ae847a10a31c09c3ab9b11eee5920.",1
gson/src/main/java/com/google/gson/internal/bind/ReflectiveTypeAdapterFactory.java,37,2,51,111,409,140,20,68,19,19,7,78,7,gson,https://github.com/google/gson.git,dc20b7561af3a793e4945842040e956803b641c9,bfbbd0dde88bd4a2586e4e0a2101f790246e17b4,"Fix error prone warns (#2320)  * Adds `@SuppressWarnings(""NarrowingCompoundAssignment"")`  * Adds `@SuppressWarnings(""TypeParameterUnusedInFormals"")`  * Adds `@SuppressWarnings(""JavaUtilDate"")`  * Adds a limit to `String.split()`  * Add `error_prone_annotations` to the `pom.xml`  * Adds `@InlineMe(...)` to deprecated methods  * Adds `@SuppressWarnings(""ImmutableEnumChecker"")`  * Adds `@SuppressWarnings(""ModifiedButNotUsed"")`  * Adds `@SuppressWarnings(""MixedMutabilityReturnType"")`  * Removes an unused import  * Adds `requires` to `module-info.java`  * Adds ErrorProne `link` into `pom.xml`  * Remove unused imports  Removed from: - ParseBenchmark  * Adds `@SuppressWarnings(""EqualsGetClass"")`  * Excludes from `proto` just the generated code.  Replaces `.*proto.*` with `.*/generated-test-sources/protobuf/.*` in such way will be excluded just the generated code and not the whole `proto` directory  * Removes an unused variable  Removes the `descriptor` variable because is unused.  * Fixes the `BadImport` warn into `ProtosWithAnnotationsTest`  * Fixes the `BadImport` warns into `ProtosWithAnnotationsTest`  * Enables ErrorProne in `gson/src/test.*`  Removes the `gson/src/test.*` path from the `-XepExcludedPaths` parameter of the ErrorProne plugin  * Fixes `UnusedVariable` warns  This commit fix all `UnusedVariable` warns given by ErrorProne in the `gson/src/test.*` path.  Some field is annotated with `@Keep` that means is used by reflection. In some other case the record is annotated with `@SuppressWarnings(""unused"")`  * Fixes `JavaUtilDate` warns  This commit fix all `JavaUtilDate` warns given by ErrorProne in the `gson/src/test.*` path.  Classes/Methods are annotated with `@SuppressWarnings(""JavaUtilDate"")` because it's not possible use differente Date API.  * Fixes `EqualsGetClass` warns  This commit fix all `EqualsGetClass` warns given by ErrorProne in the `gson/src/test.*` path.  I have rewrite the `equals()` methods to use `instanceof`  * Replaces pattern matching for instanceof with casts  * Fixes `JdkObsolete` warns  This commit fix all `JdkObsolete` warns given by ErrorProne in the `gson/src/test.*` path.  In some cases I have replaced the obsolete JDK classes with the newest alternatives.  In other cases, I have added the `@SuppressWarnings(""JdkObsolete"")`  * Fixes `ClassCanBeStatic` warns  This commit fix all `ClassCanBeStatic` warns given by ErrorProne in the `gson/src/test.*` path.  I have added the `static` keyword, or I have added `@SuppressWarnings(""ClassCanBeStatic"")`  * Fixes `UndefinedEquals` warns  This commit fix all `UndefinedEquals` warns given by ErrorProne in the `gson/src/test.*` path.  I have added `@SuppressWarnings(""UndefinedEquals"")` or fixed the asserts  Note: In this commit I have also renamed a test from `testRawCollectionDeserializationNotAlllowed` to `testRawCollectionDeserializationNotAllowed`  * Fixes `GetClassOnEnum` warns  This commit fix all `GetClassOnEnum` warns given by ErrorProne in the `gson/src/test.*` path.  I have replaced the `.getClass()` with `.getDeclaringClass()`  * Fixes `ImmutableEnumChecker` warns  This commit fix all `ImmutableEnumChecker` warns given by ErrorProne in the `gson/src/test.*` path.  I have added the `final` keyword, or I have added the `@SuppressWarnings(""ImmutableEnumChecker"")` annotation  * Fixes `StaticAssignmentOfThrowable` warns  This commit fix all `StaticAssignmentOfThrowable` warns given by ErrorProne in the `gson/src/test.*` path.  * Fixes `AssertionFailureIgnored` warns  This commit fix all `AssertionFailureIgnored` warns given by ErrorProne in the `gson/src/test.*` path.  I have added the `@SuppressWarnings(""AssertionFailureIgnored"")` annotation  * Fixes `ModifiedButNotUsed` warns  This commit fix all `ModifiedButNotUsed` warns given by ErrorProne in the `gson/src/test.*` path.  I have added the `@SuppressWarnings(""ModifiedButNotUsed"")` annotation  * Fixes `MissingSummary` warns  This commit fix all `MissingSummary` warns given by ErrorProne in the `gson/src/test.*` path.  I have remove the Javadoc `@author`  * Fixes `FloatingPointLiteralPrecision` warns  This commit fix all `FloatingPointLiteralPrecision` warns given by ErrorProne in the `gson/src/test.*` path.  I have added the `@SuppressWarnings(""FloatingPointLiteralPrecision"")` annotation  * Fixes `StringSplitter` warns  This commit fix all `StringSplitter` warns given by ErrorProne in the `gson/src/test.*` path.  I have replaced the `String.split(...)` with `Splitter`  * Fixes `EmptyCatch` warns  This commit fix all `EmptyCatch` warns given by ErrorProne in the `gson/src/test.*` path.  * Fixes `UnicodeEscape` warns  This commit fix all `UnicodeEscape` warns given by ErrorProne in the `gson/src/test.*` path.  * Fixes `EmptyBlockTag` warns  This commit fix all `EmptyBlockTag` warns given by ErrorProne in the `gson/src/test.*` path.  * Fixes `LongFloatConversion` warns  This commit fix all `LongFloatConversion` warns given by ErrorProne in the `gson/src/test.*` path.  * Fixes `LongDoubleConversion` warns  This commit fix all `LongDoubleConversion` warns given by ErrorProne in the `gson/src/test.*` path.  * Fixes `TruthAssertExpected` warns  This commit fix all `TruthAssertExpected` warns given by ErrorProne in the `gson/src/test.*` path.  * Fixes `UnusedMethod` warns  This commit fix all `UnusedMethod` warns given by ErrorProne in the `gson/src/test.*` path.  * Fixes `UnusedTypeParameter` warns  This commit fix all `UnusedTypeParameter` warns given by ErrorProne in the `gson/src/test.*` path.  * Fixes `CatchFail` warns  This commit fix all `CatchFail` warns given by ErrorProne in the `gson/src/test.*` path.  * Fixes `MathAbsoluteNegative` warns  This commit fix all `MathAbsoluteNegative` warns given by ErrorProne in the `gson/src/test.*` path.  * Fixes `LoopOverCharArray` warns  This commit fix all `LoopOverCharArray` warns given by ErrorProne in the `gson/src/test.*` path.  `toCharArray` allocates a new array, using `charAt` is more efficient  * Fixes `HidingField` warns  This commit fix all `HidingField` warns given by ErrorProne in the `gson/src/test.*` path.  * Implements code review feedback  * Implements code review feedback  This commit implements some other code review feedback  * Enable ErrorProne in `extra`  Thi commit removes the `.*extras/src/test.*` path from the `-XepExcludedPaths` parameter of ErrorProne.  * Fix the `JavaUtilDate` warns  This commit fix all `JavaUtilDate` warns given by ErrorProne in the `extras/src/test.*` path.  * Implements code review feedback  * Removes redundant new-line  * Implements code review feedback  * Adds `JDK11` to run test with `--release 11`  * Revert ""Adds `JDK11` to run test with `--release 11`""  This reverts commit a7cca386098ae847a10a31c09c3ab9b11eee5920.",1
gson/src/main/java/com/google/gson/internal/bind/TreeTypeAdapter.java,3,2,20,23,126,76,14,14,10,10,0,18,3,gson,https://github.com/google/gson.git,dc20b7561af3a793e4945842040e956803b641c9,bfbbd0dde88bd4a2586e4e0a2101f790246e17b4,"Fix error prone warns (#2320)  * Adds `@SuppressWarnings(""NarrowingCompoundAssignment"")`  * Adds `@SuppressWarnings(""TypeParameterUnusedInFormals"")`  * Adds `@SuppressWarnings(""JavaUtilDate"")`  * Adds a limit to `String.split()`  * Add `error_prone_annotations` to the `pom.xml`  * Adds `@InlineMe(...)` to deprecated methods  * Adds `@SuppressWarnings(""ImmutableEnumChecker"")`  * Adds `@SuppressWarnings(""ModifiedButNotUsed"")`  * Adds `@SuppressWarnings(""MixedMutabilityReturnType"")`  * Removes an unused import  * Adds `requires` to `module-info.java`  * Adds ErrorProne `link` into `pom.xml`  * Remove unused imports  Removed from: - ParseBenchmark  * Adds `@SuppressWarnings(""EqualsGetClass"")`  * Excludes from `proto` just the generated code.  Replaces `.*proto.*` with `.*/generated-test-sources/protobuf/.*` in such way will be excluded just the generated code and not the whole `proto` directory  * Removes an unused variable  Removes the `descriptor` variable because is unused.  * Fixes the `BadImport` warn into `ProtosWithAnnotationsTest`  * Fixes the `BadImport` warns into `ProtosWithAnnotationsTest`  * Enables ErrorProne in `gson/src/test.*`  Removes the `gson/src/test.*` path from the `-XepExcludedPaths` parameter of the ErrorProne plugin  * Fixes `UnusedVariable` warns  This commit fix all `UnusedVariable` warns given by ErrorProne in the `gson/src/test.*` path.  Some field is annotated with `@Keep` that means is used by reflection. In some other case the record is annotated with `@SuppressWarnings(""unused"")`  * Fixes `JavaUtilDate` warns  This commit fix all `JavaUtilDate` warns given by ErrorProne in the `gson/src/test.*` path.  Classes/Methods are annotated with `@SuppressWarnings(""JavaUtilDate"")` because it's not possible use differente Date API.  * Fixes `EqualsGetClass` warns  This commit fix all `EqualsGetClass` warns given by ErrorProne in the `gson/src/test.*` path.  I have rewrite the `equals()` methods to use `instanceof`  * Replaces pattern matching for instanceof with casts  * Fixes `JdkObsolete` warns  This commit fix all `JdkObsolete` warns given by ErrorProne in the `gson/src/test.*` path.  In some cases I have replaced the obsolete JDK classes with the newest alternatives.  In other cases, I have added the `@SuppressWarnings(""JdkObsolete"")`  * Fixes `ClassCanBeStatic` warns  This commit fix all `ClassCanBeStatic` warns given by ErrorProne in the `gson/src/test.*` path.  I have added the `static` keyword, or I have added `@SuppressWarnings(""ClassCanBeStatic"")`  * Fixes `UndefinedEquals` warns  This commit fix all `UndefinedEquals` warns given by ErrorProne in the `gson/src/test.*` path.  I have added `@SuppressWarnings(""UndefinedEquals"")` or fixed the asserts  Note: In this commit I have also renamed a test from `testRawCollectionDeserializationNotAlllowed` to `testRawCollectionDeserializationNotAllowed`  * Fixes `GetClassOnEnum` warns  This commit fix all `GetClassOnEnum` warns given by ErrorProne in the `gson/src/test.*` path.  I have replaced the `.getClass()` with `.getDeclaringClass()`  * Fixes `ImmutableEnumChecker` warns  This commit fix all `ImmutableEnumChecker` warns given by ErrorProne in the `gson/src/test.*` path.  I have added the `final` keyword, or I have added the `@SuppressWarnings(""ImmutableEnumChecker"")` annotation  * Fixes `StaticAssignmentOfThrowable` warns  This commit fix all `StaticAssignmentOfThrowable` warns given by ErrorProne in the `gson/src/test.*` path.  * Fixes `AssertionFailureIgnored` warns  This commit fix all `AssertionFailureIgnored` warns given by ErrorProne in the `gson/src/test.*` path.  I have added the `@SuppressWarnings(""AssertionFailureIgnored"")` annotation  * Fixes `ModifiedButNotUsed` warns  This commit fix all `ModifiedButNotUsed` warns given by ErrorProne in the `gson/src/test.*` path.  I have added the `@SuppressWarnings(""ModifiedButNotUsed"")` annotation  * Fixes `MissingSummary` warns  This commit fix all `MissingSummary` warns given by ErrorProne in the `gson/src/test.*` path.  I have remove the Javadoc `@author`  * Fixes `FloatingPointLiteralPrecision` warns  This commit fix all `FloatingPointLiteralPrecision` warns given by ErrorProne in the `gson/src/test.*` path.  I have added the `@SuppressWarnings(""FloatingPointLiteralPrecision"")` annotation  * Fixes `StringSplitter` warns  This commit fix all `StringSplitter` warns given by ErrorProne in the `gson/src/test.*` path.  I have replaced the `String.split(...)` with `Splitter`  * Fixes `EmptyCatch` warns  This commit fix all `EmptyCatch` warns given by ErrorProne in the `gson/src/test.*` path.  * Fixes `UnicodeEscape` warns  This commit fix all `UnicodeEscape` warns given by ErrorProne in the `gson/src/test.*` path.  * Fixes `EmptyBlockTag` warns  This commit fix all `EmptyBlockTag` warns given by ErrorProne in the `gson/src/test.*` path.  * Fixes `LongFloatConversion` warns  This commit fix all `LongFloatConversion` warns given by ErrorProne in the `gson/src/test.*` path.  * Fixes `LongDoubleConversion` warns  This commit fix all `LongDoubleConversion` warns given by ErrorProne in the `gson/src/test.*` path.  * Fixes `TruthAssertExpected` warns  This commit fix all `TruthAssertExpected` warns given by ErrorProne in the `gson/src/test.*` path.  * Fixes `UnusedMethod` warns  This commit fix all `UnusedMethod` warns given by ErrorProne in the `gson/src/test.*` path.  * Fixes `UnusedTypeParameter` warns  This commit fix all `UnusedTypeParameter` warns given by ErrorProne in the `gson/src/test.*` path.  * Fixes `CatchFail` warns  This commit fix all `CatchFail` warns given by ErrorProne in the `gson/src/test.*` path.  * Fixes `MathAbsoluteNegative` warns  This commit fix all `MathAbsoluteNegative` warns given by ErrorProne in the `gson/src/test.*` path.  * Fixes `LoopOverCharArray` warns  This commit fix all `LoopOverCharArray` warns given by ErrorProne in the `gson/src/test.*` path.  `toCharArray` allocates a new array, using `charAt` is more efficient  * Fixes `HidingField` warns  This commit fix all `HidingField` warns given by ErrorProne in the `gson/src/test.*` path.  * Implements code review feedback  * Implements code review feedback  This commit implements some other code review feedback  * Enable ErrorProne in `extra`  Thi commit removes the `.*extras/src/test.*` path from the `-XepExcludedPaths` parameter of ErrorProne.  * Fix the `JavaUtilDate` warns  This commit fix all `JavaUtilDate` warns given by ErrorProne in the `extras/src/test.*` path.  * Implements code review feedback  * Removes redundant new-line  * Implements code review feedback  * Adds `JDK11` to run test with `--release 11`  * Revert ""Adds `JDK11` to run test with `--release 11`""  This reverts commit a7cca386098ae847a10a31c09c3ab9b11eee5920.",1
gson/src/main/java/com/google/gson/internal/sql/SqlDateTypeAdapter.java,0,2,17,11,55,13,4,6,3,3,0,5,4,gson,https://github.com/google/gson.git,dc20b7561af3a793e4945842040e956803b641c9,bfbbd0dde88bd4a2586e4e0a2101f790246e17b4,"Fix error prone warns (#2320)  * Adds `@SuppressWarnings(""NarrowingCompoundAssignment"")`  * Adds `@SuppressWarnings(""TypeParameterUnusedInFormals"")`  * Adds `@SuppressWarnings(""JavaUtilDate"")`  * Adds a limit to `String.split()`  * Add `error_prone_annotations` to the `pom.xml`  * Adds `@InlineMe(...)` to deprecated methods  * Adds `@SuppressWarnings(""ImmutableEnumChecker"")`  * Adds `@SuppressWarnings(""ModifiedButNotUsed"")`  * Adds `@SuppressWarnings(""MixedMutabilityReturnType"")`  * Removes an unused import  * Adds `requires` to `module-info.java`  * Adds ErrorProne `link` into `pom.xml`  * Remove unused imports  Removed from: - ParseBenchmark  * Adds `@SuppressWarnings(""EqualsGetClass"")`  * Excludes from `proto` just the generated code.  Replaces `.*proto.*` with `.*/generated-test-sources/protobuf/.*` in such way will be excluded just the generated code and not the whole `proto` directory  * Removes an unused variable  Removes the `descriptor` variable because is unused.  * Fixes the `BadImport` warn into `ProtosWithAnnotationsTest`  * Fixes the `BadImport` warns into `ProtosWithAnnotationsTest`  * Enables ErrorProne in `gson/src/test.*`  Removes the `gson/src/test.*` path from the `-XepExcludedPaths` parameter of the ErrorProne plugin  * Fixes `UnusedVariable` warns  This commit fix all `UnusedVariable` warns given by ErrorProne in the `gson/src/test.*` path.  Some field is annotated with `@Keep` that means is used by reflection. In some other case the record is annotated with `@SuppressWarnings(""unused"")`  * Fixes `JavaUtilDate` warns  This commit fix all `JavaUtilDate` warns given by ErrorProne in the `gson/src/test.*` path.  Classes/Methods are annotated with `@SuppressWarnings(""JavaUtilDate"")` because it's not possible use differente Date API.  * Fixes `EqualsGetClass` warns  This commit fix all `EqualsGetClass` warns given by ErrorProne in the `gson/src/test.*` path.  I have rewrite the `equals()` methods to use `instanceof`  * Replaces pattern matching for instanceof with casts  * Fixes `JdkObsolete` warns  This commit fix all `JdkObsolete` warns given by ErrorProne in the `gson/src/test.*` path.  In some cases I have replaced the obsolete JDK classes with the newest alternatives.  In other cases, I have added the `@SuppressWarnings(""JdkObsolete"")`  * Fixes `ClassCanBeStatic` warns  This commit fix all `ClassCanBeStatic` warns given by ErrorProne in the `gson/src/test.*` path.  I have added the `static` keyword, or I have added `@SuppressWarnings(""ClassCanBeStatic"")`  * Fixes `UndefinedEquals` warns  This commit fix all `UndefinedEquals` warns given by ErrorProne in the `gson/src/test.*` path.  I have added `@SuppressWarnings(""UndefinedEquals"")` or fixed the asserts  Note: In this commit I have also renamed a test from `testRawCollectionDeserializationNotAlllowed` to `testRawCollectionDeserializationNotAllowed`  * Fixes `GetClassOnEnum` warns  This commit fix all `GetClassOnEnum` warns given by ErrorProne in the `gson/src/test.*` path.  I have replaced the `.getClass()` with `.getDeclaringClass()`  * Fixes `ImmutableEnumChecker` warns  This commit fix all `ImmutableEnumChecker` warns given by ErrorProne in the `gson/src/test.*` path.  I have added the `final` keyword, or I have added the `@SuppressWarnings(""ImmutableEnumChecker"")` annotation  * Fixes `StaticAssignmentOfThrowable` warns  This commit fix all `StaticAssignmentOfThrowable` warns given by ErrorProne in the `gson/src/test.*` path.  * Fixes `AssertionFailureIgnored` warns  This commit fix all `AssertionFailureIgnored` warns given by ErrorProne in the `gson/src/test.*` path.  I have added the `@SuppressWarnings(""AssertionFailureIgnored"")` annotation  * Fixes `ModifiedButNotUsed` warns  This commit fix all `ModifiedButNotUsed` warns given by ErrorProne in the `gson/src/test.*` path.  I have added the `@SuppressWarnings(""ModifiedButNotUsed"")` annotation  * Fixes `MissingSummary` warns  This commit fix all `MissingSummary` warns given by ErrorProne in the `gson/src/test.*` path.  I have remove the Javadoc `@author`  * Fixes `FloatingPointLiteralPrecision` warns  This commit fix all `FloatingPointLiteralPrecision` warns given by ErrorProne in the `gson/src/test.*` path.  I have added the `@SuppressWarnings(""FloatingPointLiteralPrecision"")` annotation  * Fixes `StringSplitter` warns  This commit fix all `StringSplitter` warns given by ErrorProne in the `gson/src/test.*` path.  I have replaced the `String.split(...)` with `Splitter`  * Fixes `EmptyCatch` warns  This commit fix all `EmptyCatch` warns given by ErrorProne in the `gson/src/test.*` path.  * Fixes `UnicodeEscape` warns  This commit fix all `UnicodeEscape` warns given by ErrorProne in the `gson/src/test.*` path.  * Fixes `EmptyBlockTag` warns  This commit fix all `EmptyBlockTag` warns given by ErrorProne in the `gson/src/test.*` path.  * Fixes `LongFloatConversion` warns  This commit fix all `LongFloatConversion` warns given by ErrorProne in the `gson/src/test.*` path.  * Fixes `LongDoubleConversion` warns  This commit fix all `LongDoubleConversion` warns given by ErrorProne in the `gson/src/test.*` path.  * Fixes `TruthAssertExpected` warns  This commit fix all `TruthAssertExpected` warns given by ErrorProne in the `gson/src/test.*` path.  * Fixes `UnusedMethod` warns  This commit fix all `UnusedMethod` warns given by ErrorProne in the `gson/src/test.*` path.  * Fixes `UnusedTypeParameter` warns  This commit fix all `UnusedTypeParameter` warns given by ErrorProne in the `gson/src/test.*` path.  * Fixes `CatchFail` warns  This commit fix all `CatchFail` warns given by ErrorProne in the `gson/src/test.*` path.  * Fixes `MathAbsoluteNegative` warns  This commit fix all `MathAbsoluteNegative` warns given by ErrorProne in the `gson/src/test.*` path.  * Fixes `LoopOverCharArray` warns  This commit fix all `LoopOverCharArray` warns given by ErrorProne in the `gson/src/test.*` path.  `toCharArray` allocates a new array, using `charAt` is more efficient  * Fixes `HidingField` warns  This commit fix all `HidingField` warns given by ErrorProne in the `gson/src/test.*` path.  * Implements code review feedback  * Implements code review feedback  This commit implements some other code review feedback  * Enable ErrorProne in `extra`  Thi commit removes the `.*extras/src/test.*` path from the `-XepExcludedPaths` parameter of ErrorProne.  * Fix the `JavaUtilDate` warns  This commit fix all `JavaUtilDate` warns given by ErrorProne in the `extras/src/test.*` path.  * Implements code review feedback  * Removes redundant new-line  * Implements code review feedback  * Adds `JDK11` to run test with `--release 11`  * Revert ""Adds `JDK11` to run test with `--release 11`""  This reverts commit a7cca386098ae847a10a31c09c3ab9b11eee5920.",1
gson/src/main/java/com/google/gson/internal/sql/SqlTimeTypeAdapter.java,0,2,19,10,52,13,4,6,3,3,0,5,4,gson,https://github.com/google/gson.git,dc20b7561af3a793e4945842040e956803b641c9,bfbbd0dde88bd4a2586e4e0a2101f790246e17b4,"Fix error prone warns (#2320)  * Adds `@SuppressWarnings(""NarrowingCompoundAssignment"")`  * Adds `@SuppressWarnings(""TypeParameterUnusedInFormals"")`  * Adds `@SuppressWarnings(""JavaUtilDate"")`  * Adds a limit to `String.split()`  * Add `error_prone_annotations` to the `pom.xml`  * Adds `@InlineMe(...)` to deprecated methods  * Adds `@SuppressWarnings(""ImmutableEnumChecker"")`  * Adds `@SuppressWarnings(""ModifiedButNotUsed"")`  * Adds `@SuppressWarnings(""MixedMutabilityReturnType"")`  * Removes an unused import  * Adds `requires` to `module-info.java`  * Adds ErrorProne `link` into `pom.xml`  * Remove unused imports  Removed from: - ParseBenchmark  * Adds `@SuppressWarnings(""EqualsGetClass"")`  * Excludes from `proto` just the generated code.  Replaces `.*proto.*` with `.*/generated-test-sources/protobuf/.*` in such way will be excluded just the generated code and not the whole `proto` directory  * Removes an unused variable  Removes the `descriptor` variable because is unused.  * Fixes the `BadImport` warn into `ProtosWithAnnotationsTest`  * Fixes the `BadImport` warns into `ProtosWithAnnotationsTest`  * Enables ErrorProne in `gson/src/test.*`  Removes the `gson/src/test.*` path from the `-XepExcludedPaths` parameter of the ErrorProne plugin  * Fixes `UnusedVariable` warns  This commit fix all `UnusedVariable` warns given by ErrorProne in the `gson/src/test.*` path.  Some field is annotated with `@Keep` that means is used by reflection. In some other case the record is annotated with `@SuppressWarnings(""unused"")`  * Fixes `JavaUtilDate` warns  This commit fix all `JavaUtilDate` warns given by ErrorProne in the `gson/src/test.*` path.  Classes/Methods are annotated with `@SuppressWarnings(""JavaUtilDate"")` because it's not possible use differente Date API.  * Fixes `EqualsGetClass` warns  This commit fix all `EqualsGetClass` warns given by ErrorProne in the `gson/src/test.*` path.  I have rewrite the `equals()` methods to use `instanceof`  * Replaces pattern matching for instanceof with casts  * Fixes `JdkObsolete` warns  This commit fix all `JdkObsolete` warns given by ErrorProne in the `gson/src/test.*` path.  In some cases I have replaced the obsolete JDK classes with the newest alternatives.  In other cases, I have added the `@SuppressWarnings(""JdkObsolete"")`  * Fixes `ClassCanBeStatic` warns  This commit fix all `ClassCanBeStatic` warns given by ErrorProne in the `gson/src/test.*` path.  I have added the `static` keyword, or I have added `@SuppressWarnings(""ClassCanBeStatic"")`  * Fixes `UndefinedEquals` warns  This commit fix all `UndefinedEquals` warns given by ErrorProne in the `gson/src/test.*` path.  I have added `@SuppressWarnings(""UndefinedEquals"")` or fixed the asserts  Note: In this commit I have also renamed a test from `testRawCollectionDeserializationNotAlllowed` to `testRawCollectionDeserializationNotAllowed`  * Fixes `GetClassOnEnum` warns  This commit fix all `GetClassOnEnum` warns given by ErrorProne in the `gson/src/test.*` path.  I have replaced the `.getClass()` with `.getDeclaringClass()`  * Fixes `ImmutableEnumChecker` warns  This commit fix all `ImmutableEnumChecker` warns given by ErrorProne in the `gson/src/test.*` path.  I have added the `final` keyword, or I have added the `@SuppressWarnings(""ImmutableEnumChecker"")` annotation  * Fixes `StaticAssignmentOfThrowable` warns  This commit fix all `StaticAssignmentOfThrowable` warns given by ErrorProne in the `gson/src/test.*` path.  * Fixes `AssertionFailureIgnored` warns  This commit fix all `AssertionFailureIgnored` warns given by ErrorProne in the `gson/src/test.*` path.  I have added the `@SuppressWarnings(""AssertionFailureIgnored"")` annotation  * Fixes `ModifiedButNotUsed` warns  This commit fix all `ModifiedButNotUsed` warns given by ErrorProne in the `gson/src/test.*` path.  I have added the `@SuppressWarnings(""ModifiedButNotUsed"")` annotation  * Fixes `MissingSummary` warns  This commit fix all `MissingSummary` warns given by ErrorProne in the `gson/src/test.*` path.  I have remove the Javadoc `@author`  * Fixes `FloatingPointLiteralPrecision` warns  This commit fix all `FloatingPointLiteralPrecision` warns given by ErrorProne in the `gson/src/test.*` path.  I have added the `@SuppressWarnings(""FloatingPointLiteralPrecision"")` annotation  * Fixes `StringSplitter` warns  This commit fix all `StringSplitter` warns given by ErrorProne in the `gson/src/test.*` path.  I have replaced the `String.split(...)` with `Splitter`  * Fixes `EmptyCatch` warns  This commit fix all `EmptyCatch` warns given by ErrorProne in the `gson/src/test.*` path.  * Fixes `UnicodeEscape` warns  This commit fix all `UnicodeEscape` warns given by ErrorProne in the `gson/src/test.*` path.  * Fixes `EmptyBlockTag` warns  This commit fix all `EmptyBlockTag` warns given by ErrorProne in the `gson/src/test.*` path.  * Fixes `LongFloatConversion` warns  This commit fix all `LongFloatConversion` warns given by ErrorProne in the `gson/src/test.*` path.  * Fixes `LongDoubleConversion` warns  This commit fix all `LongDoubleConversion` warns given by ErrorProne in the `gson/src/test.*` path.  * Fixes `TruthAssertExpected` warns  This commit fix all `TruthAssertExpected` warns given by ErrorProne in the `gson/src/test.*` path.  * Fixes `UnusedMethod` warns  This commit fix all `UnusedMethod` warns given by ErrorProne in the `gson/src/test.*` path.  * Fixes `UnusedTypeParameter` warns  This commit fix all `UnusedTypeParameter` warns given by ErrorProne in the `gson/src/test.*` path.  * Fixes `CatchFail` warns  This commit fix all `CatchFail` warns given by ErrorProne in the `gson/src/test.*` path.  * Fixes `MathAbsoluteNegative` warns  This commit fix all `MathAbsoluteNegative` warns given by ErrorProne in the `gson/src/test.*` path.  * Fixes `LoopOverCharArray` warns  This commit fix all `LoopOverCharArray` warns given by ErrorProne in the `gson/src/test.*` path.  `toCharArray` allocates a new array, using `charAt` is more efficient  * Fixes `HidingField` warns  This commit fix all `HidingField` warns given by ErrorProne in the `gson/src/test.*` path.  * Implements code review feedback  * Implements code review feedback  This commit implements some other code review feedback  * Enable ErrorProne in `extra`  Thi commit removes the `.*extras/src/test.*` path from the `-XepExcludedPaths` parameter of ErrorProne.  * Fix the `JavaUtilDate` warns  This commit fix all `JavaUtilDate` warns given by ErrorProne in the `extras/src/test.*` path.  * Implements code review feedback  * Removes redundant new-line  * Implements code review feedback  * Adds `JDK11` to run test with `--release 11`  * Revert ""Adds `JDK11` to run test with `--release 11`""  This reverts commit a7cca386098ae847a10a31c09c3ab9b11eee5920.",1
gson/src/main/java/com/google/gson/internal/sql/SqlTimestampTypeAdapter.java,0,2,12,5,36,18,3,4,3,3,0,4,4,gson,https://github.com/google/gson.git,dc20b7561af3a793e4945842040e956803b641c9,bfbbd0dde88bd4a2586e4e0a2101f790246e17b4,"Fix error prone warns (#2320)  * Adds `@SuppressWarnings(""NarrowingCompoundAssignment"")`  * Adds `@SuppressWarnings(""TypeParameterUnusedInFormals"")`  * Adds `@SuppressWarnings(""JavaUtilDate"")`  * Adds a limit to `String.split()`  * Add `error_prone_annotations` to the `pom.xml`  * Adds `@InlineMe(...)` to deprecated methods  * Adds `@SuppressWarnings(""ImmutableEnumChecker"")`  * Adds `@SuppressWarnings(""ModifiedButNotUsed"")`  * Adds `@SuppressWarnings(""MixedMutabilityReturnType"")`  * Removes an unused import  * Adds `requires` to `module-info.java`  * Adds ErrorProne `link` into `pom.xml`  * Remove unused imports  Removed from: - ParseBenchmark  * Adds `@SuppressWarnings(""EqualsGetClass"")`  * Excludes from `proto` just the generated code.  Replaces `.*proto.*` with `.*/generated-test-sources/protobuf/.*` in such way will be excluded just the generated code and not the whole `proto` directory  * Removes an unused variable  Removes the `descriptor` variable because is unused.  * Fixes the `BadImport` warn into `ProtosWithAnnotationsTest`  * Fixes the `BadImport` warns into `ProtosWithAnnotationsTest`  * Enables ErrorProne in `gson/src/test.*`  Removes the `gson/src/test.*` path from the `-XepExcludedPaths` parameter of the ErrorProne plugin  * Fixes `UnusedVariable` warns  This commit fix all `UnusedVariable` warns given by ErrorProne in the `gson/src/test.*` path.  Some field is annotated with `@Keep` that means is used by reflection. In some other case the record is annotated with `@SuppressWarnings(""unused"")`  * Fixes `JavaUtilDate` warns  This commit fix all `JavaUtilDate` warns given by ErrorProne in the `gson/src/test.*` path.  Classes/Methods are annotated with `@SuppressWarnings(""JavaUtilDate"")` because it's not possible use differente Date API.  * Fixes `EqualsGetClass` warns  This commit fix all `EqualsGetClass` warns given by ErrorProne in the `gson/src/test.*` path.  I have rewrite the `equals()` methods to use `instanceof`  * Replaces pattern matching for instanceof with casts  * Fixes `JdkObsolete` warns  This commit fix all `JdkObsolete` warns given by ErrorProne in the `gson/src/test.*` path.  In some cases I have replaced the obsolete JDK classes with the newest alternatives.  In other cases, I have added the `@SuppressWarnings(""JdkObsolete"")`  * Fixes `ClassCanBeStatic` warns  This commit fix all `ClassCanBeStatic` warns given by ErrorProne in the `gson/src/test.*` path.  I have added the `static` keyword, or I have added `@SuppressWarnings(""ClassCanBeStatic"")`  * Fixes `UndefinedEquals` warns  This commit fix all `UndefinedEquals` warns given by ErrorProne in the `gson/src/test.*` path.  I have added `@SuppressWarnings(""UndefinedEquals"")` or fixed the asserts  Note: In this commit I have also renamed a test from `testRawCollectionDeserializationNotAlllowed` to `testRawCollectionDeserializationNotAllowed`  * Fixes `GetClassOnEnum` warns  This commit fix all `GetClassOnEnum` warns given by ErrorProne in the `gson/src/test.*` path.  I have replaced the `.getClass()` with `.getDeclaringClass()`  * Fixes `ImmutableEnumChecker` warns  This commit fix all `ImmutableEnumChecker` warns given by ErrorProne in the `gson/src/test.*` path.  I have added the `final` keyword, or I have added the `@SuppressWarnings(""ImmutableEnumChecker"")` annotation  * Fixes `StaticAssignmentOfThrowable` warns  This commit fix all `StaticAssignmentOfThrowable` warns given by ErrorProne in the `gson/src/test.*` path.  * Fixes `AssertionFailureIgnored` warns  This commit fix all `AssertionFailureIgnored` warns given by ErrorProne in the `gson/src/test.*` path.  I have added the `@SuppressWarnings(""AssertionFailureIgnored"")` annotation  * Fixes `ModifiedButNotUsed` warns  This commit fix all `ModifiedButNotUsed` warns given by ErrorProne in the `gson/src/test.*` path.  I have added the `@SuppressWarnings(""ModifiedButNotUsed"")` annotation  * Fixes `MissingSummary` warns  This commit fix all `MissingSummary` warns given by ErrorProne in the `gson/src/test.*` path.  I have remove the Javadoc `@author`  * Fixes `FloatingPointLiteralPrecision` warns  This commit fix all `FloatingPointLiteralPrecision` warns given by ErrorProne in the `gson/src/test.*` path.  I have added the `@SuppressWarnings(""FloatingPointLiteralPrecision"")` annotation  * Fixes `StringSplitter` warns  This commit fix all `StringSplitter` warns given by ErrorProne in the `gson/src/test.*` path.  I have replaced the `String.split(...)` with `Splitter`  * Fixes `EmptyCatch` warns  This commit fix all `EmptyCatch` warns given by ErrorProne in the `gson/src/test.*` path.  * Fixes `UnicodeEscape` warns  This commit fix all `UnicodeEscape` warns given by ErrorProne in the `gson/src/test.*` path.  * Fixes `EmptyBlockTag` warns  This commit fix all `EmptyBlockTag` warns given by ErrorProne in the `gson/src/test.*` path.  * Fixes `LongFloatConversion` warns  This commit fix all `LongFloatConversion` warns given by ErrorProne in the `gson/src/test.*` path.  * Fixes `LongDoubleConversion` warns  This commit fix all `LongDoubleConversion` warns given by ErrorProne in the `gson/src/test.*` path.  * Fixes `TruthAssertExpected` warns  This commit fix all `TruthAssertExpected` warns given by ErrorProne in the `gson/src/test.*` path.  * Fixes `UnusedMethod` warns  This commit fix all `UnusedMethod` warns given by ErrorProne in the `gson/src/test.*` path.  * Fixes `UnusedTypeParameter` warns  This commit fix all `UnusedTypeParameter` warns given by ErrorProne in the `gson/src/test.*` path.  * Fixes `CatchFail` warns  This commit fix all `CatchFail` warns given by ErrorProne in the `gson/src/test.*` path.  * Fixes `MathAbsoluteNegative` warns  This commit fix all `MathAbsoluteNegative` warns given by ErrorProne in the `gson/src/test.*` path.  * Fixes `LoopOverCharArray` warns  This commit fix all `LoopOverCharArray` warns given by ErrorProne in the `gson/src/test.*` path.  `toCharArray` allocates a new array, using `charAt` is more efficient  * Fixes `HidingField` warns  This commit fix all `HidingField` warns given by ErrorProne in the `gson/src/test.*` path.  * Implements code review feedback  * Implements code review feedback  This commit implements some other code review feedback  * Enable ErrorProne in `extra`  Thi commit removes the `.*extras/src/test.*` path from the `-XepExcludedPaths` parameter of ErrorProne.  * Fix the `JavaUtilDate` warns  This commit fix all `JavaUtilDate` warns given by ErrorProne in the `extras/src/test.*` path.  * Implements code review feedback  * Removes redundant new-line  * Implements code review feedback  * Adds `JDK11` to run test with `--release 11`  * Revert ""Adds `JDK11` to run test with `--release 11`""  This reverts commit a7cca386098ae847a10a31c09c3ab9b11eee5920.",1
gson/src/main/java/com/google/gson/internal/sql/SqlTypesSupport.java,1,2,5,4,46,10,2,4,2,2,0,13,5,gson,https://github.com/google/gson.git,dc20b7561af3a793e4945842040e956803b641c9,bfbbd0dde88bd4a2586e4e0a2101f790246e17b4,"Fix error prone warns (#2320)  * Adds `@SuppressWarnings(""NarrowingCompoundAssignment"")`  * Adds `@SuppressWarnings(""TypeParameterUnusedInFormals"")`  * Adds `@SuppressWarnings(""JavaUtilDate"")`  * Adds a limit to `String.split()`  * Add `error_prone_annotations` to the `pom.xml`  * Adds `@InlineMe(...)` to deprecated methods  * Adds `@SuppressWarnings(""ImmutableEnumChecker"")`  * Adds `@SuppressWarnings(""ModifiedButNotUsed"")`  * Adds `@SuppressWarnings(""MixedMutabilityReturnType"")`  * Removes an unused import  * Adds `requires` to `module-info.java`  * Adds ErrorProne `link` into `pom.xml`  * Remove unused imports  Removed from: - ParseBenchmark  * Adds `@SuppressWarnings(""EqualsGetClass"")`  * Excludes from `proto` just the generated code.  Replaces `.*proto.*` with `.*/generated-test-sources/protobuf/.*` in such way will be excluded just the generated code and not the whole `proto` directory  * Removes an unused variable  Removes the `descriptor` variable because is unused.  * Fixes the `BadImport` warn into `ProtosWithAnnotationsTest`  * Fixes the `BadImport` warns into `ProtosWithAnnotationsTest`  * Enables ErrorProne in `gson/src/test.*`  Removes the `gson/src/test.*` path from the `-XepExcludedPaths` parameter of the ErrorProne plugin  * Fixes `UnusedVariable` warns  This commit fix all `UnusedVariable` warns given by ErrorProne in the `gson/src/test.*` path.  Some field is annotated with `@Keep` that means is used by reflection. In some other case the record is annotated with `@SuppressWarnings(""unused"")`  * Fixes `JavaUtilDate` warns  This commit fix all `JavaUtilDate` warns given by ErrorProne in the `gson/src/test.*` path.  Classes/Methods are annotated with `@SuppressWarnings(""JavaUtilDate"")` because it's not possible use differente Date API.  * Fixes `EqualsGetClass` warns  This commit fix all `EqualsGetClass` warns given by ErrorProne in the `gson/src/test.*` path.  I have rewrite the `equals()` methods to use `instanceof`  * Replaces pattern matching for instanceof with casts  * Fixes `JdkObsolete` warns  This commit fix all `JdkObsolete` warns given by ErrorProne in the `gson/src/test.*` path.  In some cases I have replaced the obsolete JDK classes with the newest alternatives.  In other cases, I have added the `@SuppressWarnings(""JdkObsolete"")`  * Fixes `ClassCanBeStatic` warns  This commit fix all `ClassCanBeStatic` warns given by ErrorProne in the `gson/src/test.*` path.  I have added the `static` keyword, or I have added `@SuppressWarnings(""ClassCanBeStatic"")`  * Fixes `UndefinedEquals` warns  This commit fix all `UndefinedEquals` warns given by ErrorProne in the `gson/src/test.*` path.  I have added `@SuppressWarnings(""UndefinedEquals"")` or fixed the asserts  Note: In this commit I have also renamed a test from `testRawCollectionDeserializationNotAlllowed` to `testRawCollectionDeserializationNotAllowed`  * Fixes `GetClassOnEnum` warns  This commit fix all `GetClassOnEnum` warns given by ErrorProne in the `gson/src/test.*` path.  I have replaced the `.getClass()` with `.getDeclaringClass()`  * Fixes `ImmutableEnumChecker` warns  This commit fix all `ImmutableEnumChecker` warns given by ErrorProne in the `gson/src/test.*` path.  I have added the `final` keyword, or I have added the `@SuppressWarnings(""ImmutableEnumChecker"")` annotation  * Fixes `StaticAssignmentOfThrowable` warns  This commit fix all `StaticAssignmentOfThrowable` warns given by ErrorProne in the `gson/src/test.*` path.  * Fixes `AssertionFailureIgnored` warns  This commit fix all `AssertionFailureIgnored` warns given by ErrorProne in the `gson/src/test.*` path.  I have added the `@SuppressWarnings(""AssertionFailureIgnored"")` annotation  * Fixes `ModifiedButNotUsed` warns  This commit fix all `ModifiedButNotUsed` warns given by ErrorProne in the `gson/src/test.*` path.  I have added the `@SuppressWarnings(""ModifiedButNotUsed"")` annotation  * Fixes `MissingSummary` warns  This commit fix all `MissingSummary` warns given by ErrorProne in the `gson/src/test.*` path.  I have remove the Javadoc `@author`  * Fixes `FloatingPointLiteralPrecision` warns  This commit fix all `FloatingPointLiteralPrecision` warns given by ErrorProne in the `gson/src/test.*` path.  I have added the `@SuppressWarnings(""FloatingPointLiteralPrecision"")` annotation  * Fixes `StringSplitter` warns  This commit fix all `StringSplitter` warns given by ErrorProne in the `gson/src/test.*` path.  I have replaced the `String.split(...)` with `Splitter`  * Fixes `EmptyCatch` warns  This commit fix all `EmptyCatch` warns given by ErrorProne in the `gson/src/test.*` path.  * Fixes `UnicodeEscape` warns  This commit fix all `UnicodeEscape` warns given by ErrorProne in the `gson/src/test.*` path.  * Fixes `EmptyBlockTag` warns  This commit fix all `EmptyBlockTag` warns given by ErrorProne in the `gson/src/test.*` path.  * Fixes `LongFloatConversion` warns  This commit fix all `LongFloatConversion` warns given by ErrorProne in the `gson/src/test.*` path.  * Fixes `LongDoubleConversion` warns  This commit fix all `LongDoubleConversion` warns given by ErrorProne in the `gson/src/test.*` path.  * Fixes `TruthAssertExpected` warns  This commit fix all `TruthAssertExpected` warns given by ErrorProne in the `gson/src/test.*` path.  * Fixes `UnusedMethod` warns  This commit fix all `UnusedMethod` warns given by ErrorProne in the `gson/src/test.*` path.  * Fixes `UnusedTypeParameter` warns  This commit fix all `UnusedTypeParameter` warns given by ErrorProne in the `gson/src/test.*` path.  * Fixes `CatchFail` warns  This commit fix all `CatchFail` warns given by ErrorProne in the `gson/src/test.*` path.  * Fixes `MathAbsoluteNegative` warns  This commit fix all `MathAbsoluteNegative` warns given by ErrorProne in the `gson/src/test.*` path.  * Fixes `LoopOverCharArray` warns  This commit fix all `LoopOverCharArray` warns given by ErrorProne in the `gson/src/test.*` path.  `toCharArray` allocates a new array, using `charAt` is more efficient  * Fixes `HidingField` warns  This commit fix all `HidingField` warns given by ErrorProne in the `gson/src/test.*` path.  * Implements code review feedback  * Implements code review feedback  This commit implements some other code review feedback  * Enable ErrorProne in `extra`  Thi commit removes the `.*extras/src/test.*` path from the `-XepExcludedPaths` parameter of ErrorProne.  * Fix the `JavaUtilDate` warns  This commit fix all `JavaUtilDate` warns given by ErrorProne in the `extras/src/test.*` path.  * Implements code review feedback  * Removes redundant new-line  * Implements code review feedback  * Adds `JDK11` to run test with `--release 11`  * Revert ""Adds `JDK11` to run test with `--release 11`""  This reverts commit a7cca386098ae847a10a31c09c3ab9b11eee5920.",1
gson/src/main/java/com/google/gson/stream/JsonReader.java,18,1,45,82,1115,416,92,237,51,54,22,337,5,gson,https://github.com/google/gson.git,dc20b7561af3a793e4945842040e956803b641c9,bfbbd0dde88bd4a2586e4e0a2101f790246e17b4,"Fix error prone warns (#2320)  * Adds `@SuppressWarnings(""NarrowingCompoundAssignment"")`  * Adds `@SuppressWarnings(""TypeParameterUnusedInFormals"")`  * Adds `@SuppressWarnings(""JavaUtilDate"")`  * Adds a limit to `String.split()`  * Add `error_prone_annotations` to the `pom.xml`  * Adds `@InlineMe(...)` to deprecated methods  * Adds `@SuppressWarnings(""ImmutableEnumChecker"")`  * Adds `@SuppressWarnings(""ModifiedButNotUsed"")`  * Adds `@SuppressWarnings(""MixedMutabilityReturnType"")`  * Removes an unused import  * Adds `requires` to `module-info.java`  * Adds ErrorProne `link` into `pom.xml`  * Remove unused imports  Removed from: - ParseBenchmark  * Adds `@SuppressWarnings(""EqualsGetClass"")`  * Excludes from `proto` just the generated code.  Replaces `.*proto.*` with `.*/generated-test-sources/protobuf/.*` in such way will be excluded just the generated code and not the whole `proto` directory  * Removes an unused variable  Removes the `descriptor` variable because is unused.  * Fixes the `BadImport` warn into `ProtosWithAnnotationsTest`  * Fixes the `BadImport` warns into `ProtosWithAnnotationsTest`  * Enables ErrorProne in `gson/src/test.*`  Removes the `gson/src/test.*` path from the `-XepExcludedPaths` parameter of the ErrorProne plugin  * Fixes `UnusedVariable` warns  This commit fix all `UnusedVariable` warns given by ErrorProne in the `gson/src/test.*` path.  Some field is annotated with `@Keep` that means is used by reflection. In some other case the record is annotated with `@SuppressWarnings(""unused"")`  * Fixes `JavaUtilDate` warns  This commit fix all `JavaUtilDate` warns given by ErrorProne in the `gson/src/test.*` path.  Classes/Methods are annotated with `@SuppressWarnings(""JavaUtilDate"")` because it's not possible use differente Date API.  * Fixes `EqualsGetClass` warns  This commit fix all `EqualsGetClass` warns given by ErrorProne in the `gson/src/test.*` path.  I have rewrite the `equals()` methods to use `instanceof`  * Replaces pattern matching for instanceof with casts  * Fixes `JdkObsolete` warns  This commit fix all `JdkObsolete` warns given by ErrorProne in the `gson/src/test.*` path.  In some cases I have replaced the obsolete JDK classes with the newest alternatives.  In other cases, I have added the `@SuppressWarnings(""JdkObsolete"")`  * Fixes `ClassCanBeStatic` warns  This commit fix all `ClassCanBeStatic` warns given by ErrorProne in the `gson/src/test.*` path.  I have added the `static` keyword, or I have added `@SuppressWarnings(""ClassCanBeStatic"")`  * Fixes `UndefinedEquals` warns  This commit fix all `UndefinedEquals` warns given by ErrorProne in the `gson/src/test.*` path.  I have added `@SuppressWarnings(""UndefinedEquals"")` or fixed the asserts  Note: In this commit I have also renamed a test from `testRawCollectionDeserializationNotAlllowed` to `testRawCollectionDeserializationNotAllowed`  * Fixes `GetClassOnEnum` warns  This commit fix all `GetClassOnEnum` warns given by ErrorProne in the `gson/src/test.*` path.  I have replaced the `.getClass()` with `.getDeclaringClass()`  * Fixes `ImmutableEnumChecker` warns  This commit fix all `ImmutableEnumChecker` warns given by ErrorProne in the `gson/src/test.*` path.  I have added the `final` keyword, or I have added the `@SuppressWarnings(""ImmutableEnumChecker"")` annotation  * Fixes `StaticAssignmentOfThrowable` warns  This commit fix all `StaticAssignmentOfThrowable` warns given by ErrorProne in the `gson/src/test.*` path.  * Fixes `AssertionFailureIgnored` warns  This commit fix all `AssertionFailureIgnored` warns given by ErrorProne in the `gson/src/test.*` path.  I have added the `@SuppressWarnings(""AssertionFailureIgnored"")` annotation  * Fixes `ModifiedButNotUsed` warns  This commit fix all `ModifiedButNotUsed` warns given by ErrorProne in the `gson/src/test.*` path.  I have added the `@SuppressWarnings(""ModifiedButNotUsed"")` annotation  * Fixes `MissingSummary` warns  This commit fix all `MissingSummary` warns given by ErrorProne in the `gson/src/test.*` path.  I have remove the Javadoc `@author`  * Fixes `FloatingPointLiteralPrecision` warns  This commit fix all `FloatingPointLiteralPrecision` warns given by ErrorProne in the `gson/src/test.*` path.  I have added the `@SuppressWarnings(""FloatingPointLiteralPrecision"")` annotation  * Fixes `StringSplitter` warns  This commit fix all `StringSplitter` warns given by ErrorProne in the `gson/src/test.*` path.  I have replaced the `String.split(...)` with `Splitter`  * Fixes `EmptyCatch` warns  This commit fix all `EmptyCatch` warns given by ErrorProne in the `gson/src/test.*` path.  * Fixes `UnicodeEscape` warns  This commit fix all `UnicodeEscape` warns given by ErrorProne in the `gson/src/test.*` path.  * Fixes `EmptyBlockTag` warns  This commit fix all `EmptyBlockTag` warns given by ErrorProne in the `gson/src/test.*` path.  * Fixes `LongFloatConversion` warns  This commit fix all `LongFloatConversion` warns given by ErrorProne in the `gson/src/test.*` path.  * Fixes `LongDoubleConversion` warns  This commit fix all `LongDoubleConversion` warns given by ErrorProne in the `gson/src/test.*` path.  * Fixes `TruthAssertExpected` warns  This commit fix all `TruthAssertExpected` warns given by ErrorProne in the `gson/src/test.*` path.  * Fixes `UnusedMethod` warns  This commit fix all `UnusedMethod` warns given by ErrorProne in the `gson/src/test.*` path.  * Fixes `UnusedTypeParameter` warns  This commit fix all `UnusedTypeParameter` warns given by ErrorProne in the `gson/src/test.*` path.  * Fixes `CatchFail` warns  This commit fix all `CatchFail` warns given by ErrorProne in the `gson/src/test.*` path.  * Fixes `MathAbsoluteNegative` warns  This commit fix all `MathAbsoluteNegative` warns given by ErrorProne in the `gson/src/test.*` path.  * Fixes `LoopOverCharArray` warns  This commit fix all `LoopOverCharArray` warns given by ErrorProne in the `gson/src/test.*` path.  `toCharArray` allocates a new array, using `charAt` is more efficient  * Fixes `HidingField` warns  This commit fix all `HidingField` warns given by ErrorProne in the `gson/src/test.*` path.  * Implements code review feedback  * Implements code review feedback  This commit implements some other code review feedback  * Enable ErrorProne in `extra`  Thi commit removes the `.*extras/src/test.*` path from the `-XepExcludedPaths` parameter of ErrorProne.  * Fix the `JavaUtilDate` warns  This commit fix all `JavaUtilDate` warns given by ErrorProne in the `extras/src/test.*` path.  * Implements code review feedback  * Removes redundant new-line  * Implements code review feedback  * Adds `JDK11` to run test with `--release 11`  * Revert ""Adds `JDK11` to run test with `--release 11`""  This reverts commit a7cca386098ae847a10a31c09c3ab9b11eee5920.",1
gson/src/main/java/module-info.java,0,1,0,0,8,0,0,0,0,0,0,0,1,gson,https://github.com/google/gson.git,dc20b7561af3a793e4945842040e956803b641c9,bfbbd0dde88bd4a2586e4e0a2101f790246e17b4,"Fix error prone warns (#2320)  * Adds `@SuppressWarnings(""NarrowingCompoundAssignment"")`  * Adds `@SuppressWarnings(""TypeParameterUnusedInFormals"")`  * Adds `@SuppressWarnings(""JavaUtilDate"")`  * Adds a limit to `String.split()`  * Add `error_prone_annotations` to the `pom.xml`  * Adds `@InlineMe(...)` to deprecated methods  * Adds `@SuppressWarnings(""ImmutableEnumChecker"")`  * Adds `@SuppressWarnings(""ModifiedButNotUsed"")`  * Adds `@SuppressWarnings(""MixedMutabilityReturnType"")`  * Removes an unused import  * Adds `requires` to `module-info.java`  * Adds ErrorProne `link` into `pom.xml`  * Remove unused imports  Removed from: - ParseBenchmark  * Adds `@SuppressWarnings(""EqualsGetClass"")`  * Excludes from `proto` just the generated code.  Replaces `.*proto.*` with `.*/generated-test-sources/protobuf/.*` in such way will be excluded just the generated code and not the whole `proto` directory  * Removes an unused variable  Removes the `descriptor` variable because is unused.  * Fixes the `BadImport` warn into `ProtosWithAnnotationsTest`  * Fixes the `BadImport` warns into `ProtosWithAnnotationsTest`  * Enables ErrorProne in `gson/src/test.*`  Removes the `gson/src/test.*` path from the `-XepExcludedPaths` parameter of the ErrorProne plugin  * Fixes `UnusedVariable` warns  This commit fix all `UnusedVariable` warns given by ErrorProne in the `gson/src/test.*` path.  Some field is annotated with `@Keep` that means is used by reflection. In some other case the record is annotated with `@SuppressWarnings(""unused"")`  * Fixes `JavaUtilDate` warns  This commit fix all `JavaUtilDate` warns given by ErrorProne in the `gson/src/test.*` path.  Classes/Methods are annotated with `@SuppressWarnings(""JavaUtilDate"")` because it's not possible use differente Date API.  * Fixes `EqualsGetClass` warns  This commit fix all `EqualsGetClass` warns given by ErrorProne in the `gson/src/test.*` path.  I have rewrite the `equals()` methods to use `instanceof`  * Replaces pattern matching for instanceof with casts  * Fixes `JdkObsolete` warns  This commit fix all `JdkObsolete` warns given by ErrorProne in the `gson/src/test.*` path.  In some cases I have replaced the obsolete JDK classes with the newest alternatives.  In other cases, I have added the `@SuppressWarnings(""JdkObsolete"")`  * Fixes `ClassCanBeStatic` warns  This commit fix all `ClassCanBeStatic` warns given by ErrorProne in the `gson/src/test.*` path.  I have added the `static` keyword, or I have added `@SuppressWarnings(""ClassCanBeStatic"")`  * Fixes `UndefinedEquals` warns  This commit fix all `UndefinedEquals` warns given by ErrorProne in the `gson/src/test.*` path.  I have added `@SuppressWarnings(""UndefinedEquals"")` or fixed the asserts  Note: In this commit I have also renamed a test from `testRawCollectionDeserializationNotAlllowed` to `testRawCollectionDeserializationNotAllowed`  * Fixes `GetClassOnEnum` warns  This commit fix all `GetClassOnEnum` warns given by ErrorProne in the `gson/src/test.*` path.  I have replaced the `.getClass()` with `.getDeclaringClass()`  * Fixes `ImmutableEnumChecker` warns  This commit fix all `ImmutableEnumChecker` warns given by ErrorProne in the `gson/src/test.*` path.  I have added the `final` keyword, or I have added the `@SuppressWarnings(""ImmutableEnumChecker"")` annotation  * Fixes `StaticAssignmentOfThrowable` warns  This commit fix all `StaticAssignmentOfThrowable` warns given by ErrorProne in the `gson/src/test.*` path.  * Fixes `AssertionFailureIgnored` warns  This commit fix all `AssertionFailureIgnored` warns given by ErrorProne in the `gson/src/test.*` path.  I have added the `@SuppressWarnings(""AssertionFailureIgnored"")` annotation  * Fixes `ModifiedButNotUsed` warns  This commit fix all `ModifiedButNotUsed` warns given by ErrorProne in the `gson/src/test.*` path.  I have added the `@SuppressWarnings(""ModifiedButNotUsed"")` annotation  * Fixes `MissingSummary` warns  This commit fix all `MissingSummary` warns given by ErrorProne in the `gson/src/test.*` path.  I have remove the Javadoc `@author`  * Fixes `FloatingPointLiteralPrecision` warns  This commit fix all `FloatingPointLiteralPrecision` warns given by ErrorProne in the `gson/src/test.*` path.  I have added the `@SuppressWarnings(""FloatingPointLiteralPrecision"")` annotation  * Fixes `StringSplitter` warns  This commit fix all `StringSplitter` warns given by ErrorProne in the `gson/src/test.*` path.  I have replaced the `String.split(...)` with `Splitter`  * Fixes `EmptyCatch` warns  This commit fix all `EmptyCatch` warns given by ErrorProne in the `gson/src/test.*` path.  * Fixes `UnicodeEscape` warns  This commit fix all `UnicodeEscape` warns given by ErrorProne in the `gson/src/test.*` path.  * Fixes `EmptyBlockTag` warns  This commit fix all `EmptyBlockTag` warns given by ErrorProne in the `gson/src/test.*` path.  * Fixes `LongFloatConversion` warns  This commit fix all `LongFloatConversion` warns given by ErrorProne in the `gson/src/test.*` path.  * Fixes `LongDoubleConversion` warns  This commit fix all `LongDoubleConversion` warns given by ErrorProne in the `gson/src/test.*` path.  * Fixes `TruthAssertExpected` warns  This commit fix all `TruthAssertExpected` warns given by ErrorProne in the `gson/src/test.*` path.  * Fixes `UnusedMethod` warns  This commit fix all `UnusedMethod` warns given by ErrorProne in the `gson/src/test.*` path.  * Fixes `UnusedTypeParameter` warns  This commit fix all `UnusedTypeParameter` warns given by ErrorProne in the `gson/src/test.*` path.  * Fixes `CatchFail` warns  This commit fix all `CatchFail` warns given by ErrorProne in the `gson/src/test.*` path.  * Fixes `MathAbsoluteNegative` warns  This commit fix all `MathAbsoluteNegative` warns given by ErrorProne in the `gson/src/test.*` path.  * Fixes `LoopOverCharArray` warns  This commit fix all `LoopOverCharArray` warns given by ErrorProne in the `gson/src/test.*` path.  `toCharArray` allocates a new array, using `charAt` is more efficient  * Fixes `HidingField` warns  This commit fix all `HidingField` warns given by ErrorProne in the `gson/src/test.*` path.  * Implements code review feedback  * Implements code review feedback  This commit implements some other code review feedback  * Enable ErrorProne in `extra`  Thi commit removes the `.*extras/src/test.*` path from the `-XepExcludedPaths` parameter of ErrorProne.  * Fix the `JavaUtilDate` warns  This commit fix all `JavaUtilDate` warns given by ErrorProne in the `extras/src/test.*` path.  * Implements code review feedback  * Removes redundant new-line  * Implements code review feedback  * Adds `JDK11` to run test with `--release 11`  * Revert ""Adds `JDK11` to run test with `--release 11`""  This reverts commit a7cca386098ae847a10a31c09c3ab9b11eee5920.",1
metrics/src/main/java/com/google/gson/metrics/BagOfPrimitives.java,1,1,0,4,58,12,12,14,3,7,0,16,3,gson,https://github.com/google/gson.git,dc20b7561af3a793e4945842040e956803b641c9,bfbbd0dde88bd4a2586e4e0a2101f790246e17b4,"Fix error prone warns (#2320)  * Adds `@SuppressWarnings(""NarrowingCompoundAssignment"")`  * Adds `@SuppressWarnings(""TypeParameterUnusedInFormals"")`  * Adds `@SuppressWarnings(""JavaUtilDate"")`  * Adds a limit to `String.split()`  * Add `error_prone_annotations` to the `pom.xml`  * Adds `@InlineMe(...)` to deprecated methods  * Adds `@SuppressWarnings(""ImmutableEnumChecker"")`  * Adds `@SuppressWarnings(""ModifiedButNotUsed"")`  * Adds `@SuppressWarnings(""MixedMutabilityReturnType"")`  * Removes an unused import  * Adds `requires` to `module-info.java`  * Adds ErrorProne `link` into `pom.xml`  * Remove unused imports  Removed from: - ParseBenchmark  * Adds `@SuppressWarnings(""EqualsGetClass"")`  * Excludes from `proto` just the generated code.  Replaces `.*proto.*` with `.*/generated-test-sources/protobuf/.*` in such way will be excluded just the generated code and not the whole `proto` directory  * Removes an unused variable  Removes the `descriptor` variable because is unused.  * Fixes the `BadImport` warn into `ProtosWithAnnotationsTest`  * Fixes the `BadImport` warns into `ProtosWithAnnotationsTest`  * Enables ErrorProne in `gson/src/test.*`  Removes the `gson/src/test.*` path from the `-XepExcludedPaths` parameter of the ErrorProne plugin  * Fixes `UnusedVariable` warns  This commit fix all `UnusedVariable` warns given by ErrorProne in the `gson/src/test.*` path.  Some field is annotated with `@Keep` that means is used by reflection. In some other case the record is annotated with `@SuppressWarnings(""unused"")`  * Fixes `JavaUtilDate` warns  This commit fix all `JavaUtilDate` warns given by ErrorProne in the `gson/src/test.*` path.  Classes/Methods are annotated with `@SuppressWarnings(""JavaUtilDate"")` because it's not possible use differente Date API.  * Fixes `EqualsGetClass` warns  This commit fix all `EqualsGetClass` warns given by ErrorProne in the `gson/src/test.*` path.  I have rewrite the `equals()` methods to use `instanceof`  * Replaces pattern matching for instanceof with casts  * Fixes `JdkObsolete` warns  This commit fix all `JdkObsolete` warns given by ErrorProne in the `gson/src/test.*` path.  In some cases I have replaced the obsolete JDK classes with the newest alternatives.  In other cases, I have added the `@SuppressWarnings(""JdkObsolete"")`  * Fixes `ClassCanBeStatic` warns  This commit fix all `ClassCanBeStatic` warns given by ErrorProne in the `gson/src/test.*` path.  I have added the `static` keyword, or I have added `@SuppressWarnings(""ClassCanBeStatic"")`  * Fixes `UndefinedEquals` warns  This commit fix all `UndefinedEquals` warns given by ErrorProne in the `gson/src/test.*` path.  I have added `@SuppressWarnings(""UndefinedEquals"")` or fixed the asserts  Note: In this commit I have also renamed a test from `testRawCollectionDeserializationNotAlllowed` to `testRawCollectionDeserializationNotAllowed`  * Fixes `GetClassOnEnum` warns  This commit fix all `GetClassOnEnum` warns given by ErrorProne in the `gson/src/test.*` path.  I have replaced the `.getClass()` with `.getDeclaringClass()`  * Fixes `ImmutableEnumChecker` warns  This commit fix all `ImmutableEnumChecker` warns given by ErrorProne in the `gson/src/test.*` path.  I have added the `final` keyword, or I have added the `@SuppressWarnings(""ImmutableEnumChecker"")` annotation  * Fixes `StaticAssignmentOfThrowable` warns  This commit fix all `StaticAssignmentOfThrowable` warns given by ErrorProne in the `gson/src/test.*` path.  * Fixes `AssertionFailureIgnored` warns  This commit fix all `AssertionFailureIgnored` warns given by ErrorProne in the `gson/src/test.*` path.  I have added the `@SuppressWarnings(""AssertionFailureIgnored"")` annotation  * Fixes `ModifiedButNotUsed` warns  This commit fix all `ModifiedButNotUsed` warns given by ErrorProne in the `gson/src/test.*` path.  I have added the `@SuppressWarnings(""ModifiedButNotUsed"")` annotation  * Fixes `MissingSummary` warns  This commit fix all `MissingSummary` warns given by ErrorProne in the `gson/src/test.*` path.  I have remove the Javadoc `@author`  * Fixes `FloatingPointLiteralPrecision` warns  This commit fix all `FloatingPointLiteralPrecision` warns given by ErrorProne in the `gson/src/test.*` path.  I have added the `@SuppressWarnings(""FloatingPointLiteralPrecision"")` annotation  * Fixes `StringSplitter` warns  This commit fix all `StringSplitter` warns given by ErrorProne in the `gson/src/test.*` path.  I have replaced the `String.split(...)` with `Splitter`  * Fixes `EmptyCatch` warns  This commit fix all `EmptyCatch` warns given by ErrorProne in the `gson/src/test.*` path.  * Fixes `UnicodeEscape` warns  This commit fix all `UnicodeEscape` warns given by ErrorProne in the `gson/src/test.*` path.  * Fixes `EmptyBlockTag` warns  This commit fix all `EmptyBlockTag` warns given by ErrorProne in the `gson/src/test.*` path.  * Fixes `LongFloatConversion` warns  This commit fix all `LongFloatConversion` warns given by ErrorProne in the `gson/src/test.*` path.  * Fixes `LongDoubleConversion` warns  This commit fix all `LongDoubleConversion` warns given by ErrorProne in the `gson/src/test.*` path.  * Fixes `TruthAssertExpected` warns  This commit fix all `TruthAssertExpected` warns given by ErrorProne in the `gson/src/test.*` path.  * Fixes `UnusedMethod` warns  This commit fix all `UnusedMethod` warns given by ErrorProne in the `gson/src/test.*` path.  * Fixes `UnusedTypeParameter` warns  This commit fix all `UnusedTypeParameter` warns given by ErrorProne in the `gson/src/test.*` path.  * Fixes `CatchFail` warns  This commit fix all `CatchFail` warns given by ErrorProne in the `gson/src/test.*` path.  * Fixes `MathAbsoluteNegative` warns  This commit fix all `MathAbsoluteNegative` warns given by ErrorProne in the `gson/src/test.*` path.  * Fixes `LoopOverCharArray` warns  This commit fix all `LoopOverCharArray` warns given by ErrorProne in the `gson/src/test.*` path.  `toCharArray` allocates a new array, using `charAt` is more efficient  * Fixes `HidingField` warns  This commit fix all `HidingField` warns given by ErrorProne in the `gson/src/test.*` path.  * Implements code review feedback  * Implements code review feedback  This commit implements some other code review feedback  * Enable ErrorProne in `extra`  Thi commit removes the `.*extras/src/test.*` path from the `-XepExcludedPaths` parameter of ErrorProne.  * Fix the `JavaUtilDate` warns  This commit fix all `JavaUtilDate` warns given by ErrorProne in the `extras/src/test.*` path.  * Implements code review feedback  * Removes redundant new-line  * Implements code review feedback  * Adds `JDK11` to run test with `--release 11`  * Revert ""Adds `JDK11` to run test with `--release 11`""  This reverts commit a7cca386098ae847a10a31c09c3ab9b11eee5920.",1
metrics/src/main/java/com/google/gson/metrics/CollectionsDeserializationBenchmark.java,2,1,20,45,100,26,0,20,0,2,9,27,8,gson,https://github.com/google/gson.git,dc20b7561af3a793e4945842040e956803b641c9,bfbbd0dde88bd4a2586e4e0a2101f790246e17b4,"Fix error prone warns (#2320)  * Adds `@SuppressWarnings(""NarrowingCompoundAssignment"")`  * Adds `@SuppressWarnings(""TypeParameterUnusedInFormals"")`  * Adds `@SuppressWarnings(""JavaUtilDate"")`  * Adds a limit to `String.split()`  * Add `error_prone_annotations` to the `pom.xml`  * Adds `@InlineMe(...)` to deprecated methods  * Adds `@SuppressWarnings(""ImmutableEnumChecker"")`  * Adds `@SuppressWarnings(""ModifiedButNotUsed"")`  * Adds `@SuppressWarnings(""MixedMutabilityReturnType"")`  * Removes an unused import  * Adds `requires` to `module-info.java`  * Adds ErrorProne `link` into `pom.xml`  * Remove unused imports  Removed from: - ParseBenchmark  * Adds `@SuppressWarnings(""EqualsGetClass"")`  * Excludes from `proto` just the generated code.  Replaces `.*proto.*` with `.*/generated-test-sources/protobuf/.*` in such way will be excluded just the generated code and not the whole `proto` directory  * Removes an unused variable  Removes the `descriptor` variable because is unused.  * Fixes the `BadImport` warn into `ProtosWithAnnotationsTest`  * Fixes the `BadImport` warns into `ProtosWithAnnotationsTest`  * Enables ErrorProne in `gson/src/test.*`  Removes the `gson/src/test.*` path from the `-XepExcludedPaths` parameter of the ErrorProne plugin  * Fixes `UnusedVariable` warns  This commit fix all `UnusedVariable` warns given by ErrorProne in the `gson/src/test.*` path.  Some field is annotated with `@Keep` that means is used by reflection. In some other case the record is annotated with `@SuppressWarnings(""unused"")`  * Fixes `JavaUtilDate` warns  This commit fix all `JavaUtilDate` warns given by ErrorProne in the `gson/src/test.*` path.  Classes/Methods are annotated with `@SuppressWarnings(""JavaUtilDate"")` because it's not possible use differente Date API.  * Fixes `EqualsGetClass` warns  This commit fix all `EqualsGetClass` warns given by ErrorProne in the `gson/src/test.*` path.  I have rewrite the `equals()` methods to use `instanceof`  * Replaces pattern matching for instanceof with casts  * Fixes `JdkObsolete` warns  This commit fix all `JdkObsolete` warns given by ErrorProne in the `gson/src/test.*` path.  In some cases I have replaced the obsolete JDK classes with the newest alternatives.  In other cases, I have added the `@SuppressWarnings(""JdkObsolete"")`  * Fixes `ClassCanBeStatic` warns  This commit fix all `ClassCanBeStatic` warns given by ErrorProne in the `gson/src/test.*` path.  I have added the `static` keyword, or I have added `@SuppressWarnings(""ClassCanBeStatic"")`  * Fixes `UndefinedEquals` warns  This commit fix all `UndefinedEquals` warns given by ErrorProne in the `gson/src/test.*` path.  I have added `@SuppressWarnings(""UndefinedEquals"")` or fixed the asserts  Note: In this commit I have also renamed a test from `testRawCollectionDeserializationNotAlllowed` to `testRawCollectionDeserializationNotAllowed`  * Fixes `GetClassOnEnum` warns  This commit fix all `GetClassOnEnum` warns given by ErrorProne in the `gson/src/test.*` path.  I have replaced the `.getClass()` with `.getDeclaringClass()`  * Fixes `ImmutableEnumChecker` warns  This commit fix all `ImmutableEnumChecker` warns given by ErrorProne in the `gson/src/test.*` path.  I have added the `final` keyword, or I have added the `@SuppressWarnings(""ImmutableEnumChecker"")` annotation  * Fixes `StaticAssignmentOfThrowable` warns  This commit fix all `StaticAssignmentOfThrowable` warns given by ErrorProne in the `gson/src/test.*` path.  * Fixes `AssertionFailureIgnored` warns  This commit fix all `AssertionFailureIgnored` warns given by ErrorProne in the `gson/src/test.*` path.  I have added the `@SuppressWarnings(""AssertionFailureIgnored"")` annotation  * Fixes `ModifiedButNotUsed` warns  This commit fix all `ModifiedButNotUsed` warns given by ErrorProne in the `gson/src/test.*` path.  I have added the `@SuppressWarnings(""ModifiedButNotUsed"")` annotation  * Fixes `MissingSummary` warns  This commit fix all `MissingSummary` warns given by ErrorProne in the `gson/src/test.*` path.  I have remove the Javadoc `@author`  * Fixes `FloatingPointLiteralPrecision` warns  This commit fix all `FloatingPointLiteralPrecision` warns given by ErrorProne in the `gson/src/test.*` path.  I have added the `@SuppressWarnings(""FloatingPointLiteralPrecision"")` annotation  * Fixes `StringSplitter` warns  This commit fix all `StringSplitter` warns given by ErrorProne in the `gson/src/test.*` path.  I have replaced the `String.split(...)` with `Splitter`  * Fixes `EmptyCatch` warns  This commit fix all `EmptyCatch` warns given by ErrorProne in the `gson/src/test.*` path.  * Fixes `UnicodeEscape` warns  This commit fix all `UnicodeEscape` warns given by ErrorProne in the `gson/src/test.*` path.  * Fixes `EmptyBlockTag` warns  This commit fix all `EmptyBlockTag` warns given by ErrorProne in the `gson/src/test.*` path.  * Fixes `LongFloatConversion` warns  This commit fix all `LongFloatConversion` warns given by ErrorProne in the `gson/src/test.*` path.  * Fixes `LongDoubleConversion` warns  This commit fix all `LongDoubleConversion` warns given by ErrorProne in the `gson/src/test.*` path.  * Fixes `TruthAssertExpected` warns  This commit fix all `TruthAssertExpected` warns given by ErrorProne in the `gson/src/test.*` path.  * Fixes `UnusedMethod` warns  This commit fix all `UnusedMethod` warns given by ErrorProne in the `gson/src/test.*` path.  * Fixes `UnusedTypeParameter` warns  This commit fix all `UnusedTypeParameter` warns given by ErrorProne in the `gson/src/test.*` path.  * Fixes `CatchFail` warns  This commit fix all `CatchFail` warns given by ErrorProne in the `gson/src/test.*` path.  * Fixes `MathAbsoluteNegative` warns  This commit fix all `MathAbsoluteNegative` warns given by ErrorProne in the `gson/src/test.*` path.  * Fixes `LoopOverCharArray` warns  This commit fix all `LoopOverCharArray` warns given by ErrorProne in the `gson/src/test.*` path.  `toCharArray` allocates a new array, using `charAt` is more efficient  * Fixes `HidingField` warns  This commit fix all `HidingField` warns given by ErrorProne in the `gson/src/test.*` path.  * Implements code review feedback  * Implements code review feedback  This commit implements some other code review feedback  * Enable ErrorProne in `extra`  Thi commit removes the `.*extras/src/test.*` path from the `-XepExcludedPaths` parameter of ErrorProne.  * Fix the `JavaUtilDate` warns  This commit fix all `JavaUtilDate` warns given by ErrorProne in the `extras/src/test.*` path.  * Implements code review feedback  * Removes redundant new-line  * Implements code review feedback  * Adds `JDK11` to run test with `--release 11`  * Revert ""Adds `JDK11` to run test with `--release 11`""  This reverts commit a7cca386098ae847a10a31c09c3ab9b11eee5920.",1
metrics/src/main/java/com/google/gson/metrics/ParseBenchmark.java,3,1,55,64,369,40,14,21,10,12,5,23,5,gson,https://github.com/google/gson.git,dc20b7561af3a793e4945842040e956803b641c9,bfbbd0dde88bd4a2586e4e0a2101f790246e17b4,"Fix error prone warns (#2320)  * Adds `@SuppressWarnings(""NarrowingCompoundAssignment"")`  * Adds `@SuppressWarnings(""TypeParameterUnusedInFormals"")`  * Adds `@SuppressWarnings(""JavaUtilDate"")`  * Adds a limit to `String.split()`  * Add `error_prone_annotations` to the `pom.xml`  * Adds `@InlineMe(...)` to deprecated methods  * Adds `@SuppressWarnings(""ImmutableEnumChecker"")`  * Adds `@SuppressWarnings(""ModifiedButNotUsed"")`  * Adds `@SuppressWarnings(""MixedMutabilityReturnType"")`  * Removes an unused import  * Adds `requires` to `module-info.java`  * Adds ErrorProne `link` into `pom.xml`  * Remove unused imports  Removed from: - ParseBenchmark  * Adds `@SuppressWarnings(""EqualsGetClass"")`  * Excludes from `proto` just the generated code.  Replaces `.*proto.*` with `.*/generated-test-sources/protobuf/.*` in such way will be excluded just the generated code and not the whole `proto` directory  * Removes an unused variable  Removes the `descriptor` variable because is unused.  * Fixes the `BadImport` warn into `ProtosWithAnnotationsTest`  * Fixes the `BadImport` warns into `ProtosWithAnnotationsTest`  * Enables ErrorProne in `gson/src/test.*`  Removes the `gson/src/test.*` path from the `-XepExcludedPaths` parameter of the ErrorProne plugin  * Fixes `UnusedVariable` warns  This commit fix all `UnusedVariable` warns given by ErrorProne in the `gson/src/test.*` path.  Some field is annotated with `@Keep` that means is used by reflection. In some other case the record is annotated with `@SuppressWarnings(""unused"")`  * Fixes `JavaUtilDate` warns  This commit fix all `JavaUtilDate` warns given by ErrorProne in the `gson/src/test.*` path.  Classes/Methods are annotated with `@SuppressWarnings(""JavaUtilDate"")` because it's not possible use differente Date API.  * Fixes `EqualsGetClass` warns  This commit fix all `EqualsGetClass` warns given by ErrorProne in the `gson/src/test.*` path.  I have rewrite the `equals()` methods to use `instanceof`  * Replaces pattern matching for instanceof with casts  * Fixes `JdkObsolete` warns  This commit fix all `JdkObsolete` warns given by ErrorProne in the `gson/src/test.*` path.  In some cases I have replaced the obsolete JDK classes with the newest alternatives.  In other cases, I have added the `@SuppressWarnings(""JdkObsolete"")`  * Fixes `ClassCanBeStatic` warns  This commit fix all `ClassCanBeStatic` warns given by ErrorProne in the `gson/src/test.*` path.  I have added the `static` keyword, or I have added `@SuppressWarnings(""ClassCanBeStatic"")`  * Fixes `UndefinedEquals` warns  This commit fix all `UndefinedEquals` warns given by ErrorProne in the `gson/src/test.*` path.  I have added `@SuppressWarnings(""UndefinedEquals"")` or fixed the asserts  Note: In this commit I have also renamed a test from `testRawCollectionDeserializationNotAlllowed` to `testRawCollectionDeserializationNotAllowed`  * Fixes `GetClassOnEnum` warns  This commit fix all `GetClassOnEnum` warns given by ErrorProne in the `gson/src/test.*` path.  I have replaced the `.getClass()` with `.getDeclaringClass()`  * Fixes `ImmutableEnumChecker` warns  This commit fix all `ImmutableEnumChecker` warns given by ErrorProne in the `gson/src/test.*` path.  I have added the `final` keyword, or I have added the `@SuppressWarnings(""ImmutableEnumChecker"")` annotation  * Fixes `StaticAssignmentOfThrowable` warns  This commit fix all `StaticAssignmentOfThrowable` warns given by ErrorProne in the `gson/src/test.*` path.  * Fixes `AssertionFailureIgnored` warns  This commit fix all `AssertionFailureIgnored` warns given by ErrorProne in the `gson/src/test.*` path.  I have added the `@SuppressWarnings(""AssertionFailureIgnored"")` annotation  * Fixes `ModifiedButNotUsed` warns  This commit fix all `ModifiedButNotUsed` warns given by ErrorProne in the `gson/src/test.*` path.  I have added the `@SuppressWarnings(""ModifiedButNotUsed"")` annotation  * Fixes `MissingSummary` warns  This commit fix all `MissingSummary` warns given by ErrorProne in the `gson/src/test.*` path.  I have remove the Javadoc `@author`  * Fixes `FloatingPointLiteralPrecision` warns  This commit fix all `FloatingPointLiteralPrecision` warns given by ErrorProne in the `gson/src/test.*` path.  I have added the `@SuppressWarnings(""FloatingPointLiteralPrecision"")` annotation  * Fixes `StringSplitter` warns  This commit fix all `StringSplitter` warns given by ErrorProne in the `gson/src/test.*` path.  I have replaced the `String.split(...)` with `Splitter`  * Fixes `EmptyCatch` warns  This commit fix all `EmptyCatch` warns given by ErrorProne in the `gson/src/test.*` path.  * Fixes `UnicodeEscape` warns  This commit fix all `UnicodeEscape` warns given by ErrorProne in the `gson/src/test.*` path.  * Fixes `EmptyBlockTag` warns  This commit fix all `EmptyBlockTag` warns given by ErrorProne in the `gson/src/test.*` path.  * Fixes `LongFloatConversion` warns  This commit fix all `LongFloatConversion` warns given by ErrorProne in the `gson/src/test.*` path.  * Fixes `LongDoubleConversion` warns  This commit fix all `LongDoubleConversion` warns given by ErrorProne in the `gson/src/test.*` path.  * Fixes `TruthAssertExpected` warns  This commit fix all `TruthAssertExpected` warns given by ErrorProne in the `gson/src/test.*` path.  * Fixes `UnusedMethod` warns  This commit fix all `UnusedMethod` warns given by ErrorProne in the `gson/src/test.*` path.  * Fixes `UnusedTypeParameter` warns  This commit fix all `UnusedTypeParameter` warns given by ErrorProne in the `gson/src/test.*` path.  * Fixes `CatchFail` warns  This commit fix all `CatchFail` warns given by ErrorProne in the `gson/src/test.*` path.  * Fixes `MathAbsoluteNegative` warns  This commit fix all `MathAbsoluteNegative` warns given by ErrorProne in the `gson/src/test.*` path.  * Fixes `LoopOverCharArray` warns  This commit fix all `LoopOverCharArray` warns given by ErrorProne in the `gson/src/test.*` path.  `toCharArray` allocates a new array, using `charAt` is more efficient  * Fixes `HidingField` warns  This commit fix all `HidingField` warns given by ErrorProne in the `gson/src/test.*` path.  * Implements code review feedback  * Implements code review feedback  This commit implements some other code review feedback  * Enable ErrorProne in `extra`  Thi commit removes the `.*extras/src/test.*` path from the `-XepExcludedPaths` parameter of ErrorProne.  * Fix the `JavaUtilDate` warns  This commit fix all `JavaUtilDate` warns given by ErrorProne in the `extras/src/test.*` path.  * Implements code review feedback  * Removes redundant new-line  * Implements code review feedback  * Adds `JDK11` to run test with `--release 11`  * Revert ""Adds `JDK11` to run test with `--release 11`""  This reverts commit a7cca386098ae847a10a31c09c3ab9b11eee5920.",1
gson/src/main/java/com/google/gson/ExclusionStrategy.java,0,1,4,9,5,38,6,5,5,5,0,9,2,gson,https://github.com/google/gson.git,742fd50ff74350462d8dcf80941efce219e187dd,779754e0f93f96c506a1fd65b9ebe776257dc637,"Fix error prone warns (#2319)  * Adds a javadoc summary to the methods in the `SerializedName` annotation  Fixes the `MissingSummary` warn given by ErrorProne  * Adds a javadoc summary to the methods of the `ExclusionStrategy` annotation   Fixes the `MissingSummary` warn given by ErrorProne  * Adds a javadoc summary to `getDeclaringClass()` and `getName()` methods of the `FieldAttributes` class   Fixes the `MissingSummary` warn given by ErrorProne  * Adds a javadoc summary to `getMajorJavaVersion()` and `isJava9OrLater()` methods of the `JavaVersion` class   Fixes the `MissingSummary` warn given by ErrorProne  * Adds a comment in the empty catch block of the `AccessChecker:101` class   Fixes the `EmptyCatch` warn given by ErrorProne  * Adds a comment in the empty catch block of the `DefaultDateTypeAdapter:158` class   Fixes the `EmptyCatch` warn given by ErrorProne  * Adds a comment in the empty catch blocks of the `UnsafeAllocator:(67|92|113)` class   Fixes the `EmptyCatch` warn given by ErrorProne  * Adds a comment in the empty catch block of the `DateTypeAdapter:85` class   Fixes the `EmptyCatch` warn given by ErrorProne  * Fixes javadoc param of the `deserialize(...)` method of the `JsonDeserializer` interface   Fixes the `InvalidParam` warn given by ErrorProne  * Adds a charset `StandardCharsets.UTF_8` in the `resourceToString()` method of the `ParseBenchmark` class  Fixes the `DefaultCharset` warn given by ErrorProne  * Fixes a typo  * Implements review feedback  * Adds blank line before @ tag.",1
gson/src/main/java/com/google/gson/FieldAttributes.java,2,2,6,12,38,35,16,7,5,7,0,6,2,gson,https://github.com/google/gson.git,742fd50ff74350462d8dcf80941efce219e187dd,779754e0f93f96c506a1fd65b9ebe776257dc637,"Fix error prone warns (#2319)  * Adds a javadoc summary to the methods in the `SerializedName` annotation  Fixes the `MissingSummary` warn given by ErrorProne  * Adds a javadoc summary to the methods of the `ExclusionStrategy` annotation   Fixes the `MissingSummary` warn given by ErrorProne  * Adds a javadoc summary to `getDeclaringClass()` and `getName()` methods of the `FieldAttributes` class   Fixes the `MissingSummary` warn given by ErrorProne  * Adds a javadoc summary to `getMajorJavaVersion()` and `isJava9OrLater()` methods of the `JavaVersion` class   Fixes the `MissingSummary` warn given by ErrorProne  * Adds a comment in the empty catch block of the `AccessChecker:101` class   Fixes the `EmptyCatch` warn given by ErrorProne  * Adds a comment in the empty catch block of the `DefaultDateTypeAdapter:158` class   Fixes the `EmptyCatch` warn given by ErrorProne  * Adds a comment in the empty catch blocks of the `UnsafeAllocator:(67|92|113)` class   Fixes the `EmptyCatch` warn given by ErrorProne  * Adds a comment in the empty catch block of the `DateTypeAdapter:85` class   Fixes the `EmptyCatch` warn given by ErrorProne  * Fixes javadoc param of the `deserialize(...)` method of the `JsonDeserializer` interface   Fixes the `InvalidParam` warn given by ErrorProne  * Adds a charset `StandardCharsets.UTF_8` in the `resourceToString()` method of the `ParseBenchmark` class  Fixes the `DefaultCharset` warn given by ErrorProne  * Fixes a typo  * Implements review feedback  * Adds blank line before @ tag.",1
gson/src/main/java/com/google/gson/JsonDeserializer.java,0,1,4,4,6,42,3,2,2,2,0,4,2,gson,https://github.com/google/gson.git,742fd50ff74350462d8dcf80941efce219e187dd,779754e0f93f96c506a1fd65b9ebe776257dc637,"Fix error prone warns (#2319)  * Adds a javadoc summary to the methods in the `SerializedName` annotation  Fixes the `MissingSummary` warn given by ErrorProne  * Adds a javadoc summary to the methods of the `ExclusionStrategy` annotation   Fixes the `MissingSummary` warn given by ErrorProne  * Adds a javadoc summary to `getDeclaringClass()` and `getName()` methods of the `FieldAttributes` class   Fixes the `MissingSummary` warn given by ErrorProne  * Adds a javadoc summary to `getMajorJavaVersion()` and `isJava9OrLater()` methods of the `JavaVersion` class   Fixes the `MissingSummary` warn given by ErrorProne  * Adds a comment in the empty catch block of the `AccessChecker:101` class   Fixes the `EmptyCatch` warn given by ErrorProne  * Adds a comment in the empty catch block of the `DefaultDateTypeAdapter:158` class   Fixes the `EmptyCatch` warn given by ErrorProne  * Adds a comment in the empty catch blocks of the `UnsafeAllocator:(67|92|113)` class   Fixes the `EmptyCatch` warn given by ErrorProne  * Adds a comment in the empty catch block of the `DateTypeAdapter:85` class   Fixes the `EmptyCatch` warn given by ErrorProne  * Fixes javadoc param of the `deserialize(...)` method of the `JsonDeserializer` interface   Fixes the `InvalidParam` warn given by ErrorProne  * Adds a charset `StandardCharsets.UTF_8` in the `resourceToString()` method of the `ParseBenchmark` class  Fixes the `DefaultCharset` warn given by ErrorProne  * Fixes a typo  * Implements review feedback  * Adds blank line before @ tag.",1
gson/src/main/java/com/google/gson/annotations/SerializedName.java,0,1,7,5,13,32,2,1,1,1,0,11,2,gson,https://github.com/google/gson.git,742fd50ff74350462d8dcf80941efce219e187dd,779754e0f93f96c506a1fd65b9ebe776257dc637,"Fix error prone warns (#2319)  * Adds a javadoc summary to the methods in the `SerializedName` annotation  Fixes the `MissingSummary` warn given by ErrorProne  * Adds a javadoc summary to the methods of the `ExclusionStrategy` annotation   Fixes the `MissingSummary` warn given by ErrorProne  * Adds a javadoc summary to `getDeclaringClass()` and `getName()` methods of the `FieldAttributes` class   Fixes the `MissingSummary` warn given by ErrorProne  * Adds a javadoc summary to `getMajorJavaVersion()` and `isJava9OrLater()` methods of the `JavaVersion` class   Fixes the `MissingSummary` warn given by ErrorProne  * Adds a comment in the empty catch block of the `AccessChecker:101` class   Fixes the `EmptyCatch` warn given by ErrorProne  * Adds a comment in the empty catch block of the `DefaultDateTypeAdapter:158` class   Fixes the `EmptyCatch` warn given by ErrorProne  * Adds a comment in the empty catch blocks of the `UnsafeAllocator:(67|92|113)` class   Fixes the `EmptyCatch` warn given by ErrorProne  * Adds a comment in the empty catch block of the `DateTypeAdapter:85` class   Fixes the `EmptyCatch` warn given by ErrorProne  * Fixes javadoc param of the `deserialize(...)` method of the `JsonDeserializer` interface   Fixes the `InvalidParam` warn given by ErrorProne  * Adds a charset `StandardCharsets.UTF_8` in the `resourceToString()` method of the `ParseBenchmark` class  Fixes the `DefaultCharset` warn given by ErrorProne  * Fixes a typo  * Implements review feedback  * Adds blank line before @ tag.",1
gson/src/main/java/com/google/gson/internal/JavaVersion.java,5,1,1,10,54,6,12,14,7,7,1,9,5,gson,https://github.com/google/gson.git,742fd50ff74350462d8dcf80941efce219e187dd,779754e0f93f96c506a1fd65b9ebe776257dc637,"Fix error prone warns (#2319)  * Adds a javadoc summary to the methods in the `SerializedName` annotation  Fixes the `MissingSummary` warn given by ErrorProne  * Adds a javadoc summary to the methods of the `ExclusionStrategy` annotation   Fixes the `MissingSummary` warn given by ErrorProne  * Adds a javadoc summary to `getDeclaringClass()` and `getName()` methods of the `FieldAttributes` class   Fixes the `MissingSummary` warn given by ErrorProne  * Adds a javadoc summary to `getMajorJavaVersion()` and `isJava9OrLater()` methods of the `JavaVersion` class   Fixes the `MissingSummary` warn given by ErrorProne  * Adds a comment in the empty catch block of the `AccessChecker:101` class   Fixes the `EmptyCatch` warn given by ErrorProne  * Adds a comment in the empty catch block of the `DefaultDateTypeAdapter:158` class   Fixes the `EmptyCatch` warn given by ErrorProne  * Adds a comment in the empty catch blocks of the `UnsafeAllocator:(67|92|113)` class   Fixes the `EmptyCatch` warn given by ErrorProne  * Adds a comment in the empty catch block of the `DateTypeAdapter:85` class   Fixes the `EmptyCatch` warn given by ErrorProne  * Fixes javadoc param of the `deserialize(...)` method of the `JsonDeserializer` interface   Fixes the `InvalidParam` warn given by ErrorProne  * Adds a charset `StandardCharsets.UTF_8` in the `resourceToString()` method of the `ParseBenchmark` class  Fixes the `DefaultCharset` warn given by ErrorProne  * Fixes a typo  * Implements review feedback  * Adds blank line before @ tag.",1
gson/src/main/java/com/google/gson/internal/ReflectionAccessFilterHelper.java,3,1,8,16,72,13,10,18,12,12,1,7,8,gson,https://github.com/google/gson.git,742fd50ff74350462d8dcf80941efce219e187dd,779754e0f93f96c506a1fd65b9ebe776257dc637,"Fix error prone warns (#2319)  * Adds a javadoc summary to the methods in the `SerializedName` annotation  Fixes the `MissingSummary` warn given by ErrorProne  * Adds a javadoc summary to the methods of the `ExclusionStrategy` annotation   Fixes the `MissingSummary` warn given by ErrorProne  * Adds a javadoc summary to `getDeclaringClass()` and `getName()` methods of the `FieldAttributes` class   Fixes the `MissingSummary` warn given by ErrorProne  * Adds a javadoc summary to `getMajorJavaVersion()` and `isJava9OrLater()` methods of the `JavaVersion` class   Fixes the `MissingSummary` warn given by ErrorProne  * Adds a comment in the empty catch block of the `AccessChecker:101` class   Fixes the `EmptyCatch` warn given by ErrorProne  * Adds a comment in the empty catch block of the `DefaultDateTypeAdapter:158` class   Fixes the `EmptyCatch` warn given by ErrorProne  * Adds a comment in the empty catch blocks of the `UnsafeAllocator:(67|92|113)` class   Fixes the `EmptyCatch` warn given by ErrorProne  * Adds a comment in the empty catch block of the `DateTypeAdapter:85` class   Fixes the `EmptyCatch` warn given by ErrorProne  * Fixes javadoc param of the `deserialize(...)` method of the `JsonDeserializer` interface   Fixes the `InvalidParam` warn given by ErrorProne  * Adds a charset `StandardCharsets.UTF_8` in the `resourceToString()` method of the `ParseBenchmark` class  Fixes the `DefaultCharset` warn given by ErrorProne  * Fixes a typo  * Implements review feedback  * Adds blank line before @ tag.",1
gson/src/main/java/com/google/gson/internal/UnsafeAllocator.java,2,1,10,16,72,35,7,11,7,7,0,10,5,gson,https://github.com/google/gson.git,742fd50ff74350462d8dcf80941efce219e187dd,779754e0f93f96c506a1fd65b9ebe776257dc637,"Fix error prone warns (#2319)  * Adds a javadoc summary to the methods in the `SerializedName` annotation  Fixes the `MissingSummary` warn given by ErrorProne  * Adds a javadoc summary to the methods of the `ExclusionStrategy` annotation   Fixes the `MissingSummary` warn given by ErrorProne  * Adds a javadoc summary to `getDeclaringClass()` and `getName()` methods of the `FieldAttributes` class   Fixes the `MissingSummary` warn given by ErrorProne  * Adds a javadoc summary to `getMajorJavaVersion()` and `isJava9OrLater()` methods of the `JavaVersion` class   Fixes the `MissingSummary` warn given by ErrorProne  * Adds a comment in the empty catch block of the `AccessChecker:101` class   Fixes the `EmptyCatch` warn given by ErrorProne  * Adds a comment in the empty catch block of the `DefaultDateTypeAdapter:158` class   Fixes the `EmptyCatch` warn given by ErrorProne  * Adds a comment in the empty catch blocks of the `UnsafeAllocator:(67|92|113)` class   Fixes the `EmptyCatch` warn given by ErrorProne  * Adds a comment in the empty catch block of the `DateTypeAdapter:85` class   Fixes the `EmptyCatch` warn given by ErrorProne  * Fixes javadoc param of the `deserialize(...)` method of the `JsonDeserializer` interface   Fixes the `InvalidParam` warn given by ErrorProne  * Adds a charset `StandardCharsets.UTF_8` in the `resourceToString()` method of the `ParseBenchmark` class  Fixes the `DefaultCharset` warn given by ErrorProne  * Fixes a typo  * Implements review feedback  * Adds blank line before @ tag.",1
gson/src/main/java/com/google/gson/internal/bind/DateTypeAdapter.java,6,2,23,20,72,17,6,10,3,3,1,5,5,gson,https://github.com/google/gson.git,742fd50ff74350462d8dcf80941efce219e187dd,779754e0f93f96c506a1fd65b9ebe776257dc637,"Fix error prone warns (#2319)  * Adds a javadoc summary to the methods in the `SerializedName` annotation  Fixes the `MissingSummary` warn given by ErrorProne  * Adds a javadoc summary to the methods of the `ExclusionStrategy` annotation   Fixes the `MissingSummary` warn given by ErrorProne  * Adds a javadoc summary to `getDeclaringClass()` and `getName()` methods of the `FieldAttributes` class   Fixes the `MissingSummary` warn given by ErrorProne  * Adds a javadoc summary to `getMajorJavaVersion()` and `isJava9OrLater()` methods of the `JavaVersion` class   Fixes the `MissingSummary` warn given by ErrorProne  * Adds a comment in the empty catch block of the `AccessChecker:101` class   Fixes the `EmptyCatch` warn given by ErrorProne  * Adds a comment in the empty catch block of the `DefaultDateTypeAdapter:158` class   Fixes the `EmptyCatch` warn given by ErrorProne  * Adds a comment in the empty catch blocks of the `UnsafeAllocator:(67|92|113)` class   Fixes the `EmptyCatch` warn given by ErrorProne  * Adds a comment in the empty catch block of the `DateTypeAdapter:85` class   Fixes the `EmptyCatch` warn given by ErrorProne  * Fixes javadoc param of the `deserialize(...)` method of the `JsonDeserializer` interface   Fixes the `InvalidParam` warn given by ErrorProne  * Adds a charset `StandardCharsets.UTF_8` in the `resourceToString()` method of the `ParseBenchmark` class  Fixes the `DefaultCharset` warn given by ErrorProne  * Fixes a typo  * Implements review feedback  * Adds blank line before @ tag.",1
gson/src/main/java/com/google/gson/internal/bind/DefaultDateTypeAdapter.java,16,2,23,41,125,38,13,22,11,11,1,12,5,gson,https://github.com/google/gson.git,742fd50ff74350462d8dcf80941efce219e187dd,779754e0f93f96c506a1fd65b9ebe776257dc637,"Fix error prone warns (#2319)  * Adds a javadoc summary to the methods in the `SerializedName` annotation  Fixes the `MissingSummary` warn given by ErrorProne  * Adds a javadoc summary to the methods of the `ExclusionStrategy` annotation   Fixes the `MissingSummary` warn given by ErrorProne  * Adds a javadoc summary to `getDeclaringClass()` and `getName()` methods of the `FieldAttributes` class   Fixes the `MissingSummary` warn given by ErrorProne  * Adds a javadoc summary to `getMajorJavaVersion()` and `isJava9OrLater()` methods of the `JavaVersion` class   Fixes the `MissingSummary` warn given by ErrorProne  * Adds a comment in the empty catch block of the `AccessChecker:101` class   Fixes the `EmptyCatch` warn given by ErrorProne  * Adds a comment in the empty catch block of the `DefaultDateTypeAdapter:158` class   Fixes the `EmptyCatch` warn given by ErrorProne  * Adds a comment in the empty catch blocks of the `UnsafeAllocator:(67|92|113)` class   Fixes the `EmptyCatch` warn given by ErrorProne  * Adds a comment in the empty catch block of the `DateTypeAdapter:85` class   Fixes the `EmptyCatch` warn given by ErrorProne  * Fixes javadoc param of the `deserialize(...)` method of the `JsonDeserializer` interface   Fixes the `InvalidParam` warn given by ErrorProne  * Adds a charset `StandardCharsets.UTF_8` in the `resourceToString()` method of the `ParseBenchmark` class  Fixes the `DefaultCharset` warn given by ErrorProne  * Fixes a typo  * Implements review feedback  * Adds blank line before @ tag.",1
metrics/src/main/java/com/google/gson/metrics/ParseBenchmark.java,3,1,54,64,368,40,14,21,10,12,5,23,5,gson,https://github.com/google/gson.git,742fd50ff74350462d8dcf80941efce219e187dd,779754e0f93f96c506a1fd65b9ebe776257dc637,"Fix error prone warns (#2319)  * Adds a javadoc summary to the methods in the `SerializedName` annotation  Fixes the `MissingSummary` warn given by ErrorProne  * Adds a javadoc summary to the methods of the `ExclusionStrategy` annotation   Fixes the `MissingSummary` warn given by ErrorProne  * Adds a javadoc summary to `getDeclaringClass()` and `getName()` methods of the `FieldAttributes` class   Fixes the `MissingSummary` warn given by ErrorProne  * Adds a javadoc summary to `getMajorJavaVersion()` and `isJava9OrLater()` methods of the `JavaVersion` class   Fixes the `MissingSummary` warn given by ErrorProne  * Adds a comment in the empty catch block of the `AccessChecker:101` class   Fixes the `EmptyCatch` warn given by ErrorProne  * Adds a comment in the empty catch block of the `DefaultDateTypeAdapter:158` class   Fixes the `EmptyCatch` warn given by ErrorProne  * Adds a comment in the empty catch blocks of the `UnsafeAllocator:(67|92|113)` class   Fixes the `EmptyCatch` warn given by ErrorProne  * Adds a comment in the empty catch block of the `DateTypeAdapter:85` class   Fixes the `EmptyCatch` warn given by ErrorProne  * Fixes javadoc param of the `deserialize(...)` method of the `JsonDeserializer` interface   Fixes the `InvalidParam` warn given by ErrorProne  * Adds a charset `StandardCharsets.UTF_8` in the `resourceToString()` method of the `ParseBenchmark` class  Fixes the `DefaultCharset` warn given by ErrorProne  * Fixes a typo  * Implements review feedback  * Adds blank line before @ tag.",1
extras/src/main/java/com/google/gson/graph/GraphAdapterBuilder.java,2,1,29,47,196,110,10,28,7,10,3,40,8,gson,https://github.com/google/gson.git,2658aca66a1d0f097794a5ad5eb33c095a8f8d5d,19f54ee6ed33b7517c729c801bc57c8c0478be7d,"Fix error prone warnings (#2316)  * Fix `OperatorPrecedence` warn in `JsonWriter#close`  * Fix `ReferenceEquality` warn in `LinkedTreeMap#replaceInParent`  * Fix `UnnecessaryParentheses` warn in `LinkedTreeMap#replaceInParent`  * Fix `ReferenceEquality` warn in `LinkedTreeMap#hasNext`  * Fix `ReferenceEquality` warn in `LinkedTreeMap#nextNode`  * Adds `error_prone_annotations` to the `pom.xml` of `gson`  * Fix `InlineMeSuggester` warns in `JsonParser`  * Fix `UnnecessaryParentheses` warns in `ConstructorConstructor#newDefaultImplementationConstructor`  * Fix `ThreadLocalUsage` warn in `Gson`  * Fix `JdkObsolete` warn in `GsonBuilder`  * Fix `ReferenceEquality` warn in `LazilyParsedNumber#equals`  * Fix `OperatorPrecedence` warn in `TreeTypeAdapter#create`  * Fix `OperatorPrecedence` warn in `ArrayTypeAdapter`  * Fix `UnnecessaryParentheses` warn in `TypeAdapters`  * Adds `-XepExcludedPaths` flag to ErrorProne plugin to exclude tests and proto path  * Fix `ClassNewInstance` warn in `InterceptorAdapter`  * Fix `ThreadLocalUsage` warn in `GraphAdapterBuilder`  * Fix `JdkObsolete` warn in `GraphAdapterBuilder`  * Revert ""Adds `error_prone_annotations` to the `pom.xml` of `gson`""  This reverts commit 14af14dfa23b46a54f4855a70ccf2b0a2cdc3e3f.  * Revert ""Fix `InlineMeSuggester` warns in `JsonParser`""  This reverts commit 095bfd517e06510e4cc9cc6b1aac58ad9bf3038a.  * Adds `@SuppressWarnings(""ThreadLocalUsage"")`  * Fix `OperatorPrecedence` in `JsonWriter`  * Revert ""Fix `ReferenceEquality` warn in `LinkedTreeMap#nextNode`""  This reverts commit 387746c7f7e3d0943c8f80501f5d9c3710f4862e.  * Adds `@SuppressWarnings(""ReferenceEquality"")`  * Adds `guava-testlib` to the gson `pom.xml`  * `@SuppressWarnings(""TruthSelfEquals"")` removed to use `EqualsTester()`",1
extras/src/main/java/com/google/gson/interceptors/InterceptorFactory.java,0,2,8,8,39,21,3,4,2,2,0,5,4,gson,https://github.com/google/gson.git,2658aca66a1d0f097794a5ad5eb33c095a8f8d5d,19f54ee6ed33b7517c729c801bc57c8c0478be7d,"Fix error prone warnings (#2316)  * Fix `OperatorPrecedence` warn in `JsonWriter#close`  * Fix `ReferenceEquality` warn in `LinkedTreeMap#replaceInParent`  * Fix `UnnecessaryParentheses` warn in `LinkedTreeMap#replaceInParent`  * Fix `ReferenceEquality` warn in `LinkedTreeMap#hasNext`  * Fix `ReferenceEquality` warn in `LinkedTreeMap#nextNode`  * Adds `error_prone_annotations` to the `pom.xml` of `gson`  * Fix `InlineMeSuggester` warns in `JsonParser`  * Fix `UnnecessaryParentheses` warns in `ConstructorConstructor#newDefaultImplementationConstructor`  * Fix `ThreadLocalUsage` warn in `Gson`  * Fix `JdkObsolete` warn in `GsonBuilder`  * Fix `ReferenceEquality` warn in `LazilyParsedNumber#equals`  * Fix `OperatorPrecedence` warn in `TreeTypeAdapter#create`  * Fix `OperatorPrecedence` warn in `ArrayTypeAdapter`  * Fix `UnnecessaryParentheses` warn in `TypeAdapters`  * Adds `-XepExcludedPaths` flag to ErrorProne plugin to exclude tests and proto path  * Fix `ClassNewInstance` warn in `InterceptorAdapter`  * Fix `ThreadLocalUsage` warn in `GraphAdapterBuilder`  * Fix `JdkObsolete` warn in `GraphAdapterBuilder`  * Revert ""Adds `error_prone_annotations` to the `pom.xml` of `gson`""  This reverts commit 14af14dfa23b46a54f4855a70ccf2b0a2cdc3e3f.  * Revert ""Fix `InlineMeSuggester` warns in `JsonParser`""  This reverts commit 095bfd517e06510e4cc9cc6b1aac58ad9bf3038a.  * Adds `@SuppressWarnings(""ThreadLocalUsage"")`  * Fix `OperatorPrecedence` in `JsonWriter`  * Revert ""Fix `ReferenceEquality` warn in `LinkedTreeMap#nextNode`""  This reverts commit 387746c7f7e3d0943c8f80501f5d9c3710f4862e.  * Adds `@SuppressWarnings(""ReferenceEquality"")`  * Adds `guava-testlib` to the gson `pom.xml`  * `@SuppressWarnings(""TruthSelfEquals"")` removed to use `EqualsTester()`",1
gson/src/main/java/com/google/gson/Gson.java,31,2,85,188,598,517,81,77,27,27,6,110,5,gson,https://github.com/google/gson.git,2658aca66a1d0f097794a5ad5eb33c095a8f8d5d,19f54ee6ed33b7517c729c801bc57c8c0478be7d,"Fix error prone warnings (#2316)  * Fix `OperatorPrecedence` warn in `JsonWriter#close`  * Fix `ReferenceEquality` warn in `LinkedTreeMap#replaceInParent`  * Fix `UnnecessaryParentheses` warn in `LinkedTreeMap#replaceInParent`  * Fix `ReferenceEquality` warn in `LinkedTreeMap#hasNext`  * Fix `ReferenceEquality` warn in `LinkedTreeMap#nextNode`  * Adds `error_prone_annotations` to the `pom.xml` of `gson`  * Fix `InlineMeSuggester` warns in `JsonParser`  * Fix `UnnecessaryParentheses` warns in `ConstructorConstructor#newDefaultImplementationConstructor`  * Fix `ThreadLocalUsage` warn in `Gson`  * Fix `JdkObsolete` warn in `GsonBuilder`  * Fix `ReferenceEquality` warn in `LazilyParsedNumber#equals`  * Fix `OperatorPrecedence` warn in `TreeTypeAdapter#create`  * Fix `OperatorPrecedence` warn in `ArrayTypeAdapter`  * Fix `UnnecessaryParentheses` warn in `TypeAdapters`  * Adds `-XepExcludedPaths` flag to ErrorProne plugin to exclude tests and proto path  * Fix `ClassNewInstance` warn in `InterceptorAdapter`  * Fix `ThreadLocalUsage` warn in `GraphAdapterBuilder`  * Fix `JdkObsolete` warn in `GraphAdapterBuilder`  * Revert ""Adds `error_prone_annotations` to the `pom.xml` of `gson`""  This reverts commit 14af14dfa23b46a54f4855a70ccf2b0a2cdc3e3f.  * Revert ""Fix `InlineMeSuggester` warns in `JsonParser`""  This reverts commit 095bfd517e06510e4cc9cc6b1aac58ad9bf3038a.  * Adds `@SuppressWarnings(""ThreadLocalUsage"")`  * Fix `OperatorPrecedence` in `JsonWriter`  * Revert ""Fix `ReferenceEquality` warn in `LinkedTreeMap#nextNode`""  This reverts commit 387746c7f7e3d0943c8f80501f5d9c3710f4862e.  * Adds `@SuppressWarnings(""ReferenceEquality"")`  * Adds `guava-testlib` to the gson `pom.xml`  * `@SuppressWarnings(""TruthSelfEquals"")` removed to use `EqualsTester()`",1
gson/src/main/java/com/google/gson/GsonBuilder.java,29,1,45,77,273,218,57,44,32,32,1,85,4,gson,https://github.com/google/gson.git,2658aca66a1d0f097794a5ad5eb33c095a8f8d5d,19f54ee6ed33b7517c729c801bc57c8c0478be7d,"Fix error prone warnings (#2316)  * Fix `OperatorPrecedence` warn in `JsonWriter#close`  * Fix `ReferenceEquality` warn in `LinkedTreeMap#replaceInParent`  * Fix `UnnecessaryParentheses` warn in `LinkedTreeMap#replaceInParent`  * Fix `ReferenceEquality` warn in `LinkedTreeMap#hasNext`  * Fix `ReferenceEquality` warn in `LinkedTreeMap#nextNode`  * Adds `error_prone_annotations` to the `pom.xml` of `gson`  * Fix `InlineMeSuggester` warns in `JsonParser`  * Fix `UnnecessaryParentheses` warns in `ConstructorConstructor#newDefaultImplementationConstructor`  * Fix `ThreadLocalUsage` warn in `Gson`  * Fix `JdkObsolete` warn in `GsonBuilder`  * Fix `ReferenceEquality` warn in `LazilyParsedNumber#equals`  * Fix `OperatorPrecedence` warn in `TreeTypeAdapter#create`  * Fix `OperatorPrecedence` warn in `ArrayTypeAdapter`  * Fix `UnnecessaryParentheses` warn in `TypeAdapters`  * Adds `-XepExcludedPaths` flag to ErrorProne plugin to exclude tests and proto path  * Fix `ClassNewInstance` warn in `InterceptorAdapter`  * Fix `ThreadLocalUsage` warn in `GraphAdapterBuilder`  * Fix `JdkObsolete` warn in `GraphAdapterBuilder`  * Revert ""Adds `error_prone_annotations` to the `pom.xml` of `gson`""  This reverts commit 14af14dfa23b46a54f4855a70ccf2b0a2cdc3e3f.  * Revert ""Fix `InlineMeSuggester` warns in `JsonParser`""  This reverts commit 095bfd517e06510e4cc9cc6b1aac58ad9bf3038a.  * Adds `@SuppressWarnings(""ThreadLocalUsage"")`  * Fix `OperatorPrecedence` in `JsonWriter`  * Revert ""Fix `ReferenceEquality` warn in `LinkedTreeMap#nextNode`""  This reverts commit 387746c7f7e3d0943c8f80501f5d9c3710f4862e.  * Adds `@SuppressWarnings(""ReferenceEquality"")`  * Adds `guava-testlib` to the gson `pom.xml`  * `@SuppressWarnings(""TruthSelfEquals"")` removed to use `EqualsTester()`",1
gson/src/main/java/com/google/gson/internal/ConstructorConstructor.java,13,1,43,46,296,132,49,66,32,32,0,25,8,gson,https://github.com/google/gson.git,2658aca66a1d0f097794a5ad5eb33c095a8f8d5d,19f54ee6ed33b7517c729c801bc57c8c0478be7d,"Fix error prone warnings (#2316)  * Fix `OperatorPrecedence` warn in `JsonWriter#close`  * Fix `ReferenceEquality` warn in `LinkedTreeMap#replaceInParent`  * Fix `UnnecessaryParentheses` warn in `LinkedTreeMap#replaceInParent`  * Fix `ReferenceEquality` warn in `LinkedTreeMap#hasNext`  * Fix `ReferenceEquality` warn in `LinkedTreeMap#nextNode`  * Adds `error_prone_annotations` to the `pom.xml` of `gson`  * Fix `InlineMeSuggester` warns in `JsonParser`  * Fix `UnnecessaryParentheses` warns in `ConstructorConstructor#newDefaultImplementationConstructor`  * Fix `ThreadLocalUsage` warn in `Gson`  * Fix `JdkObsolete` warn in `GsonBuilder`  * Fix `ReferenceEquality` warn in `LazilyParsedNumber#equals`  * Fix `OperatorPrecedence` warn in `TreeTypeAdapter#create`  * Fix `OperatorPrecedence` warn in `ArrayTypeAdapter`  * Fix `UnnecessaryParentheses` warn in `TypeAdapters`  * Adds `-XepExcludedPaths` flag to ErrorProne plugin to exclude tests and proto path  * Fix `ClassNewInstance` warn in `InterceptorAdapter`  * Fix `ThreadLocalUsage` warn in `GraphAdapterBuilder`  * Fix `JdkObsolete` warn in `GraphAdapterBuilder`  * Revert ""Adds `error_prone_annotations` to the `pom.xml` of `gson`""  This reverts commit 14af14dfa23b46a54f4855a70ccf2b0a2cdc3e3f.  * Revert ""Fix `InlineMeSuggester` warns in `JsonParser`""  This reverts commit 095bfd517e06510e4cc9cc6b1aac58ad9bf3038a.  * Adds `@SuppressWarnings(""ThreadLocalUsage"")`  * Fix `OperatorPrecedence` in `JsonWriter`  * Revert ""Fix `ReferenceEquality` warn in `LinkedTreeMap#nextNode`""  This reverts commit 387746c7f7e3d0943c8f80501f5d9c3710f4862e.  * Adds `@SuppressWarnings(""ReferenceEquality"")`  * Adds `guava-testlib` to the gson `pom.xml`  * `@SuppressWarnings(""TruthSelfEquals"")` removed to use `EqualsTester()`",1
gson/src/main/java/com/google/gson/internal/LazilyParsedNumber.java,5,2,9,9,66,2,13,13,8,8,0,2,4,gson,https://github.com/google/gson.git,2658aca66a1d0f097794a5ad5eb33c095a8f8d5d,19f54ee6ed33b7517c729c801bc57c8c0478be7d,"Fix error prone warnings (#2316)  * Fix `OperatorPrecedence` warn in `JsonWriter#close`  * Fix `ReferenceEquality` warn in `LinkedTreeMap#replaceInParent`  * Fix `UnnecessaryParentheses` warn in `LinkedTreeMap#replaceInParent`  * Fix `ReferenceEquality` warn in `LinkedTreeMap#hasNext`  * Fix `ReferenceEquality` warn in `LinkedTreeMap#nextNode`  * Adds `error_prone_annotations` to the `pom.xml` of `gson`  * Fix `InlineMeSuggester` warns in `JsonParser`  * Fix `UnnecessaryParentheses` warns in `ConstructorConstructor#newDefaultImplementationConstructor`  * Fix `ThreadLocalUsage` warn in `Gson`  * Fix `JdkObsolete` warn in `GsonBuilder`  * Fix `ReferenceEquality` warn in `LazilyParsedNumber#equals`  * Fix `OperatorPrecedence` warn in `TreeTypeAdapter#create`  * Fix `OperatorPrecedence` warn in `ArrayTypeAdapter`  * Fix `UnnecessaryParentheses` warn in `TypeAdapters`  * Adds `-XepExcludedPaths` flag to ErrorProne plugin to exclude tests and proto path  * Fix `ClassNewInstance` warn in `InterceptorAdapter`  * Fix `ThreadLocalUsage` warn in `GraphAdapterBuilder`  * Fix `JdkObsolete` warn in `GraphAdapterBuilder`  * Revert ""Adds `error_prone_annotations` to the `pom.xml` of `gson`""  This reverts commit 14af14dfa23b46a54f4855a70ccf2b0a2cdc3e3f.  * Revert ""Fix `InlineMeSuggester` warns in `JsonParser`""  This reverts commit 095bfd517e06510e4cc9cc6b1aac58ad9bf3038a.  * Adds `@SuppressWarnings(""ThreadLocalUsage"")`  * Fix `OperatorPrecedence` in `JsonWriter`  * Revert ""Fix `ReferenceEquality` warn in `LinkedTreeMap#nextNode`""  This reverts commit 387746c7f7e3d0943c8f80501f5d9c3710f4862e.  * Adds `@SuppressWarnings(""ReferenceEquality"")`  * Adds `guava-testlib` to the gson `pom.xml`  * `@SuppressWarnings(""TruthSelfEquals"")` removed to use `EqualsTester()`",1
gson/src/main/java/com/google/gson/internal/LinkedTreeMap.java,8,2,24,30,464,284,41,92,48,50,4,135,5,gson,https://github.com/google/gson.git,2658aca66a1d0f097794a5ad5eb33c095a8f8d5d,19f54ee6ed33b7517c729c801bc57c8c0478be7d,"Fix error prone warnings (#2316)  * Fix `OperatorPrecedence` warn in `JsonWriter#close`  * Fix `ReferenceEquality` warn in `LinkedTreeMap#replaceInParent`  * Fix `UnnecessaryParentheses` warn in `LinkedTreeMap#replaceInParent`  * Fix `ReferenceEquality` warn in `LinkedTreeMap#hasNext`  * Fix `ReferenceEquality` warn in `LinkedTreeMap#nextNode`  * Adds `error_prone_annotations` to the `pom.xml` of `gson`  * Fix `InlineMeSuggester` warns in `JsonParser`  * Fix `UnnecessaryParentheses` warns in `ConstructorConstructor#newDefaultImplementationConstructor`  * Fix `ThreadLocalUsage` warn in `Gson`  * Fix `JdkObsolete` warn in `GsonBuilder`  * Fix `ReferenceEquality` warn in `LazilyParsedNumber#equals`  * Fix `OperatorPrecedence` warn in `TreeTypeAdapter#create`  * Fix `OperatorPrecedence` warn in `ArrayTypeAdapter`  * Fix `UnnecessaryParentheses` warn in `TypeAdapters`  * Adds `-XepExcludedPaths` flag to ErrorProne plugin to exclude tests and proto path  * Fix `ClassNewInstance` warn in `InterceptorAdapter`  * Fix `ThreadLocalUsage` warn in `GraphAdapterBuilder`  * Fix `JdkObsolete` warn in `GraphAdapterBuilder`  * Revert ""Adds `error_prone_annotations` to the `pom.xml` of `gson`""  This reverts commit 14af14dfa23b46a54f4855a70ccf2b0a2cdc3e3f.  * Revert ""Fix `InlineMeSuggester` warns in `JsonParser`""  This reverts commit 095bfd517e06510e4cc9cc6b1aac58ad9bf3038a.  * Adds `@SuppressWarnings(""ThreadLocalUsage"")`  * Fix `OperatorPrecedence` in `JsonWriter`  * Revert ""Fix `ReferenceEquality` warn in `LinkedTreeMap#nextNode`""  This reverts commit 387746c7f7e3d0943c8f80501f5d9c3710f4862e.  * Adds `@SuppressWarnings(""ReferenceEquality"")`  * Adds `guava-testlib` to the gson `pom.xml`  * `@SuppressWarnings(""TruthSelfEquals"")` removed to use `EqualsTester()`",1
gson/src/main/java/com/google/gson/internal/bind/ArrayTypeAdapter.java,8,2,15,26,76,34,6,10,3,3,3,16,4,gson,https://github.com/google/gson.git,2658aca66a1d0f097794a5ad5eb33c095a8f8d5d,19f54ee6ed33b7517c729c801bc57c8c0478be7d,"Fix error prone warnings (#2316)  * Fix `OperatorPrecedence` warn in `JsonWriter#close`  * Fix `ReferenceEquality` warn in `LinkedTreeMap#replaceInParent`  * Fix `UnnecessaryParentheses` warn in `LinkedTreeMap#replaceInParent`  * Fix `ReferenceEquality` warn in `LinkedTreeMap#hasNext`  * Fix `ReferenceEquality` warn in `LinkedTreeMap#nextNode`  * Adds `error_prone_annotations` to the `pom.xml` of `gson`  * Fix `InlineMeSuggester` warns in `JsonParser`  * Fix `UnnecessaryParentheses` warns in `ConstructorConstructor#newDefaultImplementationConstructor`  * Fix `ThreadLocalUsage` warn in `Gson`  * Fix `JdkObsolete` warn in `GsonBuilder`  * Fix `ReferenceEquality` warn in `LazilyParsedNumber#equals`  * Fix `OperatorPrecedence` warn in `TreeTypeAdapter#create`  * Fix `OperatorPrecedence` warn in `ArrayTypeAdapter`  * Fix `UnnecessaryParentheses` warn in `TypeAdapters`  * Adds `-XepExcludedPaths` flag to ErrorProne plugin to exclude tests and proto path  * Fix `ClassNewInstance` warn in `InterceptorAdapter`  * Fix `ThreadLocalUsage` warn in `GraphAdapterBuilder`  * Fix `JdkObsolete` warn in `GraphAdapterBuilder`  * Revert ""Adds `error_prone_annotations` to the `pom.xml` of `gson`""  This reverts commit 14af14dfa23b46a54f4855a70ccf2b0a2cdc3e3f.  * Revert ""Fix `InlineMeSuggester` warns in `JsonParser`""  This reverts commit 095bfd517e06510e4cc9cc6b1aac58ad9bf3038a.  * Adds `@SuppressWarnings(""ThreadLocalUsage"")`  * Fix `OperatorPrecedence` in `JsonWriter`  * Revert ""Fix `ReferenceEquality` warn in `LinkedTreeMap#nextNode`""  This reverts commit 387746c7f7e3d0943c8f80501f5d9c3710f4862e.  * Adds `@SuppressWarnings(""ReferenceEquality"")`  * Adds `guava-testlib` to the gson `pom.xml`  * `@SuppressWarnings(""TruthSelfEquals"")` removed to use `EqualsTester()`",1
gson/src/main/java/com/google/gson/internal/bind/TreeTypeAdapter.java,3,2,20,23,126,76,14,14,10,10,0,18,3,gson,https://github.com/google/gson.git,2658aca66a1d0f097794a5ad5eb33c095a8f8d5d,19f54ee6ed33b7517c729c801bc57c8c0478be7d,"Fix error prone warnings (#2316)  * Fix `OperatorPrecedence` warn in `JsonWriter#close`  * Fix `ReferenceEquality` warn in `LinkedTreeMap#replaceInParent`  * Fix `UnnecessaryParentheses` warn in `LinkedTreeMap#replaceInParent`  * Fix `ReferenceEquality` warn in `LinkedTreeMap#hasNext`  * Fix `ReferenceEquality` warn in `LinkedTreeMap#nextNode`  * Adds `error_prone_annotations` to the `pom.xml` of `gson`  * Fix `InlineMeSuggester` warns in `JsonParser`  * Fix `UnnecessaryParentheses` warns in `ConstructorConstructor#newDefaultImplementationConstructor`  * Fix `ThreadLocalUsage` warn in `Gson`  * Fix `JdkObsolete` warn in `GsonBuilder`  * Fix `ReferenceEquality` warn in `LazilyParsedNumber#equals`  * Fix `OperatorPrecedence` warn in `TreeTypeAdapter#create`  * Fix `OperatorPrecedence` warn in `ArrayTypeAdapter`  * Fix `UnnecessaryParentheses` warn in `TypeAdapters`  * Adds `-XepExcludedPaths` flag to ErrorProne plugin to exclude tests and proto path  * Fix `ClassNewInstance` warn in `InterceptorAdapter`  * Fix `ThreadLocalUsage` warn in `GraphAdapterBuilder`  * Fix `JdkObsolete` warn in `GraphAdapterBuilder`  * Revert ""Adds `error_prone_annotations` to the `pom.xml` of `gson`""  This reverts commit 14af14dfa23b46a54f4855a70ccf2b0a2cdc3e3f.  * Revert ""Fix `InlineMeSuggester` warns in `JsonParser`""  This reverts commit 095bfd517e06510e4cc9cc6b1aac58ad9bf3038a.  * Adds `@SuppressWarnings(""ThreadLocalUsage"")`  * Fix `OperatorPrecedence` in `JsonWriter`  * Revert ""Fix `ReferenceEquality` warn in `LinkedTreeMap#nextNode`""  This reverts commit 387746c7f7e3d0943c8f80501f5d9c3710f4862e.  * Adds `@SuppressWarnings(""ReferenceEquality"")`  * Adds `guava-testlib` to the gson `pom.xml`  * `@SuppressWarnings(""TruthSelfEquals"")` removed to use `EqualsTester()`",1
gson/src/main/java/com/google/gson/internal/bind/TypeAdapters.java,16,2,95,293,888,311,83,127,31,31,13,150,8,gson,https://github.com/google/gson.git,2658aca66a1d0f097794a5ad5eb33c095a8f8d5d,19f54ee6ed33b7517c729c801bc57c8c0478be7d,"Fix error prone warnings (#2316)  * Fix `OperatorPrecedence` warn in `JsonWriter#close`  * Fix `ReferenceEquality` warn in `LinkedTreeMap#replaceInParent`  * Fix `UnnecessaryParentheses` warn in `LinkedTreeMap#replaceInParent`  * Fix `ReferenceEquality` warn in `LinkedTreeMap#hasNext`  * Fix `ReferenceEquality` warn in `LinkedTreeMap#nextNode`  * Adds `error_prone_annotations` to the `pom.xml` of `gson`  * Fix `InlineMeSuggester` warns in `JsonParser`  * Fix `UnnecessaryParentheses` warns in `ConstructorConstructor#newDefaultImplementationConstructor`  * Fix `ThreadLocalUsage` warn in `Gson`  * Fix `JdkObsolete` warn in `GsonBuilder`  * Fix `ReferenceEquality` warn in `LazilyParsedNumber#equals`  * Fix `OperatorPrecedence` warn in `TreeTypeAdapter#create`  * Fix `OperatorPrecedence` warn in `ArrayTypeAdapter`  * Fix `UnnecessaryParentheses` warn in `TypeAdapters`  * Adds `-XepExcludedPaths` flag to ErrorProne plugin to exclude tests and proto path  * Fix `ClassNewInstance` warn in `InterceptorAdapter`  * Fix `ThreadLocalUsage` warn in `GraphAdapterBuilder`  * Fix `JdkObsolete` warn in `GraphAdapterBuilder`  * Revert ""Adds `error_prone_annotations` to the `pom.xml` of `gson`""  This reverts commit 14af14dfa23b46a54f4855a70ccf2b0a2cdc3e3f.  * Revert ""Fix `InlineMeSuggester` warns in `JsonParser`""  This reverts commit 095bfd517e06510e4cc9cc6b1aac58ad9bf3038a.  * Adds `@SuppressWarnings(""ThreadLocalUsage"")`  * Fix `OperatorPrecedence` in `JsonWriter`  * Revert ""Fix `ReferenceEquality` warn in `LinkedTreeMap#nextNode`""  This reverts commit 387746c7f7e3d0943c8f80501f5d9c3710f4862e.  * Adds `@SuppressWarnings(""ReferenceEquality"")`  * Adds `guava-testlib` to the gson `pom.xml`  * `@SuppressWarnings(""TruthSelfEquals"")` removed to use `EqualsTester()`",1
gson/src/main/java/com/google/gson/stream/JsonWriter.java,15,2,35,79,349,115,44,57,13,17,5,57,5,gson,https://github.com/google/gson.git,2658aca66a1d0f097794a5ad5eb33c095a8f8d5d,19f54ee6ed33b7517c729c801bc57c8c0478be7d,"Fix error prone warnings (#2316)  * Fix `OperatorPrecedence` warn in `JsonWriter#close`  * Fix `ReferenceEquality` warn in `LinkedTreeMap#replaceInParent`  * Fix `UnnecessaryParentheses` warn in `LinkedTreeMap#replaceInParent`  * Fix `ReferenceEquality` warn in `LinkedTreeMap#hasNext`  * Fix `ReferenceEquality` warn in `LinkedTreeMap#nextNode`  * Adds `error_prone_annotations` to the `pom.xml` of `gson`  * Fix `InlineMeSuggester` warns in `JsonParser`  * Fix `UnnecessaryParentheses` warns in `ConstructorConstructor#newDefaultImplementationConstructor`  * Fix `ThreadLocalUsage` warn in `Gson`  * Fix `JdkObsolete` warn in `GsonBuilder`  * Fix `ReferenceEquality` warn in `LazilyParsedNumber#equals`  * Fix `OperatorPrecedence` warn in `TreeTypeAdapter#create`  * Fix `OperatorPrecedence` warn in `ArrayTypeAdapter`  * Fix `UnnecessaryParentheses` warn in `TypeAdapters`  * Adds `-XepExcludedPaths` flag to ErrorProne plugin to exclude tests and proto path  * Fix `ClassNewInstance` warn in `InterceptorAdapter`  * Fix `ThreadLocalUsage` warn in `GraphAdapterBuilder`  * Fix `JdkObsolete` warn in `GraphAdapterBuilder`  * Revert ""Adds `error_prone_annotations` to the `pom.xml` of `gson`""  This reverts commit 14af14dfa23b46a54f4855a70ccf2b0a2cdc3e3f.  * Revert ""Fix `InlineMeSuggester` warns in `JsonParser`""  This reverts commit 095bfd517e06510e4cc9cc6b1aac58ad9bf3038a.  * Adds `@SuppressWarnings(""ThreadLocalUsage"")`  * Fix `OperatorPrecedence` in `JsonWriter`  * Revert ""Fix `ReferenceEquality` warn in `LinkedTreeMap#nextNode`""  This reverts commit 387746c7f7e3d0943c8f80501f5d9c3710f4862e.  * Adds `@SuppressWarnings(""ReferenceEquality"")`  * Adds `guava-testlib` to the gson `pom.xml`  * `@SuppressWarnings(""TruthSelfEquals"")` removed to use `EqualsTester()`",1
gson/src/main/java/com/google/gson/Gson.java,31,2,85,188,600,509,81,78,27,27,6,110,5,gson,https://github.com/google/gson.git,19f54ee6ed33b7517c729c801bc57c8c0478be7d,af2179843601c73aa96062208d8f324a45243e47,"Fixes #776: Add settings for the kind of newline to use (#2231)  * Add settings for kind of newline to use  * Fix amp in javadoc  * Fixing link in javadoc  * Doc: use JSON instead of Json  Co-authored-by: Marcono1234 <Marcono1234@users.noreply.github.com>  * PR Feedback: Objects.requireNonNull  Co-authored-by: Marcono1234 <Marcono1234@users.noreply.github.com>  * PR Feedback: $next-version$, don't hardcode  Co-authored-by: Marcono1234 <Marcono1234@users.noreply.github.com>  * s/testNewlineLF/testNewlineLf/  Co-authored-by: Marcono1234 <Marcono1234@users.noreply.github.com>  * Implement PR feedback  * Round two of review  * Restore copyright year, no reason to update  * Rename OS named enum values to CR and LF  * Add javadoc to NewlineStyle.getValue()  * Implement PR feedback, round 2  * Fix typo  Co-authored-by: Marcono1234 <Marcono1234@users.noreply.github.com>  * No need for line break  Co-authored-by: Marcono1234 <Marcono1234@users.noreply.github.com>  * Shorter, cleaner doc  Co-authored-by: Marcono1234 <Marcono1234@users.noreply.github.com>  * Using a FormattingStyle for pretty print  * Fix Junit4 and Truth after merge from master  * Implement review feedback  * Double backslash in message  ---------  Co-authored-by: Marcono1234 <Marcono1234@users.noreply.github.com>",1
gson/src/main/java/com/google/gson/GsonBuilder.java,29,1,45,77,270,214,55,43,31,31,1,85,4,gson,https://github.com/google/gson.git,19f54ee6ed33b7517c729c801bc57c8c0478be7d,af2179843601c73aa96062208d8f324a45243e47,"Fixes #776: Add settings for the kind of newline to use (#2231)  * Add settings for kind of newline to use  * Fix amp in javadoc  * Fixing link in javadoc  * Doc: use JSON instead of Json  Co-authored-by: Marcono1234 <Marcono1234@users.noreply.github.com>  * PR Feedback: Objects.requireNonNull  Co-authored-by: Marcono1234 <Marcono1234@users.noreply.github.com>  * PR Feedback: $next-version$, don't hardcode  Co-authored-by: Marcono1234 <Marcono1234@users.noreply.github.com>  * s/testNewlineLF/testNewlineLf/  Co-authored-by: Marcono1234 <Marcono1234@users.noreply.github.com>  * Implement PR feedback  * Round two of review  * Restore copyright year, no reason to update  * Rename OS named enum values to CR and LF  * Add javadoc to NewlineStyle.getValue()  * Implement PR feedback, round 2  * Fix typo  Co-authored-by: Marcono1234 <Marcono1234@users.noreply.github.com>  * No need for line break  Co-authored-by: Marcono1234 <Marcono1234@users.noreply.github.com>  * Shorter, cleaner doc  Co-authored-by: Marcono1234 <Marcono1234@users.noreply.github.com>  * Using a FormattingStyle for pretty print  * Fix Junit4 and Truth after merge from master  * Implement review feedback  * Double backslash in message  ---------  Co-authored-by: Marcono1234 <Marcono1234@users.noreply.github.com>",1
gson/src/main/java/com/google/gson/JsonPrimitive.java,15,2,10,45,157,14,37,40,24,24,0,11,3,gson,https://github.com/google/gson.git,19f54ee6ed33b7517c729c801bc57c8c0478be7d,af2179843601c73aa96062208d8f324a45243e47,"Fixes #776: Add settings for the kind of newline to use (#2231)  * Add settings for kind of newline to use  * Fix amp in javadoc  * Fixing link in javadoc  * Doc: use JSON instead of Json  Co-authored-by: Marcono1234 <Marcono1234@users.noreply.github.com>  * PR Feedback: Objects.requireNonNull  Co-authored-by: Marcono1234 <Marcono1234@users.noreply.github.com>  * PR Feedback: $next-version$, don't hardcode  Co-authored-by: Marcono1234 <Marcono1234@users.noreply.github.com>  * s/testNewlineLF/testNewlineLf/  Co-authored-by: Marcono1234 <Marcono1234@users.noreply.github.com>  * Implement PR feedback  * Round two of review  * Restore copyright year, no reason to update  * Rename OS named enum values to CR and LF  * Add javadoc to NewlineStyle.getValue()  * Implement PR feedback, round 2  * Fix typo  Co-authored-by: Marcono1234 <Marcono1234@users.noreply.github.com>  * No need for line break  Co-authored-by: Marcono1234 <Marcono1234@users.noreply.github.com>  * Shorter, cleaner doc  Co-authored-by: Marcono1234 <Marcono1234@users.noreply.github.com>  * Using a FormattingStyle for pretty print  * Fix Junit4 and Truth after merge from master  * Implement review feedback  * Double backslash in message  ---------  Co-authored-by: Marcono1234 <Marcono1234@users.noreply.github.com>",1
gson/src/main/java/com/google/gson/stream/JsonWriter.java,14,2,34,76,339,106,42,54,11,15,5,58,5,gson,https://github.com/google/gson.git,19f54ee6ed33b7517c729c801bc57c8c0478be7d,af2179843601c73aa96062208d8f324a45243e47,"Fixes #776: Add settings for the kind of newline to use (#2231)  * Add settings for kind of newline to use  * Fix amp in javadoc  * Fixing link in javadoc  * Doc: use JSON instead of Json  Co-authored-by: Marcono1234 <Marcono1234@users.noreply.github.com>  * PR Feedback: Objects.requireNonNull  Co-authored-by: Marcono1234 <Marcono1234@users.noreply.github.com>  * PR Feedback: $next-version$, don't hardcode  Co-authored-by: Marcono1234 <Marcono1234@users.noreply.github.com>  * s/testNewlineLF/testNewlineLf/  Co-authored-by: Marcono1234 <Marcono1234@users.noreply.github.com>  * Implement PR feedback  * Round two of review  * Restore copyright year, no reason to update  * Rename OS named enum values to CR and LF  * Add javadoc to NewlineStyle.getValue()  * Implement PR feedback, round 2  * Fix typo  Co-authored-by: Marcono1234 <Marcono1234@users.noreply.github.com>  * No need for line break  Co-authored-by: Marcono1234 <Marcono1234@users.noreply.github.com>  * Shorter, cleaner doc  Co-authored-by: Marcono1234 <Marcono1234@users.noreply.github.com>  * Using a FormattingStyle for pretty print  * Fix Junit4 and Truth after merge from master  * Implement review feedback  * Double backslash in message  ---------  Co-authored-by: Marcono1234 <Marcono1234@users.noreply.github.com>",1
gson/src/main/java/module-info.java,0,1,0,0,8,0,0,0,0,0,0,0,1,gson,https://github.com/google/gson.git,19f54ee6ed33b7517c729c801bc57c8c0478be7d,af2179843601c73aa96062208d8f324a45243e47,"Fixes #776: Add settings for the kind of newline to use (#2231)  * Add settings for kind of newline to use  * Fix amp in javadoc  * Fixing link in javadoc  * Doc: use JSON instead of Json  Co-authored-by: Marcono1234 <Marcono1234@users.noreply.github.com>  * PR Feedback: Objects.requireNonNull  Co-authored-by: Marcono1234 <Marcono1234@users.noreply.github.com>  * PR Feedback: $next-version$, don't hardcode  Co-authored-by: Marcono1234 <Marcono1234@users.noreply.github.com>  * s/testNewlineLF/testNewlineLf/  Co-authored-by: Marcono1234 <Marcono1234@users.noreply.github.com>  * Implement PR feedback  * Round two of review  * Restore copyright year, no reason to update  * Rename OS named enum values to CR and LF  * Add javadoc to NewlineStyle.getValue()  * Implement PR feedback, round 2  * Fix typo  Co-authored-by: Marcono1234 <Marcono1234@users.noreply.github.com>  * No need for line break  Co-authored-by: Marcono1234 <Marcono1234@users.noreply.github.com>  * Shorter, cleaner doc  Co-authored-by: Marcono1234 <Marcono1234@users.noreply.github.com>  * Using a FormattingStyle for pretty print  * Fix Junit4 and Truth after merge from master  * Implement review feedback  * Double backslash in message  ---------  Co-authored-by: Marcono1234 <Marcono1234@users.noreply.github.com>",1
gson/src/main/java/com/google/gson/JsonPrimitive.java,14,2,10,37,152,14,37,40,24,24,0,11,3,gson,https://github.com/google/gson.git,af2179843601c73aa96062208d8f324a45243e47,9f26679e7a96f0bb9952c326b2d9f79ef03ea9f5,"Fix the `equals` method of `JsonPrimitive` to work with `BigInteger` (#2311)  * Fix the `equals` method of `JsonPrimitive` to work with BigInteger  * Improve the `equals` & `getAsBigInteger` methods in `JsonPrimitive`",1
gson/src/main/java/com/google/gson/JsonStreamParser.java,1,1,21,6,54,9,4,11,4,4,0,4,4,gson,https://github.com/google/gson.git,f63a1b85aec695f4d464e07a5c13fc038d581527,6c3cf2243581c6ade4d6341b7d46884528261108,"Remove EOFException special casing of JsonStreamParser.next() (#2281)  * Remove EOFException special casing of JsonStreamParser.next()  The previous behavior violated the Iterator contract where for `JsonStreamParser(""["")` a call to `hasNext()` would return true, but `next()` would throw a NoSuchElementException.  * Fix incorrect documented thrown exception type for JsonStreamParser",1
extras/src/main/java/com/google/gson/graph/GraphAdapterBuilder.java,2,1,29,47,196,110,10,27,6,9,3,40,8,gson,https://github.com/google/gson.git,0a42c31efe265368b71b629a071e7be6c9593d10,28affcbdb9cc77efd6d4cb6cf6cab4acd48f4975,"Code cleanup (#2282)  * Simplify `if` condition in JsonReader.peekNumber()  * Remove `if` to simplify a `return` in Excluder.excludeClassChecks()  * Remove redundant variable in Gson.fromJson()  * equal condition replace by `Objects.equals()` in $Gson$Types.equal()  * equal condition replace by `Objects.equals()` in LinkedTreeMap.equal()  * Replace `switch` with `if` in UtcDateTypeAdapter.read()  * Remove redundant `throws` clause in GraphAdapterBuilder.read()  * Remove redundant `throws` clause in JsonTreeReader.UNREADABLE_READER  * Remove redundant `throws` clause in JsonTreeWriter.UNREADABLE_READER  * Remove unnecessary `.initCause()` call  * Remove redundant cast in TreeTypeAdapter.GsonContextImpl.deserialize  * Replace `StringBuilder` with `String`  * Fix the import and restore the `switch`  * Fix the import  * Add the `util.Objects` import  * Fix indentation  * Add a comment to clarify the condition  * Fix indentation  * Fix imports  * Fix indentation  * Fix indentation  * Fix indentation",1
extras/src/main/java/com/google/gson/typeadapters/UtcDateTypeAdapter.java,8,2,24,77,186,25,10,30,4,4,2,60,7,gson,https://github.com/google/gson.git,0a42c31efe265368b71b629a071e7be6c9593d10,28affcbdb9cc77efd6d4cb6cf6cab4acd48f4975,"Code cleanup (#2282)  * Simplify `if` condition in JsonReader.peekNumber()  * Remove `if` to simplify a `return` in Excluder.excludeClassChecks()  * Remove redundant variable in Gson.fromJson()  * equal condition replace by `Objects.equals()` in $Gson$Types.equal()  * equal condition replace by `Objects.equals()` in LinkedTreeMap.equal()  * Replace `switch` with `if` in UtcDateTypeAdapter.read()  * Remove redundant `throws` clause in GraphAdapterBuilder.read()  * Remove redundant `throws` clause in JsonTreeReader.UNREADABLE_READER  * Remove redundant `throws` clause in JsonTreeWriter.UNREADABLE_READER  * Remove unnecessary `.initCause()` call  * Remove redundant cast in TreeTypeAdapter.GsonContextImpl.deserialize  * Replace `StringBuilder` with `String`  * Fix the import and restore the `switch`  * Fix the import  * Add the `util.Objects` import  * Fix indentation  * Add a comment to clarify the condition  * Fix indentation  * Fix imports  * Fix indentation  * Fix indentation  * Fix indentation",1
gson/src/main/java/com/google/gson/Gson.java,31,2,86,198,609,509,81,78,27,27,6,114,5,gson,https://github.com/google/gson.git,0a42c31efe265368b71b629a071e7be6c9593d10,28affcbdb9cc77efd6d4cb6cf6cab4acd48f4975,"Code cleanup (#2282)  * Simplify `if` condition in JsonReader.peekNumber()  * Remove `if` to simplify a `return` in Excluder.excludeClassChecks()  * Remove redundant variable in Gson.fromJson()  * equal condition replace by `Objects.equals()` in $Gson$Types.equal()  * equal condition replace by `Objects.equals()` in LinkedTreeMap.equal()  * Replace `switch` with `if` in UtcDateTypeAdapter.read()  * Remove redundant `throws` clause in GraphAdapterBuilder.read()  * Remove redundant `throws` clause in JsonTreeReader.UNREADABLE_READER  * Remove redundant `throws` clause in JsonTreeWriter.UNREADABLE_READER  * Remove unnecessary `.initCause()` call  * Remove redundant cast in TreeTypeAdapter.GsonContextImpl.deserialize  * Replace `StringBuilder` with `String`  * Fix the import and restore the `switch`  * Fix the import  * Add the `util.Objects` import  * Fix indentation  * Add a comment to clarify the condition  * Fix indentation  * Fix imports  * Fix indentation  * Fix indentation  * Fix indentation",1
gson/src/main/java/com/google/gson/internal/$Gson$Types.java,13,2,29,102,432,144,69,119,57,57,7,90,7,gson,https://github.com/google/gson.git,0a42c31efe265368b71b629a071e7be6c9593d10,28affcbdb9cc77efd6d4cb6cf6cab4acd48f4975,"Code cleanup (#2282)  * Simplify `if` condition in JsonReader.peekNumber()  * Remove `if` to simplify a `return` in Excluder.excludeClassChecks()  * Remove redundant variable in Gson.fromJson()  * equal condition replace by `Objects.equals()` in $Gson$Types.equal()  * equal condition replace by `Objects.equals()` in LinkedTreeMap.equal()  * Replace `switch` with `if` in UtcDateTypeAdapter.read()  * Remove redundant `throws` clause in GraphAdapterBuilder.read()  * Remove redundant `throws` clause in JsonTreeReader.UNREADABLE_READER  * Remove redundant `throws` clause in JsonTreeWriter.UNREADABLE_READER  * Remove unnecessary `.initCause()` call  * Remove redundant cast in TreeTypeAdapter.GsonContextImpl.deserialize  * Replace `StringBuilder` with `String`  * Fix the import and restore the `switch`  * Fix the import  * Add the `util.Objects` import  * Fix indentation  * Add a comment to clarify the condition  * Fix indentation  * Fix imports  * Fix indentation  * Fix indentation  * Fix indentation",1
gson/src/main/java/com/google/gson/internal/Excluder.java,2,1,20,32,189,52,35,42,16,18,3,31,5,gson,https://github.com/google/gson.git,0a42c31efe265368b71b629a071e7be6c9593d10,28affcbdb9cc77efd6d4cb6cf6cab4acd48f4975,"Code cleanup (#2282)  * Simplify `if` condition in JsonReader.peekNumber()  * Remove `if` to simplify a `return` in Excluder.excludeClassChecks()  * Remove redundant variable in Gson.fromJson()  * equal condition replace by `Objects.equals()` in $Gson$Types.equal()  * equal condition replace by `Objects.equals()` in LinkedTreeMap.equal()  * Replace `switch` with `if` in UtcDateTypeAdapter.read()  * Remove redundant `throws` clause in GraphAdapterBuilder.read()  * Remove redundant `throws` clause in JsonTreeReader.UNREADABLE_READER  * Remove redundant `throws` clause in JsonTreeWriter.UNREADABLE_READER  * Remove unnecessary `.initCause()` call  * Remove redundant cast in TreeTypeAdapter.GsonContextImpl.deserialize  * Replace `StringBuilder` with `String`  * Fix the import and restore the `switch`  * Fix the import  * Add the `util.Objects` import  * Fix indentation  * Add a comment to clarify the condition  * Fix indentation  * Fix imports  * Fix indentation  * Fix indentation  * Fix indentation",1
gson/src/main/java/com/google/gson/internal/LinkedTreeMap.java,7,2,23,30,463,286,41,92,48,50,4,135,5,gson,https://github.com/google/gson.git,0a42c31efe265368b71b629a071e7be6c9593d10,28affcbdb9cc77efd6d4cb6cf6cab4acd48f4975,"Code cleanup (#2282)  * Simplify `if` condition in JsonReader.peekNumber()  * Remove `if` to simplify a `return` in Excluder.excludeClassChecks()  * Remove redundant variable in Gson.fromJson()  * equal condition replace by `Objects.equals()` in $Gson$Types.equal()  * equal condition replace by `Objects.equals()` in LinkedTreeMap.equal()  * Replace `switch` with `if` in UtcDateTypeAdapter.read()  * Remove redundant `throws` clause in GraphAdapterBuilder.read()  * Remove redundant `throws` clause in JsonTreeReader.UNREADABLE_READER  * Remove redundant `throws` clause in JsonTreeWriter.UNREADABLE_READER  * Remove unnecessary `.initCause()` call  * Remove redundant cast in TreeTypeAdapter.GsonContextImpl.deserialize  * Replace `StringBuilder` with `String`  * Fix the import and restore the `switch`  * Fix the import  * Add the `util.Objects` import  * Fix indentation  * Add a comment to clarify the condition  * Fix indentation  * Fix imports  * Fix indentation  * Fix indentation  * Fix indentation",1
gson/src/main/java/com/google/gson/internal/bind/JsonTreeReader.java,5,2,29,34,290,57,26,55,18,18,1,46,6,gson,https://github.com/google/gson.git,0a42c31efe265368b71b629a071e7be6c9593d10,28affcbdb9cc77efd6d4cb6cf6cab4acd48f4975,"Code cleanup (#2282)  * Simplify `if` condition in JsonReader.peekNumber()  * Remove `if` to simplify a `return` in Excluder.excludeClassChecks()  * Remove redundant variable in Gson.fromJson()  * equal condition replace by `Objects.equals()` in $Gson$Types.equal()  * equal condition replace by `Objects.equals()` in LinkedTreeMap.equal()  * Replace `switch` with `if` in UtcDateTypeAdapter.read()  * Remove redundant `throws` clause in GraphAdapterBuilder.read()  * Remove redundant `throws` clause in JsonTreeReader.UNREADABLE_READER  * Remove redundant `throws` clause in JsonTreeWriter.UNREADABLE_READER  * Remove unnecessary `.initCause()` call  * Remove redundant cast in TreeTypeAdapter.GsonContextImpl.deserialize  * Replace `StringBuilder` with `String`  * Fix the import and restore the `switch`  * Fix the import  * Add the `util.Objects` import  * Fix indentation  * Add a comment to clarify the condition  * Fix indentation  * Fix imports  * Fix indentation  * Fix indentation  * Fix indentation",1
gson/src/main/java/com/google/gson/internal/bind/JsonTreeWriter.java,7,2,38,26,169,12,18,25,5,6,0,15,4,gson,https://github.com/google/gson.git,0a42c31efe265368b71b629a071e7be6c9593d10,28affcbdb9cc77efd6d4cb6cf6cab4acd48f4975,"Code cleanup (#2282)  * Simplify `if` condition in JsonReader.peekNumber()  * Remove `if` to simplify a `return` in Excluder.excludeClassChecks()  * Remove redundant variable in Gson.fromJson()  * equal condition replace by `Objects.equals()` in $Gson$Types.equal()  * equal condition replace by `Objects.equals()` in LinkedTreeMap.equal()  * Replace `switch` with `if` in UtcDateTypeAdapter.read()  * Remove redundant `throws` clause in GraphAdapterBuilder.read()  * Remove redundant `throws` clause in JsonTreeReader.UNREADABLE_READER  * Remove redundant `throws` clause in JsonTreeWriter.UNREADABLE_READER  * Remove unnecessary `.initCause()` call  * Remove redundant cast in TreeTypeAdapter.GsonContextImpl.deserialize  * Replace `StringBuilder` with `String`  * Fix the import and restore the `switch`  * Fix the import  * Add the `util.Objects` import  * Fix indentation  * Add a comment to clarify the condition  * Fix indentation  * Fix imports  * Fix indentation  * Fix indentation  * Fix indentation",1
gson/src/main/java/com/google/gson/internal/bind/TreeTypeAdapter.java,3,2,20,23,126,76,14,14,10,10,0,18,3,gson,https://github.com/google/gson.git,0a42c31efe265368b71b629a071e7be6c9593d10,28affcbdb9cc77efd6d4cb6cf6cab4acd48f4975,"Code cleanup (#2282)  * Simplify `if` condition in JsonReader.peekNumber()  * Remove `if` to simplify a `return` in Excluder.excludeClassChecks()  * Remove redundant variable in Gson.fromJson()  * equal condition replace by `Objects.equals()` in $Gson$Types.equal()  * equal condition replace by `Objects.equals()` in LinkedTreeMap.equal()  * Replace `switch` with `if` in UtcDateTypeAdapter.read()  * Remove redundant `throws` clause in GraphAdapterBuilder.read()  * Remove redundant `throws` clause in JsonTreeReader.UNREADABLE_READER  * Remove redundant `throws` clause in JsonTreeWriter.UNREADABLE_READER  * Remove unnecessary `.initCause()` call  * Remove redundant cast in TreeTypeAdapter.GsonContextImpl.deserialize  * Replace `StringBuilder` with `String`  * Fix the import and restore the `switch`  * Fix the import  * Add the `util.Objects` import  * Fix indentation  * Add a comment to clarify the condition  * Fix indentation  * Fix imports  * Fix indentation  * Fix indentation  * Fix indentation",1
gson/src/main/java/com/google/gson/stream/JsonReader.java,18,1,45,83,1115,417,92,237,51,54,22,337,5,gson,https://github.com/google/gson.git,0a42c31efe265368b71b629a071e7be6c9593d10,28affcbdb9cc77efd6d4cb6cf6cab4acd48f4975,"Code cleanup (#2282)  * Simplify `if` condition in JsonReader.peekNumber()  * Remove `if` to simplify a `return` in Excluder.excludeClassChecks()  * Remove redundant variable in Gson.fromJson()  * equal condition replace by `Objects.equals()` in $Gson$Types.equal()  * equal condition replace by `Objects.equals()` in LinkedTreeMap.equal()  * Replace `switch` with `if` in UtcDateTypeAdapter.read()  * Remove redundant `throws` clause in GraphAdapterBuilder.read()  * Remove redundant `throws` clause in JsonTreeReader.UNREADABLE_READER  * Remove redundant `throws` clause in JsonTreeWriter.UNREADABLE_READER  * Remove unnecessary `.initCause()` call  * Remove redundant cast in TreeTypeAdapter.GsonContextImpl.deserialize  * Replace `StringBuilder` with `String`  * Fix the import and restore the `switch`  * Fix the import  * Add the `util.Objects` import  * Fix indentation  * Add a comment to clarify the condition  * Fix indentation  * Fix imports  * Fix indentation  * Fix indentation  * Fix indentation",1
metrics/src/main/java/com/google/gson/metrics/BagOfPrimitives.java,1,1,1,19,60,12,12,14,3,7,0,17,3,gson,https://github.com/google/gson.git,0a42c31efe265368b71b629a071e7be6c9593d10,28affcbdb9cc77efd6d4cb6cf6cab4acd48f4975,"Code cleanup (#2282)  * Simplify `if` condition in JsonReader.peekNumber()  * Remove `if` to simplify a `return` in Excluder.excludeClassChecks()  * Remove redundant variable in Gson.fromJson()  * equal condition replace by `Objects.equals()` in $Gson$Types.equal()  * equal condition replace by `Objects.equals()` in LinkedTreeMap.equal()  * Replace `switch` with `if` in UtcDateTypeAdapter.read()  * Remove redundant `throws` clause in GraphAdapterBuilder.read()  * Remove redundant `throws` clause in JsonTreeReader.UNREADABLE_READER  * Remove redundant `throws` clause in JsonTreeWriter.UNREADABLE_READER  * Remove unnecessary `.initCause()` call  * Remove redundant cast in TreeTypeAdapter.GsonContextImpl.deserialize  * Replace `StringBuilder` with `String`  * Fix the import and restore the `switch`  * Fix the import  * Add the `util.Objects` import  * Fix indentation  * Add a comment to clarify the condition  * Fix indentation  * Fix imports  * Fix indentation  * Fix indentation  * Fix indentation",1
gson/src/main/java/com/google/gson/JsonDeserializer.java,0,1,4,4,6,42,3,2,2,2,0,4,2,gson,https://github.com/google/gson.git,c9c8e8f1bc34eafda7c331862642db79821e393a,e4c3b653a6bdac992d64822796af95ff8e74a625,Fix the javadoc of JsonDeserializer.deserialize() (#2243),1
gson/src/main/java/com/google/gson/Gson.java,31,2,86,198,605,499,80,77,27,28,5,113,5,gson,https://github.com/google/gson.git,e4c3b653a6bdac992d64822796af95ff8e74a625,6c27553c8375515e9522facf5ea82b8161d5ffb2,"Fix non-threadsafe creation of adapter for type with cyclic dependency (#1832)  * Fix non-threadsafe creation of adapter for type with cyclic dependency  * Improve handling of broken adapters during Gson.getAdapter(...) call  * Improve test  * Slightly improve implementation and extend tests  * Simplify getAdapter implementation  * Convert GsonTest to JUnit 4 test  * Clarify getAdapter concurrency behavior",1
gson/src/main/java/com/google/gson/JsonDeserializer.java,0,1,4,4,6,40,3,2,2,2,0,4,2,gson,https://github.com/google/gson.git,e4c3b653a6bdac992d64822796af95ff8e74a625,6c27553c8375515e9522facf5ea82b8161d5ffb2,"Fix non-threadsafe creation of adapter for type with cyclic dependency (#1832)  * Fix non-threadsafe creation of adapter for type with cyclic dependency  * Improve handling of broken adapters during Gson.getAdapter(...) call  * Improve test  * Slightly improve implementation and extend tests  * Simplify getAdapter implementation  * Convert GsonTest to JUnit 4 test  * Clarify getAdapter concurrency behavior",1
gson/src/main/java/com/google/gson/JsonSerializer.java,0,1,4,3,5,38,3,3,3,3,0,3,2,gson,https://github.com/google/gson.git,e4c3b653a6bdac992d64822796af95ff8e74a625,6c27553c8375515e9522facf5ea82b8161d5ffb2,"Fix non-threadsafe creation of adapter for type with cyclic dependency (#1832)  * Fix non-threadsafe creation of adapter for type with cyclic dependency  * Improve handling of broken adapters during Gson.getAdapter(...) call  * Improve test  * Slightly improve implementation and extend tests  * Simplify getAdapter implementation  * Convert GsonTest to JUnit 4 test  * Clarify getAdapter concurrency behavior",1
gson/src/main/java/com/google/gson/TypeAdapter.java,2,2,26,33,72,88,20,14,5,5,0,20,5,gson,https://github.com/google/gson.git,e4c3b653a6bdac992d64822796af95ff8e74a625,6c27553c8375515e9522facf5ea82b8161d5ffb2,"Fix non-threadsafe creation of adapter for type with cyclic dependency (#1832)  * Fix non-threadsafe creation of adapter for type with cyclic dependency  * Improve handling of broken adapters during Gson.getAdapter(...) call  * Improve test  * Slightly improve implementation and extend tests  * Simplify getAdapter implementation  * Convert GsonTest to JUnit 4 test  * Clarify getAdapter concurrency behavior",1
gson/src/main/java/com/google/gson/internal/bind/ReflectiveTypeAdapterFactory.java,36,2,50,110,402,140,20,65,17,17,7,77,7,gson,https://github.com/google/gson.git,6c27553c8375515e9522facf5ea82b8161d5ffb2,bc04dd20b969cb8a6999282b6749266b9f477bcf,Improve exception message for duplicate field names (#2251),1
gson/src/main/java/com/google/gson/internal/reflect/ReflectionHelper.java,7,2,16,46,188,73,14,36,21,21,3,29,5,gson,https://github.com/google/gson.git,6c27553c8375515e9522facf5ea82b8161d5ffb2,bc04dd20b969cb8a6999282b6749266b9f477bcf,Improve exception message for duplicate field names (#2251),1
gson/src/main/java/com/google/gson/JsonObject.java,0,2,8,17,72,24,23,20,19,19,1,2,3,gson,https://github.com/google/gson.git,ceb3b8747ece88cc9f8422420fefccb95b83860f,92b7ae0ca066acbfebdd5c02516ddb95ef564c98,"Added JsonObject method isEmpty() (#2233)  * Added isEmpty()  * Fixed Javadoc typo  * Changed test to use assertTrue() and assertFalse()",1
gson/src/main/java/com/google/gson/internal/bind/JsonTreeReader.java,5,2,29,34,289,57,26,55,18,18,1,45,6,gson,https://github.com/google/gson.git,9578583effe9c6acc1296e856eeb81bfd75581d0,66d9621ce87c04a5167ee04097694093b13b514c,"Small tweaks to fix Error Prone warnings. (#2227)  * Small tweaks to fix Error Prone warnings.  * Add another suppression.",1
gson/src/main/java/com/google/gson/internal/ConstructorConstructor.java,11,1,43,44,294,132,49,65,31,31,0,25,8,gson,https://github.com/google/gson.git,66d9621ce87c04a5167ee04097694093b13b514c,954d526af4ad9e58872e7a64f92e749421d1cdf5,"Adjust Record adapter and extend test coverage (#2224)  * Adjust Record adapter and extend test coverage  * Address review feedback  * Make constructor string more concise  * Add tests for Gson default behavior for static fields  * Improve exception for deserializing static final field  Previously it would report ""Unexpected IllegalAccessException occurred..."" due to the uncaught IllegalAccessException.  * Improve handling of exception thrown by accessor  Such an exception is not 'unexpected' (which was claimed by the previous exception handling) because user code could throw it.  * Improve constructor invocation exception handling and add tests",1
gson/src/main/java/com/google/gson/internal/bind/ReflectiveTypeAdapterFactory.java,25,2,41,96,357,131,20,53,14,14,7,68,6,gson,https://github.com/google/gson.git,66d9621ce87c04a5167ee04097694093b13b514c,954d526af4ad9e58872e7a64f92e749421d1cdf5,"Adjust Record adapter and extend test coverage (#2224)  * Adjust Record adapter and extend test coverage  * Address review feedback  * Make constructor string more concise  * Add tests for Gson default behavior for static fields  * Improve exception for deserializing static final field  Previously it would report ""Unexpected IllegalAccessException occurred..."" due to the uncaught IllegalAccessException.  * Improve handling of exception thrown by accessor  Such an exception is not 'unexpected' (which was claimed by the previous exception handling) because user code could throw it.  * Improve constructor invocation exception handling and add tests",1
gson/src/main/java/com/google/gson/internal/reflect/ReflectionHelper.java,5,2,15,40,171,69,13,28,17,17,3,19,5,gson,https://github.com/google/gson.git,66d9621ce87c04a5167ee04097694093b13b514c,954d526af4ad9e58872e7a64f92e749421d1cdf5,"Adjust Record adapter and extend test coverage (#2224)  * Adjust Record adapter and extend test coverage  * Address review feedback  * Make constructor string more concise  * Add tests for Gson default behavior for static fields  * Improve exception for deserializing static final field  Previously it would report ""Unexpected IllegalAccessException occurred..."" due to the uncaught IllegalAccessException.  * Improve handling of exception thrown by accessor  Such an exception is not 'unexpected' (which was claimed by the previous exception handling) because user code could throw it.  * Improve constructor invocation exception handling and add tests",1
gson/src/main/java/com/google/gson/internal/bind/ReflectiveTypeAdapterFactory.java,25,2,42,90,349,117,19,54,13,13,8,66,6,gson,https://github.com/google/gson.git,86c35bba3091afe70f38598b04ba89b7e8f539f7,a0dc7bfdddfe488510edde8d8abb0727743394c4,"Small adjustments to the new record code. (#2219)  * Small adjustments to the new record code.  * Replace wildcard imports with single imports. * Enable `Java17RecordTest` and fix its many previously-hidden problems. * Use a `Map` to get primitive zero values rather than a potentially-expensive reflective trick. * Apply some automated code fixes.  * Address review comments.",1
gson/src/main/java/com/google/gson/internal/reflect/ReflectionHelper.java,5,2,12,43,170,69,13,28,17,17,3,20,5,gson,https://github.com/google/gson.git,86c35bba3091afe70f38598b04ba89b7e8f539f7,a0dc7bfdddfe488510edde8d8abb0727743394c4,"Small adjustments to the new record code. (#2219)  * Small adjustments to the new record code.  * Replace wildcard imports with single imports. * Enable `Java17RecordTest` and fix its many previously-hidden problems. * Use a `Map` to get primitive zero values rather than a potentially-expensive reflective trick. * Apply some automated code fixes.  * Address review comments.",1
gson/src/main/java/com/google/gson/internal/bind/ReflectiveTypeAdapterFactory.java,15,2,35,67,242,81,14,41,9,9,6,52,6,gson,https://github.com/google/gson.git,a0dc7bfdddfe488510edde8d8abb0727743394c4,8451c1fa63f5198daf38498869836e85c85bdd08,"Support Java Records when present in JVM. (#2201)  * Support Java Records when present in JVM.  Fixes google/gson#1794  Added support in the ReflectionHelper to detect if a class is a record on the JVM (via reflection), and if so, we will create a special RecordAdapter to deserialize records, using the canoncial constructor.  The ReflectionTypeAdapterFactory had to be refactored a bit to support this. The Adapter class inside the factory is now abstract, with concrete implementations for normal field reflection and for Records. The common code is in the Adapter, with each implementation deserializing values into an intermediary object.  For the FieldReflectionAdapter, the intermediary is actually the final result, and field access is used to write to fields as before. For the RecordAdapter the intermediary is the Object[] to pass to the Record constructor.  * Fixed comments from @Marcono1234  Also updated so that we now use the record accessor method to read out values from a record, so that direct field access is not necessary.  Also added some tests, that should only execute on Java versions with record support, and be ignored for other JVMs  * Fixed additional comments from @Marcono1234  * Made Adapter in ReflectiveTypeAdapterFactory public  Fix comment from @eamonnmcmanus",1
gson/src/main/java/com/google/gson/internal/reflect/ReflectionHelper.java,0,1,7,19,47,9,4,8,4,4,1,3,4,gson,https://github.com/google/gson.git,a0dc7bfdddfe488510edde8d8abb0727743394c4,8451c1fa63f5198daf38498869836e85c85bdd08,"Support Java Records when present in JVM. (#2201)  * Support Java Records when present in JVM.  Fixes google/gson#1794  Added support in the ReflectionHelper to detect if a class is a record on the JVM (via reflection), and if so, we will create a special RecordAdapter to deserialize records, using the canoncial constructor.  The ReflectionTypeAdapterFactory had to be refactored a bit to support this. The Adapter class inside the factory is now abstract, with concrete implementations for normal field reflection and for Records. The common code is in the Adapter, with each implementation deserializing values into an intermediary object.  For the FieldReflectionAdapter, the intermediary is actually the final result, and field access is used to write to fields as before. For the RecordAdapter the intermediary is the Object[] to pass to the Record constructor.  * Fixed comments from @Marcono1234  Also updated so that we now use the record accessor method to read out values from a record, so that direct field access is not necessary.  Also added some tests, that should only execute on Java versions with record support, and be ignored for other JVMs  * Fixed additional comments from @Marcono1234  * Made Adapter in ReflectiveTypeAdapterFactory public  Fix comment from @eamonnmcmanus",1
gson/src/main/java/com/google/gson/Gson.java,31,2,86,198,601,496,78,76,25,26,5,113,5,gson,https://github.com/google/gson.git,8451c1fa63f5198daf38498869836e85c85bdd08,5269701679295d8143ec578e25f68fe25594f46a,"Fix TypeAdapterRuntimeTypeWrapper not detecting reflective TreeTypeAdapter and FutureTypeAdapter (#1787)  * Fix TypeAdapterRuntimeTypeWrapper not detecting reflective TreeTypeAdapter  Previously on serialization TypeAdapterRuntimeTypeWrapper preferred a TreeTypeAdapter without `serializer` which falls back to the reflective adapter. This behavior was incorrect because it caused the reflective adapter for a Base class to be used for serialization (indirectly as TreeTypeAdapter delegate) instead of using the reflective adapter for a Subclass extending Base.  * Address review feedback  * Convert TypeAdapterRuntimeTypeWrapperTest to JUnit 4 test  * Prefer wrapped reflective adapter for serialization of subclass  * Detect reflective adapter used as delegate for Gson.FutureTypeAdapter  * Tiny style tweak.  Co-authored-by: Éamonn McManus <emcmanus@google.com>",1
gson/src/main/java/com/google/gson/internal/bind/TreeTypeAdapter.java,3,2,20,23,123,73,13,13,9,9,0,18,3,gson,https://github.com/google/gson.git,8451c1fa63f5198daf38498869836e85c85bdd08,5269701679295d8143ec578e25f68fe25594f46a,"Fix TypeAdapterRuntimeTypeWrapper not detecting reflective TreeTypeAdapter and FutureTypeAdapter (#1787)  * Fix TypeAdapterRuntimeTypeWrapper not detecting reflective TreeTypeAdapter  Previously on serialization TypeAdapterRuntimeTypeWrapper preferred a TreeTypeAdapter without `serializer` which falls back to the reflective adapter. This behavior was incorrect because it caused the reflective adapter for a Base class to be used for serialization (indirectly as TreeTypeAdapter delegate) instead of using the reflective adapter for a Subclass extending Base.  * Address review feedback  * Convert TypeAdapterRuntimeTypeWrapperTest to JUnit 4 test  * Prefer wrapped reflective adapter for serialization of subclass  * Detect reflective adapter used as delegate for Gson.FutureTypeAdapter  * Tiny style tweak.  Co-authored-by: Éamonn McManus <emcmanus@google.com>",1
gson/src/main/java/com/google/gson/internal/bind/TypeAdapterRuntimeTypeWrapper.java,1,2,8,5,47,21,2,5,1,1,0,10,4,gson,https://github.com/google/gson.git,8451c1fa63f5198daf38498869836e85c85bdd08,5269701679295d8143ec578e25f68fe25594f46a,"Fix TypeAdapterRuntimeTypeWrapper not detecting reflective TreeTypeAdapter and FutureTypeAdapter (#1787)  * Fix TypeAdapterRuntimeTypeWrapper not detecting reflective TreeTypeAdapter  Previously on serialization TypeAdapterRuntimeTypeWrapper preferred a TreeTypeAdapter without `serializer` which falls back to the reflective adapter. This behavior was incorrect because it caused the reflective adapter for a Base class to be used for serialization (indirectly as TreeTypeAdapter delegate) instead of using the reflective adapter for a Subclass extending Base.  * Address review feedback  * Convert TypeAdapterRuntimeTypeWrapperTest to JUnit 4 test  * Prefer wrapped reflective adapter for serialization of subclass  * Detect reflective adapter used as delegate for Gson.FutureTypeAdapter  * Tiny style tweak.  Co-authored-by: Éamonn McManus <emcmanus@google.com>",1
gson/src/main/java/com/google/gson/internal/bind/JsonTreeReader.java,5,2,29,34,277,57,25,56,18,18,1,45,6,gson,https://github.com/google/gson.git,5269701679295d8143ec578e25f68fe25594f46a,e614e71ee43ca7bc1cb466bd1eaf4d85499900d9,"Improve `JsonReader.skipValue()` (#2062)  * Fix JsonReader.skipValue() not behaving properly at end of document  JsonReader implementation erroneously reset `peeked` to PEEKED_NONE; JsonTreeReader threw ArrayIndexOutOfBoundsException.  * Fix JsonReader.skipValue() not behaving properly at end of array and object  For JsonReader this caused an IllegalStateException (in the past it caused JsonReader to get stuck in an infinite loop); for JsonTreeReader it only popped the empty iterator but not the JsonArray or JsonObject, which caused peek() to again report END_ARRAY or END_OBJECT.  * Only have JsonReader.skipValue() overwrite path name when name was skipped  This improves the JSON path when the value for a property was skipped and before the subsequent property (or the end of the object) getPath() is called.  * Address feedback; improve test coverage  Co-authored-by: Éamonn McManus <emcmanus@google.com>",1
gson/src/main/java/com/google/gson/stream/JsonReader.java,18,1,45,83,1084,392,91,243,54,57,22,334,5,gson,https://github.com/google/gson.git,5269701679295d8143ec578e25f68fe25594f46a,e614e71ee43ca7bc1cb466bd1eaf4d85499900d9,"Improve `JsonReader.skipValue()` (#2062)  * Fix JsonReader.skipValue() not behaving properly at end of document  JsonReader implementation erroneously reset `peeked` to PEEKED_NONE; JsonTreeReader threw ArrayIndexOutOfBoundsException.  * Fix JsonReader.skipValue() not behaving properly at end of array and object  For JsonReader this caused an IllegalStateException (in the past it caused JsonReader to get stuck in an infinite loop); for JsonTreeReader it only popped the empty iterator but not the JsonArray or JsonObject, which caused peek() to again report END_ARRAY or END_OBJECT.  * Only have JsonReader.skipValue() overwrite path name when name was skipped  This improves the JSON path when the value for a property was skipped and before the subsequent property (or the end of the object) getPath() is called.  * Address feedback; improve test coverage  Co-authored-by: Éamonn McManus <emcmanus@google.com>",1
gson/src/main/java/com/google/gson/Gson.java,30,2,86,197,600,496,78,76,25,26,5,112,5,gson,https://github.com/google/gson.git,3e3266cf48f132928225e1561a6ae4cb5503d08f,796193d0326a2f44bc314bf24262732ea3e64014,"Perform numeric conversion for primitive numeric type adapters (#2158)  * Perform numeric conversion for primitive numeric type adapters  This should probably not be visible to the user unless they use the non-typesafe `Gson.toJson(Object, Type)` where unrelated number types can be used, or when malformed generic containers are used. For example a `List<Byte>` containing a Float.  This change also has the advantage of avoiding `JsonWriter.value(Number)` for primitive type adapters. That method has some overhead because it needs to make sure that the value is a valid JSON number. However, for primitive numbers this check is redundant.  * Don't call `JsonWriter.value(float)` for backward compatibility  * Fix typo in comments",1
gson/src/main/java/com/google/gson/internal/bind/TypeAdapters.java,15,2,95,280,863,305,83,121,31,31,13,149,8,gson,https://github.com/google/gson.git,3e3266cf48f132928225e1561a6ae4cb5503d08f,796193d0326a2f44bc314bf24262732ea3e64014,"Perform numeric conversion for primitive numeric type adapters (#2158)  * Perform numeric conversion for primitive numeric type adapters  This should probably not be visible to the user unless they use the non-typesafe `Gson.toJson(Object, Type)` where unrelated number types can be used, or when malformed generic containers are used. For example a `List<Byte>` containing a Float.  This change also has the advantage of avoiding `JsonWriter.value(Number)` for primitive type adapters. That method has some overhead because it needs to make sure that the value is a valid JSON number. However, for primitive numbers this check is redundant.  * Don't call `JsonWriter.value(float)` for backward compatibility  * Fix typo in comments",1
gson/src/main/java/com/google/gson/GsonBuilder.java,28,1,42,76,265,203,55,42,31,31,1,85,4,gson,https://github.com/google/gson.git,47668fad57e23dacc5482e40a276a93850cec2cf,ea7ab7cd520199fdb4a8d47fe462a4a0357a58bb,Fix typo in GsonBuilder Javadoc (#2213),1
extras/src/main/java/com/google/gson/typeadapters/RuntimeTypeAdapterFactory.java,3,2,24,53,126,154,11,21,7,8,2,28,5,gson,https://github.com/google/gson.git,2591ede59bf7e4cef496a01e82282c88e256cec8,0864a02e867633cba2daa8ace94eb3a72cc880de,Fix incorrect HTML headings in Javadoc (#2200),1
gson/src/main/java/com/google/gson/TypeAdapter.java,2,2,26,33,70,88,20,13,4,4,0,20,5,gson,https://github.com/google/gson.git,2591ede59bf7e4cef496a01e82282c88e256cec8,0864a02e867633cba2daa8ace94eb3a72cc880de,Fix incorrect HTML headings in Javadoc (#2200),1
gson/src/main/java/com/google/gson/TypeAdapterFactory.java,2,1,3,36,5,97,13,13,4,4,3,10,6,gson,https://github.com/google/gson.git,2591ede59bf7e4cef496a01e82282c88e256cec8,0864a02e867633cba2daa8ace94eb3a72cc880de,Fix incorrect HTML headings in Javadoc (#2200),1
gson/src/main/java/com/google/gson/internal/bind/MapTypeAdapterFactory.java,8,2,29,79,159,105,11,23,4,4,6,33,6,gson,https://github.com/google/gson.git,2591ede59bf7e4cef496a01e82282c88e256cec8,0864a02e867633cba2daa8ace94eb3a72cc880de,Fix incorrect HTML headings in Javadoc (#2200),1
gson/src/main/java/com/google/gson/stream/JsonReader.java,18,1,45,83,1084,392,91,243,54,57,22,334,5,gson,https://github.com/google/gson.git,2591ede59bf7e4cef496a01e82282c88e256cec8,0864a02e867633cba2daa8ace94eb3a72cc880de,Fix incorrect HTML headings in Javadoc (#2200),1
gson/src/main/java/com/google/gson/stream/JsonWriter.java,14,2,34,76,339,106,42,54,11,15,5,58,5,gson,https://github.com/google/gson.git,2591ede59bf7e4cef496a01e82282c88e256cec8,0864a02e867633cba2daa8ace94eb3a72cc880de,Fix incorrect HTML headings in Javadoc (#2200),1
gson/src/main/java/com/google/gson/Gson.java,24,2,85,194,592,450,65,76,25,26,5,118,5,gson,https://github.com/google/gson.git,6b9db2e44948d410b2dbede6a4a8667782d6c04b,a733150cfa26cabfecc1169d34f2f98d8191194c,"Add Gson.fromJson(..., TypeToken) overloads (#1700)  * Add Gson.fromJson(..., TypeToken) overloads  Previously only Gson.fromJson(..., Type) existed which is however not type-safe since the generic type parameter T used for the return type is not bound. Since these methods are often used in the form   gson.fromJson(..., new TypeToken<...>(){}.getType()) this commit now adds overloads which accept a TypeToken and are therefore more type-safe.  Additional changes: - Fixed some grammar mistakes - Added javadoc @see tags - Consistently write ""JSON"" in uppercase - More precise placement of @SuppressWarnings(""unchecked"")  * Add to Gson.fromJson javadoc that JSON is fully consumed  The newly added documentation deliberately does not state which exception is thrown because Gson.assertFullConsumption could throw either a JsonIOException or a JsonSyntaxException.  * Remove unnecessary wrapping and unwrapping as TypeToken in Gson.fromJson  Since the actual implementation of Gson.fromJson is TypeToken based, the TypeToken variant overloads are now the ""main"" implementation and the other overloads delegate to them. Previously the Type variant overloads were the ""main"" implementation which caused `TypeToken.getType()` followed by `TypeToken.get(...)` when the TypeToken variant overloads were used.  * Trim source code whitespaces  * Fix Gson.fromJson(JsonReader, Class) not casting read Object  To be consistent with the other Gson.fromJson(..., Class) overloads the method should cast the result.  * Replace User Guide link in Gson documentation  * Remove more references to fromJson(..., Type)  * Extend documentation for fromJson(JsonReader, ...)  * Replace some TypeToken.getType() usages  * Address feedback; improve documentation  * Remove fromJson(JsonReader, Class) again  As noticed during review adding this method is source incompatible.",1
gson/src/main/java/com/google/gson/reflect/TypeToken.java,16,1,15,65,207,119,30,52,22,22,8,39,5,gson,https://github.com/google/gson.git,6b9db2e44948d410b2dbede6a4a8667782d6c04b,a733150cfa26cabfecc1169d34f2f98d8191194c,"Add Gson.fromJson(..., TypeToken) overloads (#1700)  * Add Gson.fromJson(..., TypeToken) overloads  Previously only Gson.fromJson(..., Type) existed which is however not type-safe since the generic type parameter T used for the return type is not bound. Since these methods are often used in the form   gson.fromJson(..., new TypeToken<...>(){}.getType()) this commit now adds overloads which accept a TypeToken and are therefore more type-safe.  Additional changes: - Fixed some grammar mistakes - Added javadoc @see tags - Consistently write ""JSON"" in uppercase - More precise placement of @SuppressWarnings(""unchecked"")  * Add to Gson.fromJson javadoc that JSON is fully consumed  The newly added documentation deliberately does not state which exception is thrown because Gson.assertFullConsumption could throw either a JsonIOException or a JsonSyntaxException.  * Remove unnecessary wrapping and unwrapping as TypeToken in Gson.fromJson  Since the actual implementation of Gson.fromJson is TypeToken based, the TypeToken variant overloads are now the ""main"" implementation and the other overloads delegate to them. Previously the Type variant overloads were the ""main"" implementation which caused `TypeToken.getType()` followed by `TypeToken.get(...)` when the TypeToken variant overloads were used.  * Trim source code whitespaces  * Fix Gson.fromJson(JsonReader, Class) not casting read Object  To be consistent with the other Gson.fromJson(..., Class) overloads the method should cast the result.  * Replace User Guide link in Gson documentation  * Remove more references to fromJson(..., Type)  * Extend documentation for fromJson(JsonReader, ...)  * Replace some TypeToken.getType() usages  * Address feedback; improve documentation  * Remove fromJson(JsonReader, Class) again  As noticed during review adding this method is source incompatible.",1
metrics/src/main/java/com/google/gson/metrics/CollectionsDeserializationBenchmark.java,1,1,20,45,99,22,0,20,0,2,9,26,8,gson,https://github.com/google/gson.git,6b9db2e44948d410b2dbede6a4a8667782d6c04b,a733150cfa26cabfecc1169d34f2f98d8191194c,"Add Gson.fromJson(..., TypeToken) overloads (#1700)  * Add Gson.fromJson(..., TypeToken) overloads  Previously only Gson.fromJson(..., Type) existed which is however not type-safe since the generic type parameter T used for the return type is not bound. Since these methods are often used in the form   gson.fromJson(..., new TypeToken<...>(){}.getType()) this commit now adds overloads which accept a TypeToken and are therefore more type-safe.  Additional changes: - Fixed some grammar mistakes - Added javadoc @see tags - Consistently write ""JSON"" in uppercase - More precise placement of @SuppressWarnings(""unchecked"")  * Add to Gson.fromJson javadoc that JSON is fully consumed  The newly added documentation deliberately does not state which exception is thrown because Gson.assertFullConsumption could throw either a JsonIOException or a JsonSyntaxException.  * Remove unnecessary wrapping and unwrapping as TypeToken in Gson.fromJson  Since the actual implementation of Gson.fromJson is TypeToken based, the TypeToken variant overloads are now the ""main"" implementation and the other overloads delegate to them. Previously the Type variant overloads were the ""main"" implementation which caused `TypeToken.getType()` followed by `TypeToken.get(...)` when the TypeToken variant overloads were used.  * Trim source code whitespaces  * Fix Gson.fromJson(JsonReader, Class) not casting read Object  To be consistent with the other Gson.fromJson(..., Class) overloads the method should cast the result.  * Replace User Guide link in Gson documentation  * Remove more references to fromJson(..., Type)  * Extend documentation for fromJson(JsonReader, ...)  * Replace some TypeToken.getType() usages  * Address feedback; improve documentation  * Remove fromJson(JsonReader, Class) again  As noticed during review adding this method is source incompatible.",1
metrics/src/main/java/com/google/gson/metrics/ParseBenchmark.java,3,1,54,65,368,38,14,21,10,12,5,23,5,gson,https://github.com/google/gson.git,6b9db2e44948d410b2dbede6a4a8667782d6c04b,a733150cfa26cabfecc1169d34f2f98d8191194c,"Add Gson.fromJson(..., TypeToken) overloads (#1700)  * Add Gson.fromJson(..., TypeToken) overloads  Previously only Gson.fromJson(..., Type) existed which is however not type-safe since the generic type parameter T used for the return type is not bound. Since these methods are often used in the form   gson.fromJson(..., new TypeToken<...>(){}.getType()) this commit now adds overloads which accept a TypeToken and are therefore more type-safe.  Additional changes: - Fixed some grammar mistakes - Added javadoc @see tags - Consistently write ""JSON"" in uppercase - More precise placement of @SuppressWarnings(""unchecked"")  * Add to Gson.fromJson javadoc that JSON is fully consumed  The newly added documentation deliberately does not state which exception is thrown because Gson.assertFullConsumption could throw either a JsonIOException or a JsonSyntaxException.  * Remove unnecessary wrapping and unwrapping as TypeToken in Gson.fromJson  Since the actual implementation of Gson.fromJson is TypeToken based, the TypeToken variant overloads are now the ""main"" implementation and the other overloads delegate to them. Previously the Type variant overloads were the ""main"" implementation which caused `TypeToken.getType()` followed by `TypeToken.get(...)` when the TypeToken variant overloads were used.  * Trim source code whitespaces  * Fix Gson.fromJson(JsonReader, Class) not casting read Object  To be consistent with the other Gson.fromJson(..., Class) overloads the method should cast the result.  * Replace User Guide link in Gson documentation  * Remove more references to fromJson(..., Type)  * Extend documentation for fromJson(JsonReader, ...)  * Replace some TypeToken.getType() usages  * Address feedback; improve documentation  * Remove fromJson(JsonReader, Class) again  As noticed during review adding this method is source incompatible.",1
gson/src/main/java/com/google/gson/JsonDeserializer.java,0,1,4,3,6,40,3,2,2,2,0,3,3,gson,https://github.com/google/gson.git,a733150cfa26cabfecc1169d34f2f98d8191194c,847d7f66380e6bd54eedcdead2a95d4037ed87ee,"updated JsonDeserializer example (#2192)  * fixed json deserializer example  * correcting the json  * updated per review  * updated per review  * updated per review",1
gson/src/main/java/com/google/gson/JsonSerializer.java,0,1,4,3,5,38,3,3,3,3,0,3,2,gson,https://github.com/google/gson.git,a733150cfa26cabfecc1169d34f2f98d8191194c,847d7f66380e6bd54eedcdead2a95d4037ed87ee,"updated JsonDeserializer example (#2192)  * fixed json deserializer example  * correcting the json  * updated per review  * updated per review  * updated per review",1
gson/src/main/java/com/google/gson/ExclusionStrategy.java,0,1,4,9,5,38,6,5,5,5,0,9,2,gson,https://github.com/google/gson.git,847d7f66380e6bd54eedcdead2a95d4037ed87ee,2266ccdd670b1e914c18aa5928ddd24c93deeed4,"Improve documentation (#2193)  * Improve JsonElement subclasses javadoc and add tests  * Slightly improve JsonSerializer and JsonDeserializer javadoc  * Improve ReflectionAccessTest failure message  * Improve documentation regarding field and class exclusion",1
gson/src/main/java/com/google/gson/GsonBuilder.java,28,1,42,76,265,179,55,42,31,31,1,84,4,gson,https://github.com/google/gson.git,847d7f66380e6bd54eedcdead2a95d4037ed87ee,2266ccdd670b1e914c18aa5928ddd24c93deeed4,"Improve documentation (#2193)  * Improve JsonElement subclasses javadoc and add tests  * Slightly improve JsonSerializer and JsonDeserializer javadoc  * Improve ReflectionAccessTest failure message  * Improve documentation regarding field and class exclusion",1
gson/src/main/java/com/google/gson/JsonArray.java,0,2,12,34,138,18,45,36,32,32,1,5,4,gson,https://github.com/google/gson.git,847d7f66380e6bd54eedcdead2a95d4037ed87ee,2266ccdd670b1e914c18aa5928ddd24c93deeed4,"Improve documentation (#2193)  * Improve JsonElement subclasses javadoc and add tests  * Slightly improve JsonSerializer and JsonDeserializer javadoc  * Improve ReflectionAccessTest failure message  * Improve documentation regarding field and class exclusion",1
gson/src/main/java/com/google/gson/JsonDeserializer.java,0,1,4,3,6,40,3,2,2,2,0,3,3,gson,https://github.com/google/gson.git,847d7f66380e6bd54eedcdead2a95d4037ed87ee,2266ccdd670b1e914c18aa5928ddd24c93deeed4,"Improve documentation (#2193)  * Improve JsonElement subclasses javadoc and add tests  * Slightly improve JsonSerializer and JsonDeserializer javadoc  * Improve ReflectionAccessTest failure message  * Improve documentation regarding field and class exclusion",1
gson/src/main/java/com/google/gson/JsonNull.java,0,2,1,1,19,1,3,4,4,4,0,1,2,gson,https://github.com/google/gson.git,847d7f66380e6bd54eedcdead2a95d4037ed87ee,2266ccdd670b1e914c18aa5928ddd24c93deeed4,"Improve documentation (#2193)  * Improve JsonElement subclasses javadoc and add tests  * Slightly improve JsonSerializer and JsonDeserializer javadoc  * Improve ReflectionAccessTest failure message  * Improve documentation regarding field and class exclusion",1
gson/src/main/java/com/google/gson/JsonObject.java,0,2,8,17,69,18,21,19,18,18,1,2,3,gson,https://github.com/google/gson.git,847d7f66380e6bd54eedcdead2a95d4037ed87ee,2266ccdd670b1e914c18aa5928ddd24c93deeed4,"Improve documentation (#2193)  * Improve JsonElement subclasses javadoc and add tests  * Slightly improve JsonSerializer and JsonDeserializer javadoc  * Improve ReflectionAccessTest failure message  * Improve documentation regarding field and class exclusion",1
gson/src/main/java/com/google/gson/JsonPrimitive.java,14,2,10,38,152,14,37,40,24,24,0,11,3,gson,https://github.com/google/gson.git,847d7f66380e6bd54eedcdead2a95d4037ed87ee,2266ccdd670b1e914c18aa5928ddd24c93deeed4,"Improve documentation (#2193)  * Improve JsonElement subclasses javadoc and add tests  * Slightly improve JsonSerializer and JsonDeserializer javadoc  * Improve ReflectionAccessTest failure message  * Improve documentation regarding field and class exclusion",1
gson/src/main/java/com/google/gson/JsonSerializer.java,0,1,4,3,5,38,3,3,3,3,0,3,2,gson,https://github.com/google/gson.git,847d7f66380e6bd54eedcdead2a95d4037ed87ee,2266ccdd670b1e914c18aa5928ddd24c93deeed4,"Improve documentation (#2193)  * Improve JsonElement subclasses javadoc and add tests  * Slightly improve JsonSerializer and JsonDeserializer javadoc  * Improve ReflectionAccessTest failure message  * Improve documentation regarding field and class exclusion",1
